y_true,y_pred,gross_return,net_return,gross_cum,net_cum
0,2,-0.0005682291812263429,-0.001568229181226343,-0.0005682291812263429,-0.001568229181226343
1,2,0.00013185646093916148,0.00013185646093916148,-0.00043637272028718144,-0.0014363727202871815
2,2,0.0010977890342473984,0.0010977890342473984,0.0006614163139602169,-0.0003385836860397831
0,0,0.0007556360214948654,-0.0012443639785051346,0.0014170523354550824,-0.0015829476645449177
0,2,-0.0003243759856559336,-0.0023243759856559337,0.0010926763497991487,-0.003907323650200851
0,2,-0.0014385567046701908,-0.0014385567046701908,-0.00034588035487104207,-0.005345880354871042
2,2,0.0013057765318080783,0.0013057765318080783,0.0009598961769370362,-0.004040103823062964
2,2,0.0007875337614677846,0.0007875337614677846,0.0017474299384048209,-0.0032525700615951792
2,2,0.0014514423673972487,0.0014514423673972487,0.0031988723058020696,-0.0018011276941979305
2,0,-0.004969292785972357,-0.006969292785972357,-0.0017704204801702872,-0.008770420480170286
2,0,-0.0014797981129959226,-0.0014797981129959226,-0.0032502185931662098,-0.010250218593166209
1,2,-0.0002502762945368886,-0.0022502762945368886,-0.0035004948877030984,-0.012500494887703098
0,0,0.0004506736295297742,-0.0015493263704702259,-0.003049821258173324,-0.014049821258173324
2,0,-0.0005721471970900893,-0.0005721471970900893,-0.0036219684552634135,-0.014621968455263413
0,0,0.00418827822431922,0.00418827822431922,0.0005663097690558061,-0.010433690230944193
2,0,-0.0006863517337478697,-0.0006863517337478697,-0.00012004196469206363,-0.011120041964692063
2,2,0.0011695001740008593,-0.0008304998259991408,0.0010494582093087956,-0.011950541790691204
2,0,-0.004982529673725367,-0.006982529673725367,-0.003933071464416571,-0.01893307146441657
1,0,-0.00018751404422800988,-0.00018751404422800988,-0.004120585508644581,-0.01912058550864458
1,2,-0.00022789642389398068,-0.0022278964238939807,-0.0043484819325385615,-0.021348481932538563
0,2,-0.0034928752575069666,-0.0034928752575069666,-0.007841357190045528,-0.02484135719004553
2,2,0.0018000190611928701,0.0018000190611928701,-0.006041338128852658,-0.02304133812885266
2,0,-0.003163151443004608,-0.005163151443004608,-0.009204489571857266,-0.02820448957185727
1,0,-0.00022811011876910925,-0.00022811011876910925,-0.009432599690626375,-0.02843259969062638
0,2,-0.002386438427492976,-0.004386438427492976,-0.011819038118119352,-0.032819038118119356
1,2,-0.00044672825606539845,-0.00044672825606539845,-0.01226576637418475,-0.033265766374184755
0,2,-0.002804534276947379,-0.002804534276947379,-0.01507030065113213,-0.036070300651132134
2,2,0.0026311601977795362,0.0026311601977795362,-0.012439140453352593,-0.0334391404533526
1,2,-0.0004528763238340616,-0.0004528763238340616,-0.012892016777186655,-0.03389201677718666
0,2,-0.0014930639881640673,-0.0014930639881640673,-0.014385080765350722,-0.03538508076535073
0,0,0.001700310967862606,-0.000299689032137394,-0.012684769797488116,-0.03568476979748812
1,2,-0.00020367577963043004,-0.00220367577963043,-0.012888445577118546,-0.037888445577118554
0,2,-0.0027205098886042833,-0.0027205098886042833,-0.015608955465722829,-0.04060895546572284
2,2,0.001751999370753765,0.001751999370753765,-0.013856956094969064,-0.03885695609496907
0,2,-0.002894447650760412,-0.002894447650760412,-0.016751403745729476,-0.041751403745729485
1,0,-0.0006415238603949547,-0.0026415238603949547,-0.01739292760612443,-0.04439292760612444
0,2,-0.0029193225782364607,-0.004919322578236461,-0.02031225018436089,-0.0493122501843609
1,2,-0.00031270831823349,-0.00031270831823349,-0.02062495850259438,-0.04962495850259439
2,2,0.0007536312914453447,0.0007536312914453447,-0.019871327211149037,-0.04887132721114905
1,2,0.0002975733077619225,0.0002975733077619225,-0.019573753903387114,-0.048573753903387126
0,2,-0.0015729115111753345,-0.0015729115111753345,-0.02114666541456245,-0.05014666541456246
2,2,0.002592874225229025,0.002592874225229025,-0.018553791189333424,-0.047553791189333436
0,2,-0.001366600045002997,-0.001366600045002997,-0.01992039123433642,-0.04892039123433643
2,2,0.002253631129860878,0.002253631129860878,-0.017666760104475543,-0.046666760104475555
1,2,0.00034216383937746286,0.00034216383937746286,-0.01732459626509808,-0.04632459626509809
0,2,-0.005508774891495705,-0.005508774891495705,-0.022833371156593785,-0.0518333711565938
1,2,0.0005677788285538554,0.0005677788285538554,-0.02226559232803993,-0.05126559232803994
2,2,0.0012548936065286398,0.0012548936065286398,-0.02101069872151129,-0.0500106987215113
2,2,0.0010904001537710428,0.0010904001537710428,-0.019920298567740247,-0.04892029856774026
2,2,0.0017731109401211143,0.0017731109401211143,-0.018147187627619132,-0.047147187627619144
2,0,-0.0008200982119888067,-0.0028200982119888068,-0.01896728583960794,-0.04996728583960795
2,0,-0.0017057510558515787,-0.0017057510558515787,-0.020673036895459518,-0.05167303689545953
0,0,0.0020507790613919497,0.0020507790613919497,-0.018622257834067568,-0.04962225783406758
2,2,0.0019160043448209763,-0.00008399565517902378,-0.016706253489246592,-0.04970625348924661
2,2,0.003338939044624567,0.003338939044624567,-0.013367314444622025,-0.04636731444462204
0,0,0.0007022409699857235,-0.0012977590300142765,-0.012665073474636301,-0.04766507347463632
2,2,0.0017713838024064898,-0.0002286161975935102,-0.010893689672229812,-0.04789368967222983
2,0,-0.0007837280281819403,-0.0027837280281819404,-0.011677417700411752,-0.05067741770041177
0,0,0.006058692466467619,0.006058692466467619,-0.005618725233944133,-0.044618725233944154
0,2,-0.0009937947615981102,-0.0029937947615981102,-0.006612519995542243,-0.047612519995542266
2,2,0.0015783474082127213,0.0015783474082127213,-0.005034172587329522,-0.046034172587329544
2,2,0.005074094980955124,0.005074094980955124,0.000039922393625602126,-0.04096007760637442
2,0,-0.0014354181475937366,-0.0034354181475937367,-0.0013954957539681345,-0.04439549575396816
0,0,0.003447883063927293,0.003447883063927293,0.0020523873099591583,-0.040947612690040866
0,2,-0.0013002617051824927,-0.0033002617051824928,0.0007521256047766656,-0.04424787439522336
2,2,0.0023846966214478016,0.0023846966214478016,0.003136822226224467,-0.04186317777377556
1,1,0.0,-0.001,0.003136822226224467,-0.04286317777377556
1,2,0.00005481087282532826,-0.0009451891271746718,0.0031916330990497954,-0.04380836690095023
1,1,0.0,-0.001,0.0031916330990497954,-0.04480836690095023
0,2,-0.001466371351853013,-0.002466371351853013,0.0017252617471967824,-0.04727473825280325
0,1,-0.0,-0.001,0.0017252617471967824,-0.04827473825280325
0,2,-0.0021671259310096502,-0.0031671259310096503,-0.00044186418381286785,-0.0514418641838129
2,2,0.0016337069682776928,0.0016337069682776928,0.001191842784464825,-0.049808157215535206
2,0,-0.0020658751018345356,-0.004065875101834536,-0.0008740323173697107,-0.053874032317369744
1,2,0.0005689783720299602,-0.0014310216279700399,-0.0003050539453397505,-0.055305053945339785
0,0,0.0011548377806320786,-0.0008451622193679214,0.0008497838352923281,-0.05615021616470771
1,2,-0.0005541740101762116,-0.0025541740101762116,0.00029560982511611655,-0.05870439017488392
2,2,0.0010046109091490507,0.0010046109091490507,0.0013002207342651673,-0.05769977926573487
2,2,0.0012554250424727798,0.0012554250424727798,0.002555645776737947,-0.05644435422326209
2,0,-0.0014522966230288148,-0.003452296623028815,0.0011033491537091322,-0.05989665084629091
2,0,-0.0024955477565526962,-0.0024955477565526962,-0.001392198602843564,-0.062392198602843604
0,0,0.001343341893516481,0.001343341893516481,-0.00004885670932708308,-0.06104885670932712
0,2,-0.002601839601993561,-0.004601839601993561,-0.002650696311320644,-0.06565069631132069
2,2,0.0015692872693762183,0.0015692872693762183,-0.0010814090419444256,-0.06408140904194447
2,0,-0.0030885227024555206,-0.005088522702455521,-0.004169931744399946,-0.06916993174439999
0,0,0.0022025229409337044,0.0022025229409337044,-0.001967408803466242,-0.06696740880346629
2,2,0.0033697555772960186,0.0013697555772960186,0.0014023467738297768,-0.06559765322617027
2,0,-0.02000649832189083,-0.022006498321890833,-0.018604151548061054,-0.0876041515480611
0,0,0.009305172599852085,0.009305172599852085,-0.009298978948208969,-0.07829897894820902
1,2,0.0009334036149084568,-0.0010665963850915432,-0.008365575333300512,-0.07936557533330056
2,2,0.005074796266853809,0.005074796266853809,-0.003290779066446703,-0.07429077906644675
1,1,-0.0,-0.001,-0.003290779066446703,-0.07529077906644675
0,2,-0.002856892067939043,-0.003856892067939043,-0.006147671134385746,-0.0791476711343858
2,1,0.0,-0.001,-0.006147671134385746,-0.0801476711343858
1,1,0.0,0.0,-0.006147671134385746,-0.0801476711343858
1,1,-0.0,-0.0,-0.006147671134385746,-0.0801476711343858
1,1,0.0,0.0,-0.006147671134385746,-0.0801476711343858
1,1,-0.0,-0.0,-0.006147671134385746,-0.0801476711343858
1,0,-0.0013242206769064069,-0.002324220676906407,-0.007471891811292153,-0.0824718918112922
1,0,0.000030027418688405305,0.000030027418688405305,-0.0074418643926037475,-0.0824418643926038
1,1,0.0,-0.001,-0.0074418643926037475,-0.0834418643926038
0,1,-0.0,-0.0,-0.0074418643926037475,-0.0834418643926038
1,1,0.0,0.0,-0.0074418643926037475,-0.0834418643926038
1,1,-0.0,-0.0,-0.0074418643926037475,-0.0834418643926038
1,1,-0.0,-0.0,-0.0074418643926037475,-0.0834418643926038
1,1,-0.0,-0.0,-0.0074418643926037475,-0.0834418643926038
2,2,0.004031213466078043,0.003031213466078043,-0.0034106509265257046,-0.08041065092652576
1,1,0.0,-0.001,-0.0034106509265257046,-0.08141065092652576
2,0,-0.01102505810558796,-0.01202505810558796,-0.014435709032113664,-0.09343570903211372
2,0,-0.00953629706054926,-0.00953629706054926,-0.023972006092662923,-0.10297200609266298
0,0,0.002666341606527567,0.002666341606527567,-0.021305664486135356,-0.10030566448613541
1,0,0.0010425994405522943,0.0010425994405522943,-0.020263065045583062,-0.09926306504558312
2,0,-0.0016874276334419847,-0.0016874276334419847,-0.021950492679025047,-0.1009504926790251
2,0,-0.026067325845360756,-0.026067325845360756,-0.0480178185243858,-0.12701781852438587
0,0,0.004147466272115707,0.004147466272115707,-0.043870352252270095,-0.12287035225227017
1,0,-0.000013964410754851997,-0.000013964410754851997,-0.04388431666302495,-0.12288431666302502
0,1,-0.0,-0.001,-0.04388431666302495,-0.12388431666302502
2,2,0.003255685558542609,0.002255685558542609,-0.04062863110448234,-0.12162863110448241
2,1,0.0,-0.001,-0.04062863110448234,-0.12262863110448241
1,1,0.0,0.0,-0.04062863110448234,-0.12262863110448241
1,1,0.0,0.0,-0.04062863110448234,-0.12262863110448241
2,0,-0.00802641548216343,-0.00902641548216343,-0.04865504658664577,-0.13165504658664584
1,0,0.0018006983445957303,0.0018006983445957303,-0.04685434824205004,-0.1298543482420501
1,1,-0.0,-0.001,-0.04685434824205004,-0.1308543482420501
2,2,0.003718862310051918,0.002718862310051918,-0.04313548593199812,-0.1281354859319982
2,1,0.0,-0.001,-0.04313548593199812,-0.1291354859319982
0,0,0.00411547627300024,0.0031154762730002403,-0.03902000965899788,-0.12602000965899796
1,1,-0.0,-0.001,-0.03902000965899788,-0.12702000965899796
1,1,0.0,0.0,-0.03902000965899788,-0.12702000965899796
1,1,0.0,0.0,-0.03902000965899788,-0.12702000965899796
1,1,-0.0,-0.0,-0.03902000965899788,-0.12702000965899796
0,1,-0.0,-0.0,-0.03902000965899788,-0.12702000965899796
2,1,0.0,0.0,-0.03902000965899788,-0.12702000965899796
2,1,0.0,0.0,-0.03902000965899788,-0.12702000965899796
1,1,0.0,0.0,-0.03902000965899788,-0.12702000965899796
2,1,0.0,0.0,-0.03902000965899788,-0.12702000965899796
0,1,-0.0,-0.0,-0.03902000965899788,-0.12702000965899796
1,1,-0.0,-0.0,-0.03902000965899788,-0.12702000965899796
1,1,-0.0,-0.0,-0.03902000965899788,-0.12702000965899796
1,1,-0.0,-0.0,-0.03902000965899788,-0.12702000965899796
1,2,-0.0010187471052631736,-0.0020187471052631736,-0.04003875676426105,-0.12903875676426113
2,2,0.002015037229284644,0.002015037229284644,-0.03802371953497641,-0.1270237195349765
1,1,-0.0,-0.001,-0.03802371953497641,-0.1280237195349765
2,2,0.001482149469666183,0.000482149469666183,-0.036541570065310225,-0.1275415700653103
0,0,0.00108724448364228,-0.0009127555163577199,-0.035454325581667945,-0.12845432558166803
1,2,0.0003674743929877877,-0.0016325256070122123,-0.03508685118868016,-0.13008685118868024
2,1,0.0,-0.001,-0.03508685118868016,-0.13108685118868024
0,1,-0.0,-0.0,-0.03508685118868016,-0.13108685118868024
2,1,0.0,0.0,-0.03508685118868016,-0.13108685118868024
2,0,-0.0019410529639571905,-0.0029410529639571905,-0.03702790415263735,-0.13402790415263743
1,0,0.0006896490813232958,0.0006896490813232958,-0.03633825507131405,-0.13333825507131414
0,1,-0.0,-0.001,-0.03633825507131405,-0.13433825507131414
0,2,-0.002124571008607745,-0.003124571008607745,-0.0384628260799218,-0.13746282607992188
1,2,-0.0005102527793496847,-0.0005102527793496847,-0.03897307885927148,-0.13797307885927157
0,0,0.0009411235805600882,-0.0010588764194399119,-0.038031955278711393,-0.13903195527871148
0,2,-0.0024688539560884237,-0.004468853956088424,-0.04050080923479982,-0.1435008092347999
2,2,0.0007774090045131743,0.0007774090045131743,-0.03972340023028664,-0.14272340023028673
2,2,0.0024487217888236046,0.0024487217888236046,-0.03727467844146304,-0.14027467844146313
1,0,-0.0002178886643378064,-0.0022178886643378064,-0.037492567105800845,-0.14249256710580094
1,2,0.00039956613909453154,-0.0016004338609054685,-0.03709300096670631,-0.1440930009667064
0,0,0.0044983685947954655,0.0024983685947954654,-0.03259463237191085,-0.14159463237191094
2,2,0.0039389654994010925,0.0019389654994010925,-0.028655666872509755,-0.13965566687250985
0,2,-0.0008502554846927524,-0.0008502554846927524,-0.029505922357202508,-0.1405059223572026
1,2,0.000294967700028792,0.000294967700028792,-0.029210954657173716,-0.14021095465717381
0,2,-0.0008852494647726417,-0.0008852494647726417,-0.030096204121946357,-0.14109620412194646
2,2,0.002020442159846425,0.002020442159846425,-0.028075761962099932,-0.13907576196210003
1,2,0.0005666458164341748,0.0005666458164341748,-0.027509116145665757,-0.13850911614566586
2,2,0.0011352166766300797,0.0011352166766300797,-0.026373899469035678,-0.13737389946903578
2,0,-0.0010662352433428168,-0.003066235243342817,-0.027440134712378494,-0.1404401347123786
0,0,0.0010119709186255932,0.0010119709186255932,-0.0264281637937529,-0.139428163793753
2,2,0.0010907772229984403,-0.0009092227770015598,-0.02533738657075446,-0.14033738657075456
2,0,-0.0009368025348521769,-0.002936802534852177,-0.026274189105606638,-0.14327418910560674
0,0,0.0008751360001042485,0.0008751360001042485,-0.02539905310550239,-0.1423990531055025
0,2,-0.0013293446972966194,-0.0033293446972966195,-0.02672839780279901,-0.14572839780279911
1,2,0.00007499347702832893,0.00007499347702832893,-0.02665340432577068,-0.14565340432577079
2,0,-0.0027480297721922398,-0.00474802977219224,-0.02940143409796292,-0.15040143409796303
2,0,-0.003045192454010248,-0.003045192454010248,-0.03244662655197317,-0.15344662655197328
2,0,-0.0015009993221610785,-0.0015009993221610785,-0.033947625874134246,-0.15494762587413435
2,2,0.0013222009874880314,-0.0006777990125119687,-0.032625424886646215,-0.15562542488664632
0,2,-0.000797678017988801,-0.000797678017988801,-0.033423102904635016,-0.15642310290463513
0,2,-0.001216103439219296,-0.001216103439219296,-0.03463920634385431,-0.15763920634385442
2,2,0.0014466277789324522,0.0014466277789324522,-0.03319257856492186,-0.15619257856492197
2,2,0.0024664669763296843,0.0024664669763296843,-0.030726111588592175,-0.15372611158859228
1,0,0.0002660180034581572,-0.0017339819965418429,-0.030460093585134018,-0.15546009358513413
2,2,0.0010293866507709026,-0.0009706133492290974,-0.029430706934363116,-0.15643070693436323
0,0,0.003657308407127857,0.0016573084071278572,-0.02577339852723526,-0.15477339852723537
0,2,-0.001086651929654181,-0.003086651929654181,-0.02686005045688944,-0.15786005045688956
2,2,0.004769488237798214,0.004769488237798214,-0.022090562219091225,-0.15309056221909134
1,0,0.00021196898887865245,-0.0017880310111213476,-0.021878593230212573,-0.1548785932302127
1,2,0.0003290197637397796,-0.0016709802362602205,-0.021549573466472793,-0.1565495734664729
2,0,-0.004584749694913626,-0.006584749694913626,-0.02613432316138642,-0.16313432316138654
2,0,-0.00917118415236473,-0.00917118415236473,-0.03530550731375115,-0.17230550731375127
2,0,-0.005366598721593618,-0.005366598721593618,-0.04067210603534477,-0.1776721060353449
2,0,-0.008709817193448544,-0.008709817193448544,-0.04938192322879331,-0.18638192322879343
0,0,0.002706538885831833,0.002706538885831833,-0.04667538434296148,-0.1836753843429616
2,0,-0.004941876046359539,-0.004941876046359539,-0.05161726038932102,-0.18861726038932114
0,0,0.001288471044972539,0.001288471044972539,-0.05032878934434848,-0.1873287893443486
0,0,0.004941786173731089,0.004941786173731089,-0.04538700317061739,-0.1823870031706175
1,2,-0.0005597852868959308,-0.002559785286895931,-0.04594678845751332,-0.18494678845751344
0,2,-0.003601393662393093,-0.003601393662393093,-0.049548182119906414,-0.18854818211990654
2,2,0.0037040908355265856,0.0037040908355265856,-0.04584409128437983,-0.18484409128437995
0,0,0.0017022633692249656,-0.00029773663077503447,-0.04414182791515486,-0.185141827915155
0,2,-0.004543599672615528,-0.006543599672615528,-0.04868542758777039,-0.19168542758777052
0,2,-0.010626346804201603,-0.010626346804201603,-0.059311774391971994,-0.20231177439197212
2,2,0.003253342118114233,0.003253342118114233,-0.05605843227385776,-0.1990584322738579
0,2,-0.0031016163993626833,-0.0031016163993626833,-0.059160048673220444,-0.20216004867322057
0,2,-0.0020996800158172846,-0.0020996800158172846,-0.06125972868903773,-0.20425972868903786
2,2,0.002458175178617239,0.002458175178617239,-0.05880155351042049,-0.20180155351042062
2,1,0.0,-0.001,-0.05880155351042049,-0.20280155351042062
1,2,-0.0010998242069035769,-0.002099824206903577,-0.05990137771732407,-0.2049013777173242
1,1,0.0,-0.001,-0.05990137771732407,-0.2059013777173242
0,1,-0.0,-0.0,-0.05990137771732407,-0.2059013777173242
0,2,-0.002868400886654854,-0.003868400886654854,-0.06276977860397892,-0.20976977860397905
0,2,-0.008962457999587059,-0.008962457999587059,-0.07173223660356598,-0.2187322366035661
0,2,-0.001526600681245327,-0.001526600681245327,-0.0732588372848113,-0.22025883728481144
0,2,-0.009367802180349827,-0.009367802180349827,-0.08262663946516113,-0.22962663946516126
2,2,0.0028300874400883913,0.0028300874400883913,-0.07979655202507274,-0.22679655202507287
0,0,0.0012380779953673482,-0.0007619220046326518,-0.0785584740297054,-0.22755847402970553
0,2,-0.0022574549075216055,-0.0042574549075216055,-0.080815928937227,-0.23181592893722713
0,2,-0.002492371713742614,-0.002492371713742614,-0.08330830065096961,-0.23430830065096975
1,2,-0.000014129337614576798,-0.000014129337614576798,-0.08332242998858419,-0.23432242998858432
1,2,0.000021579271560767666,0.000021579271560767666,-0.08330085071702342,-0.23430085071702356
2,2,0.0020230424124747515,0.0020230424124747515,-0.08127780830454867,-0.2322778083045488
1,2,0.0008328690310008824,0.0008328690310008824,-0.08044493927354779,-0.23144493927354792
1,2,0.0007698934059590101,0.0007698934059590101,-0.07967504586758878,-0.2306750458675889
2,2,0.007513667922466993,0.007513667922466993,-0.07216137794512179,-0.22316137794512192
0,0,0.017770418897271156,0.015770418897271155,-0.05439095904785063,-0.20739095904785076
2,2,0.003298114985227585,0.0012981149852275848,-0.051092844062623044,-0.20609284406262318
2,2,0.006820661015808582,0.006820661015808582,-0.04427218304681446,-0.1992721830468146
1,2,0.0015772446058690548,0.0015772446058690548,-0.04269493844094541,-0.19769493844094554
0,2,-0.005582763813436031,-0.005582763813436031,-0.04827770225438144,-0.20327770225438158
0,2,-0.002603464527055621,-0.002603464527055621,-0.05088116678143706,-0.2058811667814372
1,2,0.000025339822968817316,0.000025339822968817316,-0.05085582695846824,-0.20585582695846838
2,2,0.00970119796693325,0.00970119796693325,-0.04115462899153499,-0.19615462899153513
2,1,0.0,-0.001,-0.04115462899153499,-0.19715462899153513
1,1,-0.0,-0.0,-0.04115462899153499,-0.19715462899153513
2,1,0.0,0.0,-0.04115462899153499,-0.19715462899153513
0,1,-0.0,-0.0,-0.04115462899153499,-0.19715462899153513
0,2,-0.0034633909817785025,-0.0044633909817785025,-0.044618019973313494,-0.20161801997331363
1,2,0.0014088591560721397,0.0014088591560721397,-0.043209160817241354,-0.2002091608172415
1,1,0.0,-0.001,-0.043209160817241354,-0.2012091608172415
2,1,0.0,0.0,-0.043209160817241354,-0.2012091608172415
2,1,0.0,0.0,-0.043209160817241354,-0.2012091608172415
1,1,-0.0,-0.0,-0.043209160817241354,-0.2012091608172415
2,1,0.0,0.0,-0.043209160817241354,-0.2012091608172415
2,1,0.0,0.0,-0.043209160817241354,-0.2012091608172415
0,0,0.0038424856029450893,0.0028424856029450893,-0.039366675214296265,-0.1983666752142964
1,2,0.00027628857060335577,-0.0017237114293966443,-0.03909038664369291,-0.20009038664369305
0,1,-0.0,-0.001,-0.03909038664369291,-0.20109038664369305
1,2,0.000729667954146862,-0.000270332045853138,-0.03836071868954605,-0.2013607186895462
2,2,0.003001304343342781,0.003001304343342781,-0.035359414346203266,-0.1983594143462034
1,2,0.00032718523289076984,0.00032718523289076984,-0.035032229113312496,-0.19803222911331264
2,2,0.0016456391895189881,0.0016456391895189881,-0.03338658992379351,-0.19638658992379365
0,0,0.001833824790082872,-0.00016617520991712813,-0.031552765133710636,-0.19655276513371078
2,0,-0.0036787684075534344,-0.0036787684075534344,-0.03523153354126407,-0.20023153354126422
0,0,0.002362715546041727,0.002362715546041727,-0.032868817995222344,-0.1978688179952225
2,2,0.005785454995930195,0.003785454995930195,-0.02708336299929215,-0.1940833629992923
0,0,0.00521965092048049,0.0032196509204804897,-0.02186371207881166,-0.1908637120788118
0,2,-0.0055334120988845825,-0.0075334120988845826,-0.02739712417769624,-0.1983971241776964
1,2,-0.00007510438445024192,-0.00007510438445024192,-0.027472228562146483,-0.19847222856214664
2,2,0.002222085138782859,0.002222085138782859,-0.025250143423363625,-0.19625014342336378
0,1,-0.0,-0.001,-0.025250143423363625,-0.19725014342336378
2,2,0.0015296839410439134,0.0005296839410439133,-0.02372045948231971,-0.19672045948231986
0,2,-0.001706593786366284,-0.001706593786366284,-0.025427053268685995,-0.19842705326868615
2,2,0.0030141915194690228,0.0030141915194690228,-0.022412861749216972,-0.19541286174921713
1,0,-0.0008573751547373831,-0.002857375154737383,-0.023270236903954356,-0.1982702369039545
0,2,-0.001135000609792769,-0.003135000609792769,-0.024405237513747124,-0.20140523751374728
0,2,-0.0011890309397131205,-0.0011890309397131205,-0.025594268453460245,-0.2025942684534604
1,2,0.00016210094327107072,0.00016210094327107072,-0.025432167510189174,-0.20243216751018933
2,2,0.0036981019657105207,0.0036981019657105207,-0.021734065544478653,-0.1987340655444788
0,0,0.0036213709972798824,0.0016213709972798824,-0.01811269454719877,-0.19711269454719893
0,2,-0.0029196711257100105,-0.004919671125710011,-0.02103236567290878,-0.20203236567290894
0,2,-0.001084701856598258,-0.001084701856598258,-0.02211706752950704,-0.2031170675295072
2,2,0.003513970412313938,0.003513970412313938,-0.0186030971171931,-0.19960309711719326
2,2,0.004125244915485382,0.004125244915485382,-0.01447785220170772,-0.19547785220170788
1,0,-0.0009345561848022044,-0.0029345561848022044,-0.015412408386509924,-0.1984124083865101
0,0,0.002723882906138897,0.002723882906138897,-0.012688525480371027,-0.1956885254803712
2,2,0.005911123938858509,0.003911123938858509,-0.006777401541512518,-0.19177740154151268
2,0,-0.0026670421939343214,-0.0046670421939343214,-0.009444443735446839,-0.196444443735447
0,0,0.005201159510761499,0.005201159510761499,-0.00424328422468534,-0.1912432842246855
2,2,0.004003419540822506,0.002003419540822506,-0.00023986468386283377,-0.189239864683863
2,2,0.006969560869038105,0.006969560869038105,0.006729696185175271,-0.1822703038148249
0,0,0.004211656749248505,0.0022116567492485046,0.010941352934423776,-0.1800586470655764
0,2,-0.004931285511702299,-0.006931285511702299,0.006010067422721477,-0.1869899325772787
2,2,0.004700393415987492,0.004700393415987492,0.010710460838708968,-0.1822895391612912
2,2,0.004980267956852913,0.004980267956852913,0.01569072879556188,-0.1773092712044383
0,0,0.0020001395605504513,1.3956055045123705e-7,0.017690868356112333,-0.17730913164388784
1,0,-0.0010540967341512442,-0.0010540967341512442,0.01663677162196109,-0.17836322837803908
2,2,0.001498671481385827,-0.000501328518614173,0.018135443103346915,-0.17886455689665326
2,0,-0.001548175816424191,-0.003548175816424191,0.016587267286922724,-0.18241273271307745
0,0,0.002814722480252385,0.002814722480252385,0.01940198976717511,-0.17959801023282507
0,2,-0.007608768995851278,-0.009608768995851278,0.011793220771323831,-0.18920677922867635
0,2,-0.0058618164621293545,-0.0058618164621293545,0.005931404309194477,-0.1950685956908057
2,2,0.0019619653467088938,0.0019619653467088938,0.00789336965590337,-0.1931066303440968
2,2,0.003155562561005354,0.003155562561005354,0.011048932216908725,-0.18995106778309145
1,0,0.0006658780039288104,-0.0013341219960711897,0.011714810220837535,-0.19128518977916265
2,1,0.0,-0.001,0.011714810220837535,-0.19228518977916265
0,1,-0.0,-0.0,0.011714810220837535,-0.19228518977916265
0,2,-0.005347030702978373,-0.006347030702978373,0.006367779517859162,-0.19863222048214102
0,2,-0.002370676724240184,-0.002370676724240184,0.0039971027936189785,-0.2010028972063812
0,0,0.0026067320723086596,0.0006067320723086595,0.006603834865927638,-0.20039616513407255
1,2,0.000396251940401271,-0.001603748059598729,0.007000086806328909,-0.20199991319367128
0,2,-0.002462979406118393,-0.002462979406118393,0.004537107400210516,-0.20446289259978967
1,2,0.0005457517108879983,0.0005457517108879983,0.005082859111098514,-0.20391714088890167
1,2,0.0002576031256467104,0.0002576031256467104,0.005340462236745225,-0.20365953776325496
2,2,0.002312557538971305,0.002312557538971305,0.00765301977571653,-0.20134698022428366
1,2,0.00005854847404407337,0.00005854847404407337,0.007711568249760603,-0.20128843175023958
2,2,0.0020468703005462885,0.0020468703005462885,0.009758438550306892,-0.1992415614496933
0,1,-0.0,-0.001,0.009758438550306892,-0.2002415614496933
2,2,0.002519591711461544,0.001519591711461544,0.012278030261768436,-0.19872196973823175
2,1,0.0,-0.001,0.012278030261768436,-0.19972196973823175
2,1,0.0,0.0,0.012278030261768436,-0.19972196973823175
0,1,-0.0,-0.0,0.012278030261768436,-0.19972196973823175
1,2,0.000602096610236913,-0.00039790338976308706,0.012880126872005349,-0.20011987312799484
1,2,-0.00035165148437954485,-0.00035165148437954485,0.012528475387625804,-0.20047152461237439
1,2,-0.000011509452633617911,-0.000011509452633617911,0.012516965934992186,-0.200483034065008
1,1,-0.0,-0.001,0.012516965934992186,-0.201483034065008
2,2,0.0012056895066052675,0.0002056895066052675,0.013722655441597453,-0.20127734455840274
2,2,0.0016568884020671248,0.0016568884020671248,0.015379543843664578,-0.1996204561563356
0,0,0.0009572262642905116,-0.0010427737357094884,0.01633677010795509,-0.2006632298920451
0,2,-0.0007187752053141594,-0.0027187752053141594,0.01561799490264093,-0.20338200509735926
0,2,-0.0004559485532809049,-0.0004559485532809049,0.015162046349360025,-0.20383795365064017
0,2,-0.004409471992403269,-0.004409471992403269,0.010752574356956757,-0.20824742564304344
2,2,0.0033086715266108513,0.0033086715266108513,0.014061245883567608,-0.2049387541164326
0,2,-0.0007127844146452844,-0.0007127844146452844,0.013348461468922324,-0.20565153853107787
0,2,-0.0014065527357161045,-0.0014065527357161045,0.011941908733206219,-0.20705809126679398
1,2,0.00043221956002525985,0.00043221956002525985,0.012374128293231479,-0.20662587170676872
2,2,0.0012615587329491973,0.0012615587329491973,0.013635687026180676,-0.20536431297381952
0,2,-0.002442393684759736,-0.002442393684759736,0.01119329334142094,-0.20780670665857925
1,2,-0.00012054752005496994,-0.00012054752005496994,0.01107274582136597,-0.20792725417863422
2,2,0.0007402161136269569,0.0007402161136269569,0.011812961934992927,-0.20718703806500727
1,2,0.0003990952391177416,0.0003990952391177416,0.012212057174110669,-0.20678794282588953
2,2,0.0008678344311192632,0.0008678344311192632,0.013079891605229932,-0.20592010839477026
1,2,-8.9874847617466e-6,-8.9874847617466e-6,0.013070904120468185,-0.205929095879532
1,2,0.00024788931477814913,0.00024788931477814913,0.013318793435246334,-0.20568120656475386
1,2,-0.00010579476656857878,-0.00010579476656857878,0.013212998668677756,-0.20578700133132244
1,2,-0.00006807738827774301,-0.00006807738827774301,0.013144921280400013,-0.20585507871960018
0,2,-0.0008742270292714238,-0.0008742270292714238,0.012270694251128589,-0.2067293057488716
1,2,-0.00019034979050047696,-0.00019034979050047696,0.012080344460628112,-0.20691965553937208
2,2,0.0017384489765390754,0.0017384489765390754,0.013818793437167187,-0.205181206562833
2,0,-0.001030143816024065,-0.003030143816024065,0.012788649621143122,-0.20821135037885707
0,2,-0.002016654936596751,-0.004016654936596751,0.010771994684546371,-0.21222800531545383
1,2,-0.0002111947542289272,-0.0002111947542289272,0.010560799930317444,-0.21243920006968275
1,2,-0.00008270889520645142,-0.00008270889520645142,0.010478091035110992,-0.2125219089648892
2,2,0.0017542518908157945,0.0017542518908157945,0.012232342925926787,-0.2107676570740734
2,2,0.0028069033287465572,0.0028069033287465572,0.015039246254673344,-0.20796075374532685
2,2,0.0004310938820708543,0.0004310938820708543,0.015470340136744198,-0.207529659863256
2,2,0.0017095425864681602,0.0017095425864681602,0.01717988272321236,-0.20582011727678784
0,2,-0.0009554486023262143,-0.0009554486023262143,0.016224434120886144,-0.20677556587911405
0,2,-0.004557434935122728,-0.004557434935122728,0.011666999185763416,-0.21133300081423678
2,2,0.002902948996052146,0.002902948996052146,0.014569948181815562,-0.20843005181818464
0,2,-0.0017485442804172635,-0.0017485442804172635,0.012821403901398298,-0.2101785960986019
0,2,-0.000570091768167913,-0.000570091768167913,0.012251312133230385,-0.2107486878667698
0,2,-0.0007606564904563129,-0.0007606564904563129,0.011490655642774072,-0.21150934435722613
0,2,-0.004399147816002369,-0.004399147816002369,0.0070915078267717035,-0.2159084921732285
0,2,-0.0018301561940461397,-0.0018301561940461397,0.005261351632725564,-0.21773864836727463
2,0,-0.0007411222322843969,-0.002741122232284397,0.004520229400441167,-0.22047977059955903
1,0,0.0003937646688427776,0.0003937646688427776,0.0049139940692839446,-0.22008600593071626
2,2,0.007457343395799398,0.005457343395799398,0.012371337465083343,-0.21462866253491686
2,0,-0.0018604506039991975,-0.0038604506039991975,0.010510886861084145,-0.21848911313891606
1,0,0.0006115683354437351,0.0006115683354437351,0.01112245519652788,-0.21787754480347232
2,0,-0.000832989055197686,-0.000832989055197686,0.010289466141330195,-0.21871053385867
2,2,0.006220825016498566,0.004220825016498566,0.01651029115782876,-0.21448970884217144
2,0,-0.0016217539086937904,-0.0036217539086937905,0.01488853724913497,-0.21811146275086524
0,0,0.0029015939217060804,0.0029015939217060804,0.01779013117084105,-0.21520986882915916
0,2,-0.0027494383975863457,-0.004749438397586346,0.015040692773254705,-0.2199593072267455
0,2,-0.0009433208033442497,-0.0009433208033442497,0.014097371969910455,-0.22090262803008975
0,2,-0.004293043632060289,-0.004293043632060289,0.009804328337850166,-0.22519567166215004
1,2,0.0008690205286256969,0.0008690205286256969,0.010673348866475862,-0.22432665113352435
2,2,0.0055794320069253445,0.0055794320069253445,0.016252780873401207,-0.218747219126599
1,0,0.00004216054003336467,-0.0019578394599666354,0.01629494141343457,-0.22070505858656564
0,2,-0.004350393544882536,-0.006350393544882536,0.011944547868552036,-0.22705545213144818
0,2,-0.004869453608989716,-0.004869453608989716,0.00707509425956232,-0.2319249057404379
1,2,0.0009285771520808339,0.0009285771520808339,0.008003671411643154,-0.23099632858835706
0,2,-0.005834148731082678,-0.005834148731082678,0.002169522680560476,-0.23683047731943974
0,2,-0.003373748157173395,-0.003373748157173395,-0.001204225476612919,-0.24020422547661313
2,2,0.001469617709517479,0.001469617709517479,0.00026539223290455993,-0.23873460776709565
2,2,0.002356136217713356,0.002356136217713356,0.002621528450617916,-0.2363784715493823
2,2,0.001140071777626872,0.001140071777626872,0.003761600228244788,-0.23523839977175542
1,2,0.0002675422001630068,0.0002675422001630068,0.004029142428407795,-0.23497085757159242
0,1,-0.0,-0.001,0.004029142428407795,-0.23597085757159242
2,2,0.005333262030035257,0.004333262030035257,0.009362404458443052,-0.23163759554155716
0,2,-0.0061522191390395164,-0.0061522191390395164,0.0032101853194035357,-0.23778981468059668
2,2,0.0015555989230051637,0.0015555989230051637,0.004765784242408699,-0.23623421575759151
0,2,-0.005603847559541464,-0.005603847559541464,-0.0008380633171327645,-0.24183806331713298
2,2,0.006620905362069607,0.006620905362069607,0.005782842044936842,-0.23521715795506337
2,2,0.004405123647302389,0.004405123647302389,0.010187965692239231,-0.23081203430776098
1,0,-0.0011569305788725615,-0.0031569305788725615,0.00903103511336667,-0.23396896488663355
2,2,0.0025928420946002007,0.0005928420946002006,0.01162387720796687,-0.23337612279203335
1,0,-0.0009218846098519862,-0.002921884609851986,0.010701992598114884,-0.23629800740188533
2,2,0.004692556336522102,0.0026925563365221023,0.015394548934636987,-0.23360545106536323
2,0,-0.00167148991022259,-0.00367148991022259,0.013723059024414397,-0.23727694097558583
2,0,-0.0011634370312094688,-0.0011634370312094688,0.012559621993204928,-0.2384403780067953
0,0,0.009651967324316502,0.009651967324316502,0.02221158931752143,-0.2287884106824788
2,2,0.007691015489399433,0.005691015489399433,0.029902604806920863,-0.22309739519307936
1,2,-0.0012435076059773564,-0.0012435076059773564,0.028659097200943506,-0.22434090279905672
0,2,-0.0019426479702815413,-0.0019426479702815413,0.026716449230661965,-0.22628355076933826
2,0,-0.004356225021183491,-0.006356225021183491,0.022360224209478474,-0.23263977579052175
2,1,0.0,-0.001,0.022360224209478474,-0.23363977579052175
0,0,0.0037787507753819227,0.0027787507753819227,0.026138974984860397,-0.23086102501513983
2,2,0.0035247381310909986,0.0015247381310909986,0.029663713115951396,-0.22933628688404883
0,1,-0.0,-0.001,0.029663713115951396,-0.23033628688404884
2,2,0.0037136152386665344,0.0027136152386665344,0.03337732835461793,-0.2276226716453823
1,1,0.0,-0.001,0.03337732835461793,-0.2286226716453823
0,1,-0.0,-0.0,0.03337732835461793,-0.2286226716453823
1,1,-0.0,-0.0,0.03337732835461793,-0.2286226716453823
0,2,-0.0033321494702249765,-0.0043321494702249766,0.030045178884392953,-0.23295482111560728
0,2,-0.004009682685136795,-0.004009682685136795,0.02603549619925616,-0.23696450380074408
2,2,0.003213922493159771,0.003213922493159771,0.02924941869241593,-0.2337505813075843
0,1,-0.0,-0.001,0.02924941869241593,-0.2347505813075843
0,1,-0.0,-0.0,0.02924941869241593,-0.2347505813075843
1,2,-0.0005713601713068783,-0.0015713601713068783,0.02867805852110905,-0.23632194147889118
1,2,0.0006154403672553599,0.0006154403672553599,0.02929349888836441,-0.23570650111163582
0,2,-0.0032411834690719843,-0.0032411834690719843,0.026052315419292427,-0.2389476845807078
2,2,0.0028096716850996017,0.0028096716850996017,0.02886198710439203,-0.2361380128956082
2,2,0.00140424317214638,0.00140424317214638,0.03026623027653841,-0.23473376972346183
0,2,-0.0047164130955934525,-0.0047164130955934525,0.025549817180944956,-0.23945018281905528
0,2,-0.005092248786240816,-0.005092248786240816,0.02045756839470414,-0.2445424316052961
2,2,0.0069915177300572395,0.0069915177300572395,0.02744908612476138,-0.23755091387523886
2,2,0.0030611702241003513,0.0030611702241003513,0.03051025634886173,-0.2344897436511385
0,0,0.007236025296151638,0.005236025296151638,0.03774628164501337,-0.22925371835498687
2,2,0.0035570929758250713,0.0015570929758250713,0.04130337462083844,-0.2276966253791618
2,2,0.002092584501951933,0.002092584501951933,0.04339595912279037,-0.22560404087720987
1,0,-0.00011986159370280802,-0.002119861593702808,0.043276097529087565,-0.22772390247091268
0,2,-0.004178197123110294,-0.006178197123110294,0.03909790040597727,-0.23390209959402297
2,2,0.0023835862521082163,0.0023835862521082163,0.04148148665808549,-0.23151851334191476
2,2,0.003274591639637947,0.003274591639637947,0.044756078297723434,-0.2282439217022768
2,0,-0.00157589849550277,-0.00357589849550277,0.043180179802220664,-0.23181982019777958
2,0,-0.002556683961302042,-0.002556683961302042,0.04062349584091862,-0.23437650415908162
1,0,-0.0002888882299885154,-0.0002888882299885154,0.04033460761093011,-0.23466539238907014
0,1,-0.0,-0.001,0.04033460761093011,-0.23566539238907014
0,1,-0.0,-0.0,0.04033460761093011,-0.23566539238907014
0,2,-0.00462766271084547,-0.0056276627108454704,0.035706944900084636,-0.2412930550999156
0,2,-0.002864066045731306,-0.002864066045731306,0.03284287885435333,-0.24415712114564692
0,2,-0.0011718996101990342,-0.0011718996101990342,0.031670979244154296,-0.24532902075584595
2,2,0.00804979633539915,0.00804979633539915,0.03972077557955345,-0.2372792244204468
2,0,-0.0030276826582849026,-0.005027682658284903,0.036693092921268544,-0.2423069070787317
0,0,0.0022605988197028637,0.0022605988197028637,0.03895369174097141,-0.24004630825902884
1,2,-0.001123686321079731,-0.003123686321079731,0.03783000541989168,-0.24316999458010857
2,2,0.0019074672600254416,0.0019074672600254416,0.03973747267991712,-0.24126252732008313
1,2,-0.0005784134264104068,-0.0005784134264104068,0.03915905925350671,-0.24184094074649354
0,2,-0.002567507792264223,-0.002567507792264223,0.03659155146124249,-0.24440844853875776
2,2,0.006992728915065527,0.006992728915065527,0.043584280376308016,-0.23741571962369223
1,0,-0.0002984676684718579,-0.002298467668471858,0.04328581270783616,-0.2397141872921641
0,2,-0.004735921509563923,-0.006735921509563923,0.038549891198272235,-0.24645010880172802
2,2,0.004990228917449713,0.004990228917449713,0.04354012011572195,-0.2414598798842783
1,2,-0.0006604603258892894,-0.0006604603258892894,0.04287965978983266,-0.2421203402101676
1,2,-0.000847690855152905,-0.000847690855152905,0.04203196893467975,-0.2429680310653205
0,1,-0.0,-0.001,0.04203196893467975,-0.2439680310653205
0,2,-0.001639624242670834,-0.002639624242670834,0.04039234469200892,-0.24660765530799134
0,2,-0.002090390305966139,-0.002090390305966139,0.03830195438604278,-0.24869804561395747
1,2,0.0005154234240762889,0.0005154234240762889,0.03881737781011907,-0.24818262218988119
0,2,-0.005732338409870863,-0.005732338409870863,0.033085039400248206,-0.25391496059975205
0,2,-0.002598036080598831,-0.002598036080598831,0.030487003319649375,-0.2565129966803509
0,2,-0.008605396375060081,-0.008605396375060081,0.021881606944589294,-0.26511839305541096
0,2,-0.008059728890657425,-0.008059728890657425,0.013821878053931869,-0.2731781219460684
2,2,0.005900440737605095,0.005900440737605095,0.019722318791536964,-0.2672776812084633
0,0,0.0052046142518520355,0.0032046142518520355,0.024926933043389,-0.26407306695661126
0,0,0.0018697121413424611,0.0018697121413424611,0.02679664518473146,-0.2622033548152688
1,2,0.00031014170963317156,-0.0016898582903668285,0.027106786894364632,-0.2638932131056356
1,2,-0.0010190760949626565,-0.0010190760949626565,0.026087710799401975,-0.2649122892005983
2,2,0.007186541799455881,0.007186541799455881,0.033274252598857856,-0.2577257474011424
2,0,-0.0023675463162362576,-0.004367546316236258,0.0309067062826216,-0.26209329371737866
2,2,0.0020193085074424744,0.000019308507442474324,0.03292601479006407,-0.2620739852099362
0,0,0.0037620579823851585,0.0017620579823851585,0.03668807277244923,-0.26031192722755103
1,2,0.0009496294078417122,-0.0010503705921582878,0.037637702180290944,-0.2613622978197093
0,2,-0.010868523269891739,-0.010868523269891739,0.026769178910399205,-0.27223082108960106
2,2,0.0066503314301371574,0.0066503314301371574,0.03341951034053636,-0.2655804896594639
2,2,0.003951841965317726,0.003951841965317726,0.03737135230585409,-0.2616286476941462
1,1,-0.0,-0.001,0.03737135230585409,-0.2626286476941462
2,1,0.0,0.0,0.03737135230585409,-0.2626286476941462
2,1,0.0,0.0,0.03737135230585409,-0.2626286476941462
2,1,0.0,0.0,0.03737135230585409,-0.2626286476941462
1,1,0.0,0.0,0.03737135230585409,-0.2626286476941462
1,1,0.0,0.0,0.03737135230585409,-0.2626286476941462
2,1,0.0,0.0,0.03737135230585409,-0.2626286476941462
1,0,0.0010064212838187814,6.421283818781355e-6,0.03837777358967287,-0.2626222264103274
0,1,-0.0,-0.001,0.03837777358967287,-0.2636222264103274
2,2,0.0026874649338424206,0.0016874649338424206,0.04106523852351529,-0.261934761476485
1,2,0.00017552026838529855,0.00017552026838529855,0.04124075879190059,-0.2617592412080997
1,1,0.0,-0.001,0.04124075879190059,-0.2627592412080997
1,1,-0.0,-0.0,0.04124075879190059,-0.2627592412080997
1,1,-0.0,-0.0,0.04124075879190059,-0.2627592412080997
1,1,-0.0,-0.0,0.04124075879190059,-0.2627592412080997
2,2,0.002151650842279196,0.0011516508422791958,0.043392409634179785,-0.2616075903658205
1,0,-0.00011449095472926274,-0.0021144909547292628,0.04327791867945052,-0.26372208132054975
2,1,0.0,-0.001,0.04327791867945052,-0.26472208132054975
0,0,0.0016612655017524958,0.0006612655017524957,0.04493918418120302,-0.26406081581879726
2,2,0.0011715376749634743,-0.0008284623250365258,0.04611072185616649,-0.2648892781438338
2,2,0.0017884306143969297,0.0017884306143969297,0.04789915247056342,-0.26310084752943685
1,2,-0.0005101819988340139,-0.0005101819988340139,0.04738897047172941,-0.26361102952827087
2,2,0.0005513239302672446,0.0005513239302672446,0.04794029440199665,-0.2630597055980036
1,2,-0.00041420545312575996,-0.00041420545312575996,0.04752608894887089,-0.2634739110511294
1,2,-0.0003489733790047467,-0.0003489733790047467,0.047177115569866146,-0.26382288443013413
1,2,0.00046727483277209103,0.00046727483277209103,0.04764439040263824,-0.26335560959736204
2,2,0.0011590708745643497,0.0011590708745643497,0.04880346127720259,-0.2621965387227977
0,0,0.0023353397846221924,0.00033533978462219234,0.05113880106182478,-0.2618611989381755
2,2,0.0006122426129877567,-0.0013877573870122433,0.051751043674812536,-0.26324895632518774
1,2,-0.00018251485016662627,-0.00018251485016662627,0.05156852882464591,-0.26343147117535437
0,2,-0.0007377705769613385,-0.0007377705769613385,0.05083075824768457,-0.2641692417523157
1,2,0.0002714184229262173,0.0002714184229262173,0.05110217667061079,-0.2638978233293895
2,2,0.0012708958238363266,0.0012708958238363266,0.052373072494447115,-0.26262692750555316
2,0,-0.0017595558892935514,-0.0037595558892935515,0.05061351660515356,-0.2663864833948467
0,0,0.0010753816459327936,0.0010753816459327936,0.05168889825108636,-0.2653111017489139
1,2,0.00027301424415782094,-0.001726985755842179,0.05196191249524418,-0.2670380875047561
2,2,0.0005042923148721457,0.0005042923148721457,0.052466204810116324,-0.26653379518988396
1,2,-0.00009579851030139253,-0.00009579851030139253,0.05237040629981493,-0.26662959370018535
0,2,-0.0014169105561450124,-0.0014169105561450124,0.05095349574366992,-0.26804650425633036
0,0,0.0012326390715315938,-0.0007673609284684062,0.05218613481520151,-0.2688138651847988
1,2,-0.000055533324484713376,-0.0020555333244847134,0.0521306014907168,-0.2708693985092835
2,2,0.002041259314864874,0.002041259314864874,0.05417186080558167,-0.2688281391944186
0,0,0.000949895300436765,-0.001050104699563235,0.05512175610601844,-0.26987824389398185
1,2,0.00020900189701933414,-0.001790998102980666,0.05533075800303777,-0.2716692419969625
2,2,0.0008853176841512322,0.0008853176841512322,0.056216075687189004,-0.2707839243128113
2,2,0.0018609263934195042,0.0018609263934195042,0.05807700208060851,-0.2689229979193918
2,0,-0.001380376168526709,-0.003380376168526709,0.0566966259120818,-0.2723033740879185
2,0,-0.004247045144438744,-0.004247045144438744,0.052449580767643056,-0.27655041923235724
2,0,-0.0008916973602026701,-0.0008916973602026701,0.051557883407440386,-0.2774421165925599
0,0,0.0014722649939358234,0.0014722649939358234,0.05303014840137621,-0.2759698515986241
0,0,0.0005154185928404331,0.0005154185928404331,0.05354556699421664,-0.27545443300578365
0,2,-0.0017320809420198202,-0.0037320809420198203,0.05181348605219682,-0.27918651394780347
2,2,0.004299059044569731,0.004299059044569731,0.05611254509676655,-0.27488745490323374
2,0,-0.001921671791933477,-0.003921671791933477,0.054190873304833076,-0.2788091266951672
0,0,0.0006665251567028463,0.0006665251567028463,0.05485739846153592,-0.2781426015384644
0,0,0.001498666126281023,0.001498666126281023,0.056356064587816945,-0.27664393541218335
0,2,-0.001669923192821443,-0.003669923192821443,0.0546861413949955,-0.2803138586050048
2,2,0.003324252087622881,0.003324252087622881,0.05801039348261838,-0.2769896065173819
0,2,-0.0012244363315403461,-0.0012244363315403461,0.05678595715107804,-0.27821404284892226
0,2,-0.0005864840932190418,-0.0005864840932190418,0.056199473057858995,-0.2788005269421413
2,2,0.0025808392092585564,0.0025808392092585564,0.05878031226711755,-0.27621968773288275
0,0,0.0006537109147757292,-0.0013462890852242709,0.05943402318189328,-0.277565976818107
0,2,-0.004598494153469801,-0.006598494153469801,0.05483552902842348,-0.2841644709715768
2,2,0.0014493276830762625,0.0014493276830762625,0.05628485671149974,-0.28271514328850056
0,2,-0.0011897314107045531,-0.0011897314107045531,0.05509512530079519,-0.2839048746992051
0,0,0.0013996065827086568,-0.0006003934172913433,0.056494731883503846,-0.28450526811649646
1,2,0.0005299841286614537,-0.0014700158713385463,0.0570247160121653,-0.285975283987835
1,2,0.00014936504885554314,0.00014936504885554314,0.05717408106102084,-0.28582591893897946
0,2,-0.003459713188931346,-0.003459713188931346,0.0537143678720895,-0.2892856321279108
0,2,-0.003797049168497324,-0.003797049168497324,0.04991731870359217,-0.29308268129640813
2,2,0.0016003503696992993,0.0016003503696992993,0.05151766907329147,-0.29148233092670883
0,2,-0.0012363902060315013,-0.0012363902060315013,0.05028127886725997,-0.29271872113274033
0,2,-0.0030634303111582994,-0.0030634303111582994,0.04721784855610167,-0.29578215144389863
2,2,0.0009233602322638035,0.0009233602322638035,0.048141208788365475,-0.29485879121163483
2,2,0.0024776423815637827,0.0024776423815637827,0.05061885116992926,-0.29238114883007105
1,2,-0.00020159782434348017,-0.00020159782434348017,0.05041725334558578,-0.2925827466544145
1,2,0.0005248318775556982,0.0005248318775556982,0.050942085223141476,-0.29205791477685883
0,2,-0.0021406065206974745,-0.0021406065206974745,0.048801478702444,-0.2941985212975563
2,2,0.0017630805959925056,0.0017630805959925056,0.05056455929843651,-0.2924354407015638
0,2,-0.0006991972913965583,-0.0006991972913965583,0.04986536200703995,-0.29313463799296036
0,2,-0.0017445310950279236,-0.0017445310950279236,0.048120830912012025,-0.2948791690879883
2,2,0.0027255737222731113,0.0027255737222731113,0.050846404634285136,-0.29215359536571517
2,2,0.005651021841913462,0.005651021841913462,0.0564974264761986,-0.2865025735238017
0,0,0.0019462390337139368,-0.000053760966286063236,0.058443665509912535,-0.28655633449008777
2,0,-0.00224215816706419,-0.00224215816706419,0.056201507342848345,-0.28879849265715196
1,0,0.000295919191557914,0.000295919191557914,0.05649742653440626,-0.28850257346559405
2,2,0.000989029067568481,-0.001010970932431519,0.05748645560197474,-0.28951354439802557
1,2,0.00034843504545278847,0.00034843504545278847,0.05783489064742753,-0.2891651093525728
0,2,-0.0011695834109559655,-0.0011695834109559655,0.05666530723647156,-0.29033469276352875
0,2,-0.0039395662024617195,-0.0039395662024617195,0.05272574103400984,-0.29427425896599047
2,2,0.0023184330202639103,0.0023184330202639103,0.05504417405427375,-0.29195582594572655
2,2,0.0026481784880161285,0.0026481784880161285,0.05769235254228988,-0.2893076474577104
0,0,0.00240460061468184,0.0004046006146818399,0.06009695315697172,-0.2889030468430286
0,2,-0.006746627856045961,-0.008746627856045961,0.05335032530092576,-0.29764967469907455
0,2,-0.003602192271500826,-0.003602192271500826,0.049748133029424935,-0.3012518669705754
2,2,0.0028835725970566273,0.0028835725970566273,0.05263170562648156,-0.29836829437351875
1,0,-0.0002943365543615073,-0.0022943365543615073,0.052337369072120055,-0.30066263092788026
0,2,-0.0014187248889356852,-0.003418724888935685,0.05091864418318437,-0.30408135581681595
1,2,-0.000692632223945111,-0.000692632223945111,0.05022601195923926,-0.30477398804076106
1,2,-0.00009368635073769838,-0.00009368635073769838,0.05013232560850156,-0.30486767439149876
1,2,0.0007869137916713953,0.0007869137916713953,0.050919239400172955,-0.30408076059982736
2,2,0.0020491410978138447,0.0020491410978138447,0.0529683804979868,-0.3020316195020135
2,2,0.0008713361457921565,0.0008713361457921565,0.053839716643778956,-0.30116028335622136
0,2,-0.0017479334492236376,-0.0017479334492236376,0.05209178319455532,-0.302908216805445
2,2,0.0009955570567399263,0.0009955570567399263,0.053087340251295245,-0.30191265974870507
2,2,0.0013740528374910355,0.0013740528374910355,0.05446139308878628,-0.30053860691121403
2,2,0.0011665384517982602,0.0011665384517982602,0.05562793154058454,-0.2993720684594158
0,2,-0.001425756374374032,-0.001425756374374032,0.05420217516621051,-0.3007978248337898
1,2,-0.000010678609214664903,-0.000010678609214664903,0.054191496556995844,-0.30080850344300447
2,2,0.0024974665138870478,0.0024974665138870478,0.05668896307088289,-0.2983110369291174
0,0,0.0013899564510211349,-0.0006100435489788652,0.05807891952190403,-0.2989210804780963
2,2,0.0021118358708918095,0.00011183587089180942,0.060190755392795836,-0.2988092446072045
0,2,-0.0017642078455537558,-0.0017642078455537558,0.05842654754724208,-0.30057345245275824
0,2,-0.0012185402447357774,-0.0012185402447357774,0.0572080073025063,-0.301791992697494
0,2,-0.0037367588374763727,-0.0037367588374763727,0.05347124846502993,-0.3055287515349704
2,2,0.00135161227080971,0.00135161227080971,0.05482286073583964,-0.3041771392641607
0,2,-0.000537179468665272,-0.000537179468665272,0.05428568126717437,-0.30471431873282595
2,2,0.008786886930465698,0.008786886930465698,0.06307256819764007,-0.29592743180236025
0,0,0.0060354783199727535,0.0040354783199727535,0.06910804651761282,-0.2918919534823875
0,2,-0.0022500716149806976,-0.004250071614980698,0.06685797490263212,-0.2961420250973682
1,2,0.0005714603466913104,0.0005714603466913104,0.06742943524932343,-0.2955705647506769
0,2,-0.010916218161582947,-0.010916218161582947,0.056513217087740486,-0.30648678291225984
2,2,0.003372092032805085,0.003372092032805085,0.05988530912054557,-0.30311469087945475
2,2,0.0022126310504972935,0.0022126310504972935,0.062097940171042865,-0.30090205982895746
2,0,-0.0012887709308415651,-0.003288770930841565,0.0608091692402013,-0.304190830759799
2,0,-0.001359974266961217,-0.001359974266961217,0.05944919497324008,-0.30555080502676024
2,1,0.0,-0.001,0.05944919497324008,-0.30655080502676024
2,1,0.0,0.0,0.05944919497324008,-0.30655080502676024
0,0,0.0030488313641399145,0.0020488313641399145,0.06249802633738,-0.30450197366262033
2,2,0.003316665068268776,0.001316665068268776,0.06581469140564877,-0.30318530859435155
1,1,0.0,-0.001,0.06581469140564877,-0.30418530859435156
1,1,0.0,0.0,0.06581469140564877,-0.30418530859435156
0,1,-0.0,-0.0,0.06581469140564877,-0.30418530859435156
2,2,0.002782324096187949,0.0017823240961879492,0.06859701550183672,-0.3024029844981636
1,1,-0.0,-0.001,0.06859701550183672,-0.3034029844981636
1,2,-0.0006071822717785835,-0.0016071822717785835,0.06798983323005814,-0.3050101667699422
1,2,0.0000981452249106951,0.0000981452249106951,0.06808797845496883,-0.3049120215450315
1,0,0.0008482118137180805,-0.0011517881862819195,0.06893619026868691,-0.3060638097313134
0,2,-0.0011294505093246698,-0.00312945050932467,0.06780673975936224,-0.3091932602406381
2,0,-0.0021513320971280336,-0.004151332097128034,0.06565540766223421,-0.3133445923377661
1,0,0.0005832622409798205,0.0005832622409798205,0.06623866990321403,-0.3127613300967863
0,0,0.005445350892841816,0.005445350892841816,0.07168402079605585,-0.3073159792039445
2,2,0.003327418817207217,0.0013274188172072172,0.07501143961326306,-0.3059885603867373
2,2,0.0019620456732809544,0.0019620456732809544,0.07697348528654402,-0.3040265147134563
0,2,-0.0068611763417720795,-0.0068611763417720795,0.07011230894477194,-0.3108876910552284
1,2,-0.0005879683885723352,-0.0005879683885723352,0.0695243405561996,-0.31147565944380073
0,2,-0.007447508629411459,-0.007447508629411459,0.062076831926788145,-0.3189231680732122
0,2,-0.002329964656382799,-0.002329964656382799,0.059746867270405346,-0.321253132729595
1,2,0.00019703844736795872,0.00019703844736795872,0.059943905717773305,-0.32105609428222703
0,2,-0.004526909440755844,-0.004526909440755844,0.05541699627701746,-0.3255830037229829
0,2,-0.0021272392477840185,-0.0021272392477840185,0.05328975702923344,-0.3277102429707669
0,2,-0.0029136925004422665,-0.0029136925004422665,0.050376064528791176,-0.33062393547120916
1,2,-0.000826922885607928,-0.000826922885607928,0.04954914164318325,-0.3314508583568171
2,0,-0.005484367720782757,-0.007484367720782757,0.04406477392240049,-0.33893522607759985
0,0,0.0027467249892652035,0.0027467249892652035,0.046811498911665694,-0.33618850108833465
1,2,0.00041055824840441346,-0.0015894417515955866,0.04722205716007011,-0.33777794283993023
0,2,-0.0011028113076463342,-0.0011028113076463342,0.046119245852423774,-0.33888075414757657
0,2,-0.00356694171205163,-0.00356694171205163,0.042552304140372144,-0.3424476958596282
1,2,-0.0006492404500022531,-0.0006492404500022531,0.04190306369036989,-0.34309693630963045
0,2,-0.0040555959567427635,-0.0040555959567427635,0.03784746773362713,-0.3471525322663732
2,0,-0.0028113583102822304,-0.00481135831028223,0.0350361094233449,-0.35196389057665545
0,2,-0.0015332092298194766,-0.0035332092298194766,0.03350290019352542,-0.3554970998064749
2,2,0.004720956087112427,0.004720956087112427,0.03822385628063785,-0.3507761437193625
2,2,0.0036948921624571085,0.0036948921624571085,0.041918748443094955,-0.3470812515569054
0,1,-0.0,-0.001,0.041918748443094955,-0.3480812515569054
2,2,0.011025373823940754,0.010025373823940753,0.05294412226703571,-0.33805587773296464
0,2,-0.00226844591088593,-0.00226844591088593,0.05067567635614978,-0.34032432364385057
0,2,-0.002971004694700241,-0.002971004694700241,0.04770467166144954,-0.3432953283385508
0,2,-0.005191882606595755,-0.005191882606595755,0.04251278905485378,-0.34848721094514656
0,2,-0.005108903162181377,-0.005108903162181377,0.037403885892672406,-0.35359611410732794
0,2,-0.0044747162610292435,-0.0044747162610292435,0.03292916963164316,-0.3580708303683572
2,2,0.005477052181959152,0.005477052181959152,0.038406221813602315,-0.35259377818639803
1,1,-0.0,-0.001,0.038406221813602315,-0.35359377818639803
0,2,-0.006616414058953524,-0.007616414058953524,0.03178980775464879,-0.36121019224535156
1,2,0.0013856274308636785,0.0013856274308636785,0.03317543518551247,-0.3598245648144879
2,2,0.004623448941856623,0.004623448941856623,0.03779888412736909,-0.35520111587263126
1,1,-0.0,-0.001,0.03779888412736909,-0.35620111587263126
1,1,0.0,0.0,0.03779888412736909,-0.35620111587263126
2,1,0.0,0.0,0.03779888412736909,-0.35620111587263126
1,1,0.0,0.0,0.03779888412736909,-0.35620111587263126
1,1,-0.0,-0.0,0.03779888412736909,-0.35620111587263126
0,1,-0.0,-0.0,0.03779888412736909,-0.35620111587263126
2,2,0.0025003489572554827,0.0015003489572554827,0.040299233084624575,-0.3547007669153758
0,1,-0.0,-0.001,0.040299233084624575,-0.3557007669153758
1,2,0.00007643837307114154,-0.0009235616269288585,0.040375671457695717,-0.35662432854230464
1,1,-0.0,-0.001,0.040375671457695717,-0.35762432854230464
2,2,0.002078227698802948,0.001078227698802948,0.042453899156498665,-0.3565461008435017
0,2,-0.001469699083827436,-0.001469699083827436,0.04098420007267123,-0.3580157999273291
0,1,-0.0,-0.001,0.04098420007267123,-0.3590157999273291
0,2,-0.0031599916983395815,-0.0041599916983395815,0.03782420837433165,-0.3631757916256687
0,2,-0.0022942323703318834,-0.0022942323703318834,0.035529976003999764,-0.3654700239960006
2,2,0.0031811960507184267,0.0031811960507184267,0.03871117205471819,-0.36228882794528217
0,2,-0.0042157550342381,-0.0042157550342381,0.03449541702048009,-0.36650458297952027
0,2,-0.0035225723404437304,-0.0035225723404437304,0.03097284468003636,-0.370027155319964
0,2,-0.0008748778491280973,-0.0008748778491280973,0.030097966830908263,-0.3709020331690921
2,2,0.004893849138170481,0.004893849138170481,0.03499181596907874,-0.3660081840309216
1,0,-0.0007030689739622176,-0.0027030689739622176,0.034288746995116526,-0.36871125300488383
1,2,0.000024986547941807657,-0.0019750134520581924,0.03431373354305833,-0.370686266456942
0,2,-0.00280193705111742,-0.00280193705111742,0.03151179649194091,-0.37348820350805945
2,2,0.0036335797049105167,0.0036335797049105167,0.03514537619685143,-0.36985462380314893
2,2,0.0013443096540868282,0.0013443096540868282,0.03648968585093826,-0.3685103141490621
2,2,0.0036146887578070164,0.0036146887578070164,0.040104374608745275,-0.3648956253912551
1,0,-0.0007627626182511449,-0.002762762618251145,0.03934161199049413,-0.36765838800950623
0,1,-0.0,-0.001,0.03934161199049413,-0.36865838800950623
2,2,0.0013220489490777254,0.0003220489490777254,0.040663660939571855,-0.3683363390604285
1,2,-0.0005210014642216265,-0.0005210014642216265,0.04014265947535023,-0.36885734052465013
2,1,0.0,-0.001,0.04014265947535023,-0.36985734052465014
1,0,0.00007036307215457782,-0.0009296369278454222,0.040213022547504806,-0.37078697745249556
1,1,-0.0,-0.001,0.040213022547504806,-0.37178697745249556
2,1,0.0,0.0,0.040213022547504806,-0.37178697745249556
1,0,0.0003320130053907633,-0.0006679869946092367,0.04054503555289557,-0.3724549644471048
2,2,0.001297306502237916,-0.000702693497762084,0.041842342055133486,-0.3731576579448669
1,0,0.0006228586426004767,-0.0013771413573995233,0.04246520069773396,-0.3745347993022664
0,2,-0.0012885363539680839,-0.003288536353968084,0.04117666434376588,-0.3778233356562345
2,2,0.0014645799528807402,0.0014645799528807402,0.04264124429664662,-0.37635875570335375
1,0,-0.0003167302638757974,-0.0023167302638757974,0.04232451403277082,-0.37867548596722955
2,0,-0.0010719269048422575,-0.0010719269048422575,0.041252587127928564,-0.3797474128720718
2,0,-0.0023018172942101955,-0.0023018172942101955,0.03895076983371837,-0.382049230166282
0,0,0.0005877733929082751,0.0005877733929082751,0.03953854322662664,-0.38146145677337373
2,2,0.0009668748825788498,-0.0010331251174211502,0.04050541810920549,-0.3824945818907949
1,2,0.00010224625293631107,0.00010224625293631107,0.040607664362141804,-0.38239233563785857
0,2,-0.0009673007880337536,-0.0009673007880337536,0.03964036357410805,-0.3833596364258923
0,0,0.001015430549159646,-0.000984569450840354,0.0406557941232677,-0.3843442058767327
2,2,0.0060327015817165375,0.0040327015817165374,0.046688495704984234,-0.38031150429501615
0,0,0.0019855229184031487,-0.00001447708159685139,0.04867401862338738,-0.380325981376613
2,2,0.0010976606281474233,-0.0009023393718525768,0.049771679251534806,-0.3812283207484656
0,2,-0.001981876790523529,-0.001981876790523529,0.04778980246101128,-0.3832101975389891
0,2,-0.0016340392176061869,-0.0016340392176061869,0.04615576324340509,-0.3848442367565953
1,2,0.00006740252865711227,0.00006740252865711227,0.0462231657720622,-0.3847768342279382
1,2,0.00028407227364368737,0.00028407227364368737,0.04650723804570589,-0.3844927619542945
2,2,0.002001164248213172,0.002001164248213172,0.04850840229391906,-0.3824915977060813
0,0,0.0009312423062510788,-0.0010687576937489212,0.04943964460017014,-0.38356035539983024
0,2,-0.0019253548234701157,-0.003925354823470116,0.047514289776700025,-0.38748571022330036
0,2,-0.0006482696044258773,-0.0006482696044258773,0.04686602017227415,-0.38813397982772624
2,2,0.00210942467674613,0.00210942467674613,0.04897544484902028,-0.3860245551509801
1,0,0.0004257058026269078,-0.0015742941973730922,0.049401150651647185,-0.3875988493483532
2,2,0.00409421231597662,0.0020942123159766197,0.053495362967623805,-0.3855046370323766
0,0,0.0015423429431393743,-0.0004576570568606258,0.05503770591076318,-0.3859622940892372
2,2,0.0007773037650622427,-0.0012226962349377573,0.05581500967582542,-0.38718499032417497
2,2,0.0041281613521277905,0.0041281613521277905,0.05994317102795321,-0.3830568289720472
0,0,0.0009335585054941475,-0.0010664414945058525,0.06087672953344736,-0.38412327046655304
0,2,-0.0020488291047513485,-0.0040488291047513485,0.05882790042869601,-0.3881720995713044
0,2,-0.001567195518873632,-0.001567195518873632,0.05726070490982238,-0.389739295090178
1,2,0.0002991424989886582,0.0002991424989886582,0.05755984740881104,-0.38944015259118936
2,2,0.002602002350613475,0.002602002350613475,0.06016184975942451,-0.3868381502405759
2,0,-0.0018641978967934847,-0.0038641978967934847,0.05829765186263103,-0.39070234813736937
0,0,0.0023513243068009615,0.0023513243068009615,0.06064897616943199,-0.3883510238305684
0,2,-0.0014618472196161747,-0.0034618472196161747,0.059187128949815815,-0.3918128710501846
0,2,-0.0015579606406390667,-0.0015579606406390667,0.05762916830917675,-0.39337083169082365
1,2,0.00009728568693390116,0.00009728568693390116,0.05772645399611065,-0.39327354600388975
0,2,-0.004039029125124216,-0.004039029125124216,0.05368742487098643,-0.39731257512901397
2,2,0.0007105145487003028,0.0007105145487003028,0.054397939419686736,-0.39660206058031366
1,2,0.0005939389811828732,0.0005939389811828732,0.05499187840086961,-0.3960081215991308
0,2,-0.0019892859272658825,-0.0019892859272658825,0.05300259247360373,-0.3979974075263967
0,2,-0.001831528265029192,-0.001831528265029192,0.051171064208574535,-0.39982893579142587
2,2,0.0027284917887300253,0.0027284917887300253,0.05389955599730456,-0.39710044400269584
2,2,0.003613223321735859,0.003613223321735859,0.05751277931904042,-0.39348722068096
2,0,-0.0012765753781422973,-0.0032765753781422973,0.05623620394089812,-0.3967637960591023
1,2,-0.00012365657312329859,-0.0021236565731232986,0.05611254736777482,-0.3988874526322256
0,2,-0.007778521627187729,-0.007778521627187729,0.048334025740587094,-0.4066659742594133
2,2,0.0038900047075003386,0.0038900047075003386,0.05222403044808743,-0.40277596955191297
0,2,-0.011822480708360672,-0.011822480708360672,0.04040154973972676,-0.41459845026027364
1,2,-0.0009126830846071243,-0.0009126830846071243,0.03948886665511964,-0.41551113334488077
2,2,0.0021381662227213383,0.0021381662227213383,0.041627032877840975,-0.41337296712215943
2,0,-0.0040939017198979855,-0.0060939017198979855,0.03753313115794299,-0.4194668688420574
1,2,0.000041357816371601075,-0.001958642183628399,0.03757448897431459,-0.4214255110256858
1,0,0.0002480845432728529,-0.0017519154567271471,0.03782257351758744,-0.42317742648241297
1,2,0.0006527728983201087,-0.0013472271016798914,0.03847534641590755,-0.42452465358409286
1,2,-0.0007407041266560555,-0.0007407041266560555,0.0377346422892515,-0.4252653577107489
2,2,0.0031174912583082914,0.0031174912583082914,0.04085213354755979,-0.4221478664524406
2,2,0.0014774807495996356,0.0014774807495996356,0.042329614297159424,-0.420670385702841
0,2,-0.0021933310199528933,-0.0021933310199528933,0.04013628327720653,-0.4228637167227939
1,2,-0.0005137441330589354,-0.0005137441330589354,0.039622539144147595,-0.4233774608558528
0,2,-0.0017409970751032233,-0.0017409970751032233,0.03788154206904437,-0.42511845793095604
1,2,-0.0009972123662009835,-0.0009972123662009835,0.03688432970284339,-0.426115670297157
1,2,-0.0007117326022125781,-0.0007117326022125781,0.03617259710063081,-0.4268274028993696
2,2,0.006316997576504946,0.006316997576504946,0.042489594677135756,-0.42051040532286466
1,0,0.0005527685862034559,-0.0014472314137965441,0.04304236326333921,-0.4219576367366612
2,0,-0.0012524921912699938,-0.0012524921912699938,0.04178987107206922,-0.4232101289279312
0,0,0.002451528562232852,0.002451528562232852,0.04424139963430207,-0.42075860036569834
2,2,0.0012710853479802608,-0.0007289146520197392,0.04551248498228233,-0.4214875150177181
1,2,-0.00022747159528080374,-0.00022747159528080374,0.04528501338700153,-0.4217149866129989
2,2,0.0013972342712804675,0.0013972342712804675,0.046682247658281995,-0.4203177523417184
0,2,-0.002738483715802431,-0.002738483715802431,0.04394376394247956,-0.42305623605752085
2,2,0.0031183576211333275,0.0031183576211333275,0.04706212156361289,-0.4199378784363875
2,0,-0.008000371977686882,-0.010000371977686882,0.03906174958592601,-0.4299382504140744
2,0,-0.0019593085162341595,-0.0019593085162341595,0.03710244106969185,-0.43189755893030857
0,0,0.002440985292196274,0.002440985292196274,0.03954342636188812,-0.4294565736381123
2,2,0.0031869777012616396,0.0011869777012616396,0.04273040406314976,-0.42826959593685066
1,0,0.000664982944726944,-0.001335017055273056,0.04339538700787671,-0.4296046129921237
0,0,0.0014151877257972956,0.0014151877257972956,0.044810574733674,-0.4281894252663264
0,2,-0.0018614400178194046,-0.0038614400178194046,0.0429491347158546,-0.4320508652841458
1,2,0.00002729314292082563,0.00002729314292082563,0.04297642785877542,-0.432023572141225
1,2,0.0005030513275414705,0.0005030513275414705,0.043479479186316894,-0.43152052081368353
0,0,0.0009943549521267414,-0.0010056450478732586,0.044473834138443635,-0.4325261658615568
0,2,-0.0008841022499836981,-0.002884102249983698,0.04358973188845994,-0.4354102681115405
0,2,-0.0011076659429818392,-0.0011076659429818392,0.0424820659454781,-0.4365179340545223
0,2,-0.0017283490160480142,-0.0017283490160480142,0.040753716929430084,-0.43824628307057034
1,2,-0.00016804059850983322,-0.00016804059850983322,0.04058567633092025,-0.4384143236690802
0,2,-0.001716503407806158,-0.001716503407806158,0.03886917292311409,-0.44013082707688633
2,2,0.0019146574195474386,0.0019146574195474386,0.04078383034266153,-0.4382161696573389
1,2,0.0007091916049830616,0.0007091916049830616,0.04149302194764459,-0.43750697805235583
2,2,0.001202765153720975,0.001202765153720975,0.04269578710136557,-0.43630421289863486
2,0,-0.001399428118020296,-0.003399428118020296,0.04129635898334527,-0.43970364101665516
2,0,-0.000986474915407598,-0.000986474915407598,0.040309884067937674,-0.44069011593206275
2,0,-0.01110623124986887,-0.01110623124986887,0.029203652818068804,-0.4517963471819316
2,0,-0.0014799024211242795,-0.0014799024211242795,0.027723750396944524,-0.4532762496030559
0,0,0.0011122775031253695,0.0011122775031253695,0.028836027900069894,-0.45216397209993053
2,0,-0.0021456473041325808,-0.0021456473041325808,0.026690380595937313,-0.4543096194040631
0,0,0.002376277931034565,0.002376277931034565,0.029066658526971878,-0.45193334147302855
2,2,0.0028032271657139063,0.0008032271657139062,0.031869885692685784,-0.45113011430731464
0,0,0.0036966924089938402,0.0016966924089938402,0.035566578101679625,-0.4494334218983208
2,2,0.00216779881156981,0.00016779881156980987,0.037734376913249434,-0.449265623086751
1,2,0.00042484619189053774,0.00042484619189053774,0.03815922310513997,-0.44884077689486046
2,0,-0.0076995366252958775,-0.009699536625295877,0.030459686479844095,-0.45854031352015634
0,0,0.0023848037235438824,0.0023848037235438824,0.03284449020338798,-0.45615550979661246
1,0,0.000652274233289063,0.000652274233289063,0.03349676443667704,-0.4555032355633234
2,2,0.003822130151093006,0.001822130151093006,0.037318894587770046,-0.4536811054122304
1,0,0.0006996665615588427,-0.0013003334384411574,0.03801856114932889,-0.45498143885067155
0,0,0.0017712658736854792,0.0017712658736854792,0.03978982702301437,-0.45321017297698607
0,2,-0.003212444018572569,-0.005212444018572569,0.0365773830044418,-0.45842261699555864
0,0,0.001609843224287033,-0.00039015677571296696,0.03818722622872883,-0.4588127737712716
1,2,0.00032000019564293325,-0.0016799998043570668,0.038507226424371765,-0.4604927735756287
1,2,0.00010844269854715094,0.00010844269854715094,0.038615669122918916,-0.4603843308770815
0,2,-0.0018808252643793821,-0.0018808252643793821,0.036734843858539534,-0.4622651561414609
2,2,0.001795168500393629,0.001795168500393629,0.03853001235893316,-0.4604699876410673
1,1,0.0,-0.001,0.03853001235893316,-0.4614699876410673
0,1,-0.0,-0.0,0.03853001235893316,-0.4614699876410673
1,1,0.0,0.0,0.03853001235893316,-0.4614699876410673
0,2,-0.00120722281280905,-0.00220722281280905,0.03732278954612411,-0.46367721045387633
2,2,0.0029740091413259506,0.0029740091413259506,0.040296798687450064,-0.4607032013125504
0,1,-0.0,-0.001,0.040296798687450064,-0.4617032013125504
2,2,0.0035771846305578947,0.0025771846305578947,0.04387398331800796,-0.4591260166819925
0,0,0.0036540112923830748,0.0016540112923830747,0.04752799461039103,-0.4574720053896094
0,2,-0.0024395452346652746,-0.004439545234665275,0.04508844937572576,-0.4619115506242747
1,2,-0.00012099758896511048,-0.00012099758896511048,0.04496745178676065,-0.4620325482132398
2,2,0.004424434155225754,0.004424434155225754,0.0493918859419864,-0.45760811405801405
0,0,0.0018084379844367504,-0.00019156201556324963,0.05120032392642315,-0.4577996760735773
1,2,-0.00038274077815003693,-0.002382740778150037,0.050817583148273116,-0.46018241685172734
2,2,0.0037293811328709126,0.0037293811328709126,0.05454696428114403,-0.4564530357188564
1,2,0.00036712008295580745,0.00036712008295580745,0.054914084364099836,-0.4560859156359006
1,2,-0.0003638691268861294,-0.0003638691268861294,0.054550215237213706,-0.45644978476278675
0,2,-0.00183384760748595,-0.00183384760748595,0.052716367629727756,-0.4582836323702727
0,2,-0.0007608653395436704,-0.0007608653395436704,0.051955502290184086,-0.45904449770981637
1,2,-0.00019506817625369877,-0.00019506817625369877,0.05176043411393039,-0.45923956588607007
0,2,-0.001367230899631977,-0.001367230899631977,0.05039320321429841,-0.46060679678570204
1,2,-0.00017174423555843532,-0.00017174423555843532,0.050221458978739975,-0.4607785410212605
1,2,0.00043596141040325165,0.00043596141040325165,0.050657420389143226,-0.4603425796108572
2,2,0.0026115276850759983,0.0026115276850759983,0.053268948074219225,-0.45773105192578123
0,2,-0.000758215959649533,-0.000758215959649533,0.05251073211456969,-0.45848926788543076
2,2,0.000901944818906486,0.000901944818906486,0.05341267693347618,-0.4575873230665243
2,2,0.0029986852314323187,0.0029986852314323187,0.056411362164908496,-0.45458863783509196
2,0,-0.0034457817673683167,-0.005445781767368317,0.05296558039754018,-0.4600344196024603
0,0,0.0007381615578196943,0.0007381615578196943,0.053703741955359874,-0.4592962580446406
0,2,-0.0026790143456310034,-0.004679014345631003,0.05102472760972887,-0.4639752723902716
1,2,0.00005669722304446623,0.00005669722304446623,0.05108142483277334,-0.4639185751672271
0,2,-0.0012672323500737548,-0.0012672323500737548,0.04981419248269958,-0.4651858075173009
1,2,0.00003889866638928652,0.00003889866638928652,0.04985309114908887,-0.4651469088509116
0,2,-0.0006875752005726099,-0.0006875752005726099,0.04916551594851626,-0.4658344840514842
0,2,-0.0020892273169010878,-0.0020892273169010878,0.04707628863161517,-0.4679237113683853
1,2,0.00018609735707286745,0.00018609735707286745,0.04726238598868804,-0.4677376140113124
1,2,-0.0003026937192771584,-0.0003026937192771584,0.04695969226941088,-0.4680403077305896
0,2,-0.0008510507177561522,-0.0008510507177561522,0.04610864155165473,-0.46889135844834573
2,2,0.002077717799693346,0.002077717799693346,0.048186359351348074,-0.4668136406486524
0,2,-0.002177263144403696,-0.002177263144403696,0.04600909620694438,-0.4689909037930561
1,2,0.00015051547961775213,0.00015051547961775213,0.04615961168656213,-0.4688403883134383
0,2,-0.0006813620566390455,-0.0006813620566390455,0.045478249629923084,-0.4695217503700774
2,2,0.0024631707929074764,0.0024631707929074764,0.04794142042283056,-0.4670585795771699
0,0,0.001483333297073841,-0.000516666702926159,0.0494247537199044,-0.46757524628009606
2,2,0.006341087631881237,0.004341087631881237,0.05576584135178564,-0.4632341586482148
2,0,-0.010024849325418472,-0.012024849325418472,0.04574099202636717,-0.4752590079736333
1,0,0.0001227923494298011,0.0001227923494298011,0.04586378437579697,-0.4751362156242035
0,2,-0.003724260488525033,-0.005724260488525033,0.042139523887271935,-0.48086047611272853
1,2,0.0002476714726071805,0.0002476714726071805,0.042387195359879115,-0.48061280464012135
0,2,-0.002254852093756199,-0.002254852093756199,0.040132343266122916,-0.48286765673387755
2,2,0.004239850677549839,0.004239850677549839,0.044372193943672755,-0.4786278060563277
1,0,0.00013330407091416419,-0.0018666959290858359,0.04450549801458692,-0.48049450198541355
0,2,-0.0023111721966415644,-0.004311172196641564,0.042194325817945355,-0.4848056741820551
2,2,0.002628131303936243,0.002628131303936243,0.0448224571218816,-0.48217754287811887
2,2,0.0015488641802221537,0.0015488641802221537,0.04637132130210375,-0.4806286786978967
1,0,0.0005232818075455725,-0.0014767181924544275,0.046894603109649324,-0.48210539689035115
2,2,0.0027568084187805653,0.0007568084187805652,0.04965141152842989,-0.4813485884715706
1,0,-0.0003030379593838006,-0.0023030379593838007,0.04934837356904609,-0.4836516264309544
0,2,-0.001206467510201037,-0.003206467510201037,0.04814190605884505,-0.4868580939411554
0,2,-0.0012767714215442538,-0.0012767714215442538,0.0468651346373008,-0.4881348653626997
1,2,0.0002842146495822817,0.0002842146495822817,0.04714934928688308,-0.4878506507131174
1,2,0.0009195797028951347,0.0009195797028951347,0.048068928989778215,-0.48693107101022226
0,2,-0.0028686916921287775,-0.0028686916921287775,0.04520023729764944,-0.48979976270235104
2,2,0.003322141943499446,0.003322141943499446,0.04852237924114888,-0.4864776207588516
2,0,-0.0030951849184930325,-0.0050951849184930325,0.04542719432265585,-0.4915728056773446
2,0,-0.0017542662099003792,-0.0017542662099003792,0.04367292811275547,-0.493327071887245
0,0,0.0014064237475395203,0.0014064237475395203,0.04507935186029499,-0.4919206481397055
2,2,0.007207043468952179,0.005207043468952179,0.05228639532924717,-0.4867136046707533
2,0,-0.015612396411597729,-0.01761239641159773,0.03667399891764944,-0.504326001082351
1,0,0.0012069541262462735,0.0012069541262462735,0.037880953043895715,-0.5031190469561048
2,2,0.0028793872334063053,0.0008793872334063053,0.04076034027730202,-0.5022396597226985
1,0,0.0001692476071184501,-0.00183075239288155,0.04092958788442047,-0.50407041211558
2,0,-0.0019748739432543516,-0.0019748739432543516,0.03895471394116612,-0.5060452860588344
0,0,0.006262216717004776,0.006262216717004776,0.045216930658170895,-0.4997830693418296
1,2,0.001167520647868514,-0.000832479352131486,0.04638445130603941,-0.5006155486939611
0,2,-0.0019692429341375828,-0.0019692429341375828,0.044415208371901826,-0.5025847916280987
0,2,-0.0021012716460973024,-0.0021012716460973024,0.042313936725804524,-0.504686063274196
0,2,-0.005156655330210924,-0.005156655330210924,0.0371572813955936,-0.5098427186044069
0,2,-0.007642168551683426,-0.007642168551683426,0.029515112843910174,-0.5174848871560903
2,2,0.003056913148611784,0.003056913148611784,0.03257202599252196,-0.5144279740074785
2,1,0.0,-0.001,0.03257202599252196,-0.5154279740074785
1,1,0.0,0.0,0.03257202599252196,-0.5154279740074785
0,1,-0.0,-0.0,0.03257202599252196,-0.5154279740074785
0,1,-0.0,-0.0,0.03257202599252196,-0.5154279740074785
2,2,0.0022895943839102983,0.0012895943839102983,0.034861620376432256,-0.5141383796235682
0,1,-0.0,-0.001,0.034861620376432256,-0.5151383796235682
0,1,-0.0,-0.0,0.034861620376432256,-0.5151383796235682
1,1,-0.0,-0.0,0.034861620376432256,-0.5151383796235682
1,2,0.0014675954589620233,0.00046759545896202324,0.03632921583539428,-0.5146707841646062
0,1,-0.0,-0.001,0.03632921583539428,-0.5156707841646062
2,2,0.0022160857915878296,0.0012160857915878296,0.03854530162698211,-0.5144546983730184
1,1,0.0,-0.001,0.03854530162698211,-0.5154546983730184
1,2,0.0006472259992733598,-0.00035277400072664025,0.03919252762625547,-0.515807472373745
0,2,-0.0016512844013050199,-0.0016512844013050199,0.03754124322495045,-0.51745875677505
2,2,0.001767527312040329,0.001767527312040329,0.03930877053699078,-0.5156912294630097
0,2,-0.0020848477724939585,-0.0020848477724939585,0.03722392276449682,-0.5177760772355037
1,2,0.0001681393914623186,0.0001681393914623186,0.03739206215595914,-0.5176079378440414
2,2,0.0012340920511633158,0.0012340920511633158,0.038626154207122454,-0.516373845792878
0,0,0.0014467536238953471,-0.0005532463761046529,0.0400729078310178,-0.5169270921689827
0,2,-0.0034256395883858204,-0.00542563958838582,0.03664726824263198,-0.5223527317573685
1,2,0.0003513492119964212,0.0003513492119964212,0.0369986174546284,-0.5220013825453721
1,2,0.0006096073775552213,0.0006096073775552213,0.03760822483218362,-0.5213917751678169
2,2,0.006244603544473648,0.006244603544473648,0.04385282837665727,-0.5151471716233432
0,0,0.003505160566419363,0.001505160566419363,0.047357988943076634,-0.5136420110569239
2,2,0.004950143862515688,0.002950143862515688,0.05230813280559232,-0.5106918671944082
2,0,-0.0041432129219174385,-0.0061432129219174385,0.048164919883674884,-0.5168350801163256
0,0,0.0023816621396690607,0.0023816621396690607,0.050546582023343944,-0.5144534179766566
0,2,-0.0031618447974324226,-0.005161844797432423,0.04738473722591152,-0.519615262774089
1,2,0.0006278736400417984,0.0006278736400417984,0.04801261086595332,-0.5189873891340472
2,2,0.002680808072909713,0.002680808072909713,0.05069341893886303,-0.5163065810611375
2,2,0.004392867907881737,0.004392867907881737,0.05508628684674477,-0.5119137131532557
0,0,0.0024052110966295004,0.00040521109662950035,0.05749149794337427,-0.5115085020566262
2,2,0.001638560788705945,-0.000361439211294055,0.059130058732080215,-0.5118699412679203
1,2,0.00028380652656778693,0.00028380652656778693,0.059413865258648,-0.5115861347413525
0,0,0.0035096537321805954,0.0015096537321805954,0.0629235189908286,-0.5100764810091719
0,2,-0.0019626107532531023,-0.003962610753253102,0.060960908237575495,-0.514039091762425
1,2,0.0005932363565079868,0.0005932363565079868,0.06155414459408348,-0.513445855405917
1,2,-0.0005636080168187618,-0.0005636080168187618,0.06099053657726472,-0.5140094634227358
0,2,-0.0012310681631788611,-0.0012310681631788611,0.05975946841408586,-0.5152405315859147
0,0,0.0022173975594341755,0.00021739755943417545,0.061976865973520034,-0.5150231340264805
2,2,0.002845682902261615,0.0008456829022616148,0.06482254887578165,-0.5141774511242189
2,2,0.001425915164873004,0.001425915164873004,0.06624846404065465,-0.5127515359593459
2,1,0.0,-0.001,0.06624846404065465,-0.5137515359593459
1,0,-0.0005956849781796336,-0.0015956849781796336,0.06565277906247502,-0.5153472209375255
2,0,-0.0031584482640028,-0.0031584482640028,0.06249433079847222,-0.5185056692015283
1,0,-0.0006173402653075755,-0.0006173402653075755,0.061876990533164644,-0.5191230094668359
0,0,0.002463752403855324,0.002463752403855324,0.06434074293701997,-0.5166592570629805
2,2,0.012347203679382801,0.010347203679382801,0.07668794661640277,-0.5063120533835977
0,0,0.00723026879131794,0.00523026879131794,0.08391821540772071,-0.5010817845922798
1,2,0.00024721751105971634,-0.0017527824889402837,0.08416543291878043,-0.5028345670812201
2,2,0.004135889932513237,0.004135889932513237,0.08830132285129366,-0.49869867714870686
2,2,0.0033009545877575874,0.0033009545877575874,0.09160227743905125,-0.49539772256094927
0,0,0.0015118556329980493,-0.0004881443670019508,0.0931141330720493,-0.4958858669279512
2,2,0.009043310768902302,0.007043310768902302,0.1021574438409516,-0.4888425561590489
1,0,-0.0013010476250201464,-0.0033010476250201464,0.10085639621593145,-0.4921436037840691
0,0,0.0027934734243899584,0.0027934734243899584,0.10364986964032141,-0.4893501303596791
2,0,-0.003200375009328127,-0.003200375009328127,0.10044949463099329,-0.49255050536900724
2,0,-0.002862012479454279,-0.002862012479454279,0.097587482151539,-0.4954125178484615
2,1,0.0,-0.001,0.097587482151539,-0.4964125178484615
0,0,0.004127756226807833,0.0031277562268078327,0.10171523837834684,-0.4932847616216537
2,2,0.002630444709211588,0.0006304447092115879,0.10434568308755843,-0.4926543169124421
0,0,0.0026347418315708637,0.0006347418315708637,0.10698042491912929,-0.49201957508087124
0,1,-0.0,-0.001,0.10698042491912929,-0.49301957508087124
0,2,-0.007085102144628763,-0.008085102144628764,0.09989532277450053,-0.5011046772255
0,2,-0.0029805763624608517,-0.0029805763624608517,0.09691474641203968,-0.5040852535879609
1,2,-0.0003775001678150147,-0.0003775001678150147,0.09653724624422466,-0.5044627537557759
1,2,-0.0007193367346189916,-0.0007193367346189916,0.09581790950960567,-0.5051820904903949
1,2,0.00009914191468851641,0.00009914191468851641,0.09591705142429419,-0.5050829485757063
0,2,-0.00591008085757494,-0.00591008085757494,0.09000697056671925,-0.5109930294332813
1,2,0.0001378354209009558,0.0001378354209009558,0.0901448059876202,-0.5108551940123803
0,2,-0.017374588176608086,-0.017374588176608086,0.07277021781101212,-0.5282297821889884
0,2,-0.0036875626537948847,-0.0036875626537948847,0.06908265515721723,-0.5319173448427833
2,2,0.0031207152642309666,0.0031207152642309666,0.0722033704214482,-0.5287966295785523
0,2,-0.0045707374811172485,-0.0045707374811172485,0.06763263294033095,-0.5333673670596696
0,2,-0.003310387022793293,-0.003310387022793293,0.06432224591753766,-0.5366777540824629
1,2,0.0004555815539788455,0.0004555815539788455,0.0647778274715165,-0.536222172528484
1,2,0.0014373976737260818,0.0014373976737260818,0.06621522514524258,-0.534784774854758
1,2,-0.0012187142856419086,-0.0012187142856419086,0.06499651085960068,-0.5360034891403999
1,2,-0.0006764708668924868,-0.0006764708668924868,0.06432003999270819,-0.5366799600072923
1,2,0.0002799393841996789,0.0002799393841996789,0.06459997937690787,-0.5364000206230927
2,2,0.0032711727544665337,0.0032711727544665337,0.0678711521313744,-0.5331288478686261
1,2,0.00008140990394167602,0.00008140990394167602,0.06795256203531608,-0.5330474379646845
1,2,-0.0009567101951688528,-0.0009567101951688528,0.06699585184014722,-0.5340041481598533
2,2,0.0042190589010715485,0.0042190589010715485,0.07121491074121877,-0.5297850892587818
1,1,0.0,-0.001,0.07121491074121877,-0.5307850892587818
2,2,0.002279746113345027,0.001279746113345027,0.0734946568545638,-0.5295053431454367
1,1,-0.0,-0.001,0.0734946568545638,-0.5305053431454367
1,2,0.0012720690574496984,0.00027206905744969843,0.0747667259120135,-0.530233274087987
1,1,0.0,-0.001,0.0747667259120135,-0.531233274087987
1,2,-0.0010617576772347093,-0.0020617576772347093,0.07370496823477879,-0.5332950317652217
1,1,-0.0,-0.001,0.07370496823477879,-0.5342950317652218
0,2,-0.001437201863154769,-0.002437201863154769,0.07226776637162402,-0.5367322336283765
2,2,0.00144653907045722,0.00144653907045722,0.07371430544208124,-0.5352856945579193
2,2,0.001060845097526908,0.001060845097526908,0.07477515053960815,-0.5342248494603924
0,2,-0.0030073069501668215,-0.0030073069501668215,0.07176784358944133,-0.5372321564105592
0,2,-0.007429043296724558,-0.007429043296724558,0.06433880029271677,-0.5446611997072838
0,2,-0.003150738077238202,-0.003150738077238202,0.06118806221547857,-0.547811937784522
0,2,-0.0010634273057803512,-0.0010634273057803512,0.060124634909698216,-0.5488753650903023
1,2,0.0006660740473307669,0.0006660740473307669,0.06079070895702898,-0.5482092910429716
2,0,-0.0019882505293935537,-0.003988250529393554,0.05880245842763543,-0.5521975415723651
0,0,0.0036401848774403334,0.0036401848774403334,0.06244264330507576,-0.5485573566949248
0,2,-0.0019085344392806292,-0.003908534439280629,0.06053410886579513,-0.5524658911342054
2,2,0.0029351525008678436,0.0029351525008678436,0.06346926136666298,-0.5495307386333376
1,2,0.00034117643372155726,0.00034117643372155726,0.06381043780038453,-0.549189562199616
2,2,0.0032505919225513935,0.0032505919225513935,0.06706102972293593,-0.5459389702770646
0,0,0.00306283263489604,0.00106283263489604,0.07012386235783197,-0.5448761376421686
2,2,0.003344946075230837,0.0013449460752308368,0.0734688084330628,-0.5435311915669377
1,2,0.000733496155589819,0.000733496155589819,0.07420230458865262,-0.5427976954113479
0,2,-0.0026863899547606707,-0.0026863899547606707,0.07151591463389195,-0.5454840853661086
1,2,-0.0006459655705839396,-0.0006459655705839396,0.07086994906330801,-0.5461300509366925
2,2,0.0032819390762597322,0.0032819390762597322,0.07415188813956775,-0.5428481118604328
0,0,0.0018680491484701633,-0.0001319508515298367,0.07601993728803791,-0.5429800627119626
0,2,-0.0017118147807195783,-0.0037118147807195783,0.07430812250731833,-0.5466918774926822
2,2,0.00171428092289716,0.00171428092289716,0.07602240343021549,-0.5449775965697851
1,2,0.00029775474104098976,0.00029775474104098976,0.07632015817125648,-0.5446798418287441
0,2,-0.0027163191698491573,-0.0027163191698491573,0.07360383900140732,-0.5473961609985932
1,2,0.0006476353155449033,0.0006476353155449033,0.07425147431695223,-0.5467485256830483
1,2,-0.00008076109224930406,-0.00008076109224930406,0.07417071322470292,-0.5468292867752976
2,2,0.0031373859383165836,0.0031373859383165836,0.0773080991630195,-0.543691900836981
0,0,0.001052296836860478,-0.0009477031631395221,0.07836039599987998,-0.5446396040001206
2,2,0.0012563569471240044,-0.0007436430528759957,0.07961675294700399,-0.5453832470529966
0,2,-0.0008043387206271291,-0.0008043387206271291,0.07881241422637686,-0.5461875857736237
1,2,0.0006027414347045124,0.0006027414347045124,0.07941515566108137,-0.5455848443389192
1,0,0.00046423589810729027,-0.0015357641018927098,0.07987939155918866,-0.5471206084408119
1,2,-0.00006126295193098485,-0.002061262951930985,0.07981812860725768,-0.5491818713927429
1,2,-0.00011616350820986554,-0.00011616350820986554,0.07970196509904781,-0.5492980349009527
1,0,0.00014201483281794935,-0.0018579851671820507,0.07984397993186576,-0.5511560200681348
0,2,-0.0017285705544054508,-0.003728570554405451,0.07811540937746031,-0.5548845906225403
1,2,0.00007109021680662408,0.00007109021680662408,0.07818649959426693,-0.5548135004057336
0,2,-0.0006804597796872258,-0.0006804597796872258,0.07750603981457971,-0.5554939601854209
0,2,-0.0010694871889427304,-0.0010694871889427304,0.07643655262563698,-0.5565634473743636
2,2,0.0015746386488899589,0.0015746386488899589,0.07801119127452694,-0.5549888087254736
2,2,0.0014127450995147228,0.0014127450995147228,0.07942393637404166,-0.5535760636259589
2,0,-0.00067108403891325,-0.00267108403891325,0.07875285233512841,-0.5562471476648722
2,2,0.0033182778861373663,0.0013182778861373663,0.08207113022126578,-0.5549288697787348
0,0,0.000644707353785634,-0.001355292646214366,0.08271583757505141,-0.5562841624249492
0,2,-0.0006444448372349143,-0.0026444448372349143,0.0820713927378165,-0.5589286072621841
2,2,0.0006950367824174464,0.0006950367824174464,0.08276642952023394,-0.5582335704797666
2,2,0.0030467247124761343,0.0030467247124761343,0.08581315423271008,-0.5551868457672905
1,0,0.00016957311891019344,-0.0018304268810898066,0.08598272735162027,-0.5570172726483803
2,2,0.00040001803427003324,-0.0015999819657299668,0.0863827453858903,-0.5586172546141103
0,2,-0.0007209929754026234,-0.0007209929754026234,0.08566175241048768,-0.5593382475895129
0,2,-0.001229835906997323,-0.001229835906997323,0.08443191650349036,-0.5605680834965102
2,0,-0.002260342240333557,-0.004260342240333557,0.0821715742631568,-0.5648284257368438
0,0,0.0023668960202485323,0.0023668960202485323,0.08453847028340533,-0.5624615297165952
2,2,0.0008134649833664298,-0.0011865350166335702,0.08535193526677176,-0.5636480647332288
0,2,-0.0034869464579969645,-0.0034869464579969645,0.0818649888087748,-0.5671350111912258
2,2,0.0005552007351070642,0.0005552007351070642,0.08242018954388186,-0.5665798104561187
0,2,-0.003041005926206708,-0.003041005926206708,0.07937918361767515,-0.5696208163823254
1,0,-0.0002386946725891903,-0.0022386946725891903,0.07914048894508596,-0.5718595110549146
1,2,0.00024977728025987744,-0.0017502227197401226,0.07939026622534584,-0.5736097337746547
2,2,0.0008547407342121005,0.0008547407342121005,0.08024500695955794,-0.5727549930404426
2,0,-0.0021640968043357134,-0.004164096804335713,0.07808091015522223,-0.5769190898447784
0,0,0.0046735298819839954,0.0046735298819839954,0.08275444003720622,-0.5722455599627944
0,2,-0.0009784606518223882,-0.002978460651822388,0.08177597938538383,-0.5752240206146167
0,2,-0.008740004152059555,-0.008740004152059555,0.07303597523332428,-0.5839640247666763
0,2,-0.00704551674425602,-0.00704551674425602,0.06599045848906826,-0.5910095415109323
0,2,-0.0011633982649073005,-0.0011633982649073005,0.06482706022416096,-0.5921729397758396
2,0,-0.0013043112121522427,-0.0033043112121522427,0.06352274901200872,-0.5954772509879919
2,0,-0.0018903134623542428,-0.0018903134623542428,0.061632435549654474,-0.5973675644503461
0,0,0.0038316696882247925,0.0038316696882247925,0.06546410523787927,-0.5935358947621213
1,0,0.00034349955967627466,0.00034349955967627466,0.06580760479755554,-0.593192395202445
1,2,-0.0006125689833424985,-0.0026125689833424986,0.06519503581421304,-0.5958049641857875
1,2,-0.0008425803971476853,-0.0008425803971476853,0.06435245541706536,-0.5966475445829352
1,2,0.00017488273442722857,0.00017488273442722857,0.06452733815149259,-0.596472661848508
0,2,-0.0009678885107859969,-0.0009678885107859969,0.06355944964070659,-0.597440550359294
2,2,0.004970087204128504,0.004970087204128504,0.06852953684483509,-0.5924704631551655
0,0,0.0059113092720508575,0.0039113092720508575,0.07444084611688595,-0.5885591538831146
2,2,0.0068954164162278175,0.0048954164162278175,0.08133626253311377,-0.5836637374668868
2,1,0.0,-0.001,0.08133626253311377,-0.5846637374668868
0,0,0.0015777170192450285,0.0005777170192450285,0.0829139795523588,-0.5840860204476418
2,1,0.0,-0.001,0.0829139795523588,-0.5850860204476418
1,0,-0.0004535641928669065,-0.0014535641928669065,0.08246041535949189,-0.5865395846405087
0,1,-0.0,-0.001,0.08246041535949189,-0.5875395846405087
1,2,0.0008078308892436326,-0.00019216911075636747,0.08326824624873552,-0.5877317537512651
2,1,0.0,-0.001,0.08326824624873552,-0.5887317537512651
0,0,0.0021368907764554024,0.0011368907764554024,0.08540513702519092,-0.5875948629748097
0,1,-0.0,-0.001,0.08540513702519092,-0.5885948629748097
2,2,0.002887408947572112,0.001887408947572112,0.08829254597276304,-0.5867074540272376
0,2,-0.006585720926523209,-0.006585720926523209,0.08170682504623983,-0.5932931749537608
1,2,-0.00043982797069475055,-0.00043982797069475055,0.08126699707554508,-0.5937330029244555
0,2,-0.008128877729177475,-0.008128877729177475,0.0731381193463676,-0.601861880653633
2,2,0.004310789052397013,0.004310789052397013,0.07744890839876462,-0.597551091601236
0,2,-0.002892928896471858,-0.002892928896471858,0.07455597950229276,-0.6004440204977078
1,2,0.00040949092363007367,0.00040949092363007367,0.07496547042592283,-0.6000345295740778
1,2,-0.0003639160131569952,-0.0003639160131569952,0.07460155441276584,-0.6003984455872348
2,2,0.0018103569746017456,0.0018103569746017456,0.07641191138736758,-0.598588088612633
2,2,0.0011819053906947374,0.0011819053906947374,0.07759381677806232,-0.5974061832219383
1,0,-0.0006700684898532927,-0.0026700684898532927,0.07692374828820903,-0.6000762517117916
1,2,0.0009415842941962183,-0.0010584157058037818,0.07786533258240524,-0.6011346674175954
1,2,0.0007899313350208104,0.0007899313350208104,0.07865526391742605,-0.6003447360825745
0,2,-0.0035355682484805584,-0.0035355682484805584,0.0751196956689455,-0.6038803043310551
0,2,-0.011431680992245674,-0.011431680992245674,0.06368801467669982,-0.6153119853233008
1,2,-0.000845789210870862,-0.000845789210870862,0.06284222546582896,-0.6161577745341716
0,2,-0.0035046194680035114,-0.0035046194680035114,0.05933760599782545,-0.6196623940021752
2,2,0.0011617904528975487,0.0011617904528975487,0.060499396450723,-0.6185006035492776
0,2,-0.00397635530680418,-0.00397635530680418,0.05652304114391882,-0.6224769588560818
1,0,-0.0005558746051974595,-0.0025558746051974595,0.05596716653872136,-0.6250328334612792
2,2,0.0038637397810816765,0.0018637397810816764,0.059830906319803034,-0.6231690936801976
0,2,-0.0013333655660972,-0.0013333655660972,0.058497540753705835,-0.6245024592462948
0,2,-0.0021597270388156176,-0.0021597270388156176,0.05633781371489022,-0.6266621862851104
0,2,-0.0026674072723835707,-0.0026674072723835707,0.053670406442506646,-0.629329593557494
2,2,0.0030303208623081446,0.0030303208623081446,0.05670072730481479,-0.6262992726951858
0,2,-0.0019324319437146187,-0.0019324319437146187,0.05476829536110017,-0.6282317046389004
2,2,0.0038983384147286415,0.0038983384147286415,0.058666633775828814,-0.6243333662241718
1,1,0.0,-0.001,0.058666633775828814,-0.6253333662241718
1,2,0.0009470003424212337,-0.00005299965757876637,0.05961363411825005,-0.6253863658817506
1,1,0.0,-0.001,0.05961363411825005,-0.6263863658817506
1,1,-0.0,-0.0,0.05961363411825005,-0.6263863658817506
0,1,-0.0,-0.0,0.05961363411825005,-0.6263863658817506
2,2,0.00457029091194272,0.0035702909119427204,0.06418392503019277,-0.6228160749698078
0,0,0.002722939010709524,0.0007229390107095241,0.06690686404090229,-0.6220931359590983
1,2,0.0008107532048597932,-0.0011892467951402069,0.06771761724576209,-0.6232823827542385
0,2,-0.0011036720825359225,-0.0011036720825359225,0.06661394516322616,-0.6243860548367745
1,2,-0.00006748027226421982,-0.00006748027226421982,0.06654646489096194,-0.6244535351090387
0,2,-0.008534187451004982,-0.008534187451004982,0.05801227743995696,-0.6329877225600437
2,2,0.006833184044808149,0.006833184044808149,0.06484546148476511,-0.6261545385152355
1,0,0.0009866865584626794,-0.0010133134415373207,0.06583214804322779,-0.6271678519567728
2,2,0.004278730135411024,0.002278730135411024,0.07011087817863881,-0.6248891218213618
2,0,-0.00313580222427845,-0.00513580222427845,0.06697507595436036,-0.6300249240456403
0,2,-0.006214852910488844,-0.008214852910488844,0.06076022304387152,-0.6382397769561291
2,2,0.0069075352512300014,0.0069075352512300014,0.06766775829510152,-0.6313322417048991
1,2,0.0008164563332684338,0.0008164563332684338,0.06848421462836995,-0.6305157853716307
1,0,0.00012031850928906351,-0.0018796814907109365,0.06860453313765902,-0.6323954668623416
2,2,0.002087343018501997,0.00008734301850199695,0.07069187615616102,-0.6323081238438396
0,0,0.0028309107292443514,0.0008309107292443513,0.07352278688540537,-0.6314772131145953
1,2,0.0001828814420150593,-0.0018171185579849407,0.07370566832742043,-0.6332943316725802
2,2,0.0038232167717069387,0.0038232167717069387,0.07752888509912736,-0.6294711149008733
0,2,-0.006049292627722025,-0.006049292627722025,0.07147959247140534,-0.6355204075285953
1,2,-0.0007314272224903107,-0.0007314272224903107,0.07074816524891503,-0.6362518347510856
0,2,-0.001357777277007699,-0.001357777277007699,0.06939038797190733,-0.6376096120280933
2,2,0.0017131187487393618,0.0017131187487393618,0.07110350672064669,-0.6358964932793539
0,2,-0.0016498519107699394,-0.0016498519107699394,0.06945365480987675,-0.6375463451901239
1,2,0.0007802261388860643,0.0007802261388860643,0.07023388094876282,-0.6367661190512378
0,2,-0.0027041861321777105,-0.0027041861321777105,0.0675296948165851,-0.6394703051834155
0,2,-0.0018646027892827988,-0.0018646027892827988,0.06566509202730231,-0.6413349079726983
1,2,-0.0004156032809987664,-0.0004156032809987664,0.06524948874630354,-0.6417505112536971
0,2,-0.0015990932006388903,-0.0015990932006388903,0.06365039554566465,-0.643349604454336
1,2,-0.0004717916308436543,-0.0004717916308436543,0.063178603914821,-0.6438213960851796
2,2,0.003457379061728716,0.003457379061728716,0.06663598297654971,-0.6403640170234509
0,0,0.0018079198198392987,-0.00019208018016070132,0.06844390279638901,-0.6405560972036116
0,2,-0.004334073048084974,-0.006334073048084974,0.06410982974830404,-0.6468901702516966
0,2,-0.0036638753954321146,-0.0036638753954321146,0.06044595435287192,-0.6505540456471287
1,2,0.00027874845545738935,0.00027874845545738935,0.06072470280832931,-0.6502752971916713
2,2,0.0017039867816492915,0.0017039867816492915,0.0624286895899786,-0.648571310410022
0,0,0.0036380526144057512,0.0016380526144057512,0.06606674220438435,-0.6469332577956163
2,2,0.0022844152990728617,0.00028441529907286163,0.06835115750345722,-0.6466488424965434
2,2,0.0015857542166486382,0.0015857542166486382,0.06993691172010585,-0.6450630882798948
0,2,-0.0010443282080814242,-0.0010443282080814242,0.06889258351202443,-0.6461074164879762
1,2,-0.00009955059795174748,-0.00009955059795174748,0.06879303291407268,-0.646206967085928
2,2,0.0011626128107309341,0.0011626128107309341,0.06995564572480362,-0.645044354275197
2,2,0.0018557606963440776,0.0018557606963440776,0.0718114064211477,-0.6431885935788529
2,2,0.0027777741197496653,0.0027777741197496653,0.07458918054089736,-0.6404108194591033
0,0,0.0019879413302987814,-0.000012058669701218647,0.07657712187119614,-0.6404228781288045
0,2,-0.0007229261682368815,-0.0027229261682368815,0.07585419570295926,-0.6431458042970414
2,2,0.00348853156901896,0.00348853156901896,0.07934272727197822,-0.6396572727280224
0,0,0.0021542590111494064,0.0001542590111494064,0.08149698628312763,-0.639503013716873
2,2,0.0008538959664292634,-0.0011461040335707367,0.08235088224955689,-0.6406491177504438
0,0,0.0010128490393981338,-0.0009871509606018663,0.08336373128895502,-0.6416362687110456
1,2,0.0006134583964012563,-0.0013865416035987437,0.08397718968535628,-0.6430228103146444
0,2,-0.004567082971334457,-0.004567082971334457,0.07941010671402182,-0.6475898932859788
0,2,-0.0019082564394921064,-0.0019082564394921064,0.07750185027452972,-0.6494981497254709
1,2,0.00019139905634801835,0.00019139905634801835,0.07769324933087773,-0.6493067506691229
2,2,0.0012952979886904359,0.0012952979886904359,0.07898854731956817,-0.6480114526804325
2,2,0.029096996411681175,0.029096996411681175,0.10808554373124935,-0.6189144562687513
2,0,-0.004845581483095884,-0.006845581483095884,0.10323996224815346,-0.6257600377518472
1,0,0.0019291479839012027,0.0019291479839012027,0.10516911023205466,-0.623830889767946
2,2,0.007526975125074387,0.0055269751250743866,0.11269608535712905,-0.6183039146428716
1,1,-0.0,-0.001,0.11269608535712905,-0.6193039146428716
1,1,-0.0,-0.0,0.11269608535712905,-0.6193039146428716
2,1,0.0,0.0,0.11269608535712905,-0.6193039146428716
1,1,-0.0,-0.0,0.11269608535712905,-0.6193039146428716
0,1,-0.0,-0.0,0.11269608535712905,-0.6193039146428716
1,1,0.0,0.0,0.11269608535712905,-0.6193039146428716
1,1,-0.0,-0.0,0.11269608535712905,-0.6193039146428716
0,1,-0.0,-0.0,0.11269608535712905,-0.6193039146428716
0,1,-0.0,-0.0,0.11269608535712905,-0.6193039146428716
0,1,-0.0,-0.0,0.11269608535712905,-0.6193039146428716
2,1,0.0,0.0,0.11269608535712905,-0.6193039146428716
1,1,0.0,0.0,0.11269608535712905,-0.6193039146428716
1,1,-0.0,-0.0,0.11269608535712905,-0.6193039146428716
1,1,0.0,0.0,0.11269608535712905,-0.6193039146428716
1,1,-0.0,-0.0,0.11269608535712905,-0.6193039146428716
1,1,0.0,0.0,0.11269608535712905,-0.6193039146428716
1,1,-0.0,-0.0,0.11269608535712905,-0.6193039146428716
0,0,0.0023006184492260218,0.0013006184492260217,0.11499670380635507,-0.6180032961936456
0,2,-0.0008374843164347112,-0.0028374843164347113,0.11415921948992036,-0.6208407805100803
0,2,-0.003030967665836215,-0.003030967665836215,0.11112825182408415,-0.6238717481759165
0,2,-0.0021216953173279762,-0.0021216953173279762,0.10900655650675617,-0.6259934434932445
2,2,0.0016684515867382288,0.0016684515867382288,0.1106750080934944,-0.6243249919065063
2,2,0.0018024406163021922,0.0018024406163021922,0.11247744870979659,-0.6225225512902041
1,2,0.000590766198001802,0.000590766198001802,0.11306821490779839,-0.6219317850922023
1,2,0.0005020984681323171,0.0005020984681323171,0.11357031337593071,-0.6214296866240699
1,2,-0.00010300517897121608,-0.00010300517897121608,0.1134673081969595,-0.6215326918030412
2,2,0.001665367279201746,0.001665367279201746,0.11513267547616124,-0.6198673245238394
0,1,-0.0,-0.001,0.11513267547616124,-0.6208673245238394
2,2,0.0025166517589241266,0.0015166517589241266,0.11764932723508537,-0.6193506727649153
2,1,0.0,-0.001,0.11764932723508537,-0.6203506727649153
0,0,0.000543296046089381,-0.00045670395391061904,0.11819262328117475,-0.6208073767188259
2,2,0.0008545833989046514,-0.0011454166010953486,0.1190472066800794,-0.6219527933199213
0,2,-0.004068399779498577,-0.004068399779498577,0.11497880690058082,-0.6260211930994198
1,2,0.0002682128979358822,0.0002682128979358822,0.1152470197985167,-0.625752980201484
2,2,0.0012015101965516806,0.0012015101965516806,0.11644852999506838,-0.6245514700049323
0,2,-0.001549200969748199,-0.001549200969748199,0.11489932902532018,-0.6261006709746805
0,2,-0.0011625419137999415,-0.0011625419137999415,0.11373678711152024,-0.6272632128884804
1,2,0.00022450431424658746,0.00022450431424658746,0.11396129142576683,-0.6270387085742338
1,2,-0.000436780828749761,-0.000436780828749761,0.11352451059701707,-0.6274754894029836
1,2,0.000027429563488112763,0.000027429563488112763,0.11355194016050518,-0.6274480598394955
1,2,-0.00044218660332262516,-0.00044218660332262516,0.11310975355718256,-0.6278902464428181
0,2,-0.0005243973573669791,-0.0005243973573669791,0.11258535619981558,-0.6284146438001851
0,2,-0.0004917960613965988,-0.0004917960613965988,0.11209356013841898,-0.6289064398615817
0,2,-0.0010366062633693218,-0.0010366062633693218,0.11105695387504966,-0.629943046124951
1,2,-0.0003575341252144426,-0.0003575341252144426,0.11069941974983522,-0.6303005802501654
0,2,-0.000996443908661604,-0.000996443908661604,0.10970297584117361,-0.631297024158827
0,2,-0.001093254773877561,-0.001093254773877561,0.10860972106729605,-0.6323902789327046
2,2,0.0012979540042579174,0.0012979540042579174,0.10990767507155397,-0.6310923249284467
2,2,0.0017773386789485812,0.0017773386789485812,0.11168501375050255,-0.6293149862494981
0,2,-0.01784140057861805,-0.01784140057861805,0.0938436131718845,-0.6471563868281162
2,2,0.0015120889293029904,0.0015120889293029904,0.09535570210118749,-0.6456442978988132
2,0,-0.0019312654621899128,-0.003931265462189913,0.09342443663899758,-0.6495755633610031
2,2,0.0040861316956579685,0.0020861316956579685,0.09751056833465555,-0.6474894316653451
1,2,0.0003751576296053827,0.0003751576296053827,0.09788572596426093,-0.6471142740357397
0,2,-0.0075041912496089935,-0.0075041912496089935,0.09038153471465193,-0.6546184652853487
2,2,0.0037378643173724413,0.0037378643173724413,0.09411939903202438,-0.6508806009679763
2,2,0.003050347324460745,0.003050347324460745,0.09716974635648512,-0.6478302536435155
0,2,-0.004378761630505323,-0.004378761630505323,0.0927909847259798,-0.6522090152740209
1,2,-0.0013544793473556638,-0.0013544793473556638,0.09143650537862413,-0.6535634946213765
0,2,-0.004034234210848808,-0.004034234210848808,0.08740227116777533,-0.6575977288322253
0,2,-0.0033903904259204865,-0.0033903904259204865,0.08401188074185484,-0.6609881192581458
0,2,-0.0037443414330482483,-0.0037443414330482483,0.08026753930880659,-0.6647324606911941
1,2,-0.0008724874933250248,-0.0008724874933250248,0.07939505181548157,-0.6656049481845191
2,2,0.0034559646155685186,0.0034559646155685186,0.08285101643105008,-0.6621489835689506
0,1,-0.0,-0.001,0.08285101643105008,-0.6631489835689506
2,2,0.0020786779932677746,0.0010786779932677746,0.08492969442431786,-0.6620703055756828
2,2,0.0033333771862089634,0.0033333771862089634,0.08826307161052682,-0.6587369283894738
1,1,-0.0,-0.001,0.08826307161052682,-0.6597369283894738
2,1,0.0,0.0,0.08826307161052682,-0.6597369283894738
1,1,-0.0,-0.0,0.08826307161052682,-0.6597369283894738
2,2,0.0026861242949962616,0.0016861242949962616,0.09094919590552308,-0.6580508040944776
1,0,0.0006315635400824249,-0.0013684364599175752,0.09158075944560551,-0.6594192405543952
1,2,-0.0002535200328566134,-0.0022535200328566134,0.0913272394127489,-0.6616727605872518
0,2,-0.015120199881494045,-0.015120199881494045,0.07620703953125485,-0.6767929604687458
0,2,-0.010479304008185863,-0.010479304008185863,0.06572773552306899,-0.6872722644769317
2,2,0.0029715222772210836,0.0029715222772210836,0.06869925780029007,-0.6843007421997106
2,2,0.0024106402415782213,0.0024106402415782213,0.07110989804186829,-0.6818901019581324
1,2,-0.00037454848643392324,-0.00037454848643392324,0.07073534955543437,-0.6822646504445663
0,2,-0.009230846539139748,-0.009230846539139748,0.06150450301629462,-0.691495496983706
2,2,0.007278382312506437,0.007278382312506437,0.06878288532880106,-0.6842171146711996
1,2,-0.001696112216450274,-0.001696112216450274,0.06708677311235078,-0.6859132268876499
1,2,0.0015355857321992517,0.0015355857321992517,0.06862235884455004,-0.6843776411554506
2,1,0.0,-0.001,0.06862235884455004,-0.6853776411554506
1,1,0.0,0.0,0.06862235884455004,-0.6853776411554506
0,2,-0.0018877836409956217,-0.0028877836409956217,0.06673457520355441,-0.6882654247964463
2,2,0.002860032254830003,0.002860032254830003,0.06959460745838442,-0.6854053925416163
0,1,-0.0,-0.001,0.06959460745838442,-0.6864053925416163
1,2,0.0004619193496182561,-0.0005380806503817439,0.07005652680800267,-0.686943473191998
1,2,0.0005775756435468793,0.0005775756435468793,0.07063410245154955,-0.6863658975484511
0,2,-0.003089695703238249,-0.003089695703238249,0.0675444067483113,-0.6894555932516894
2,2,0.003092236118391156,0.003092236118391156,0.07063664286670246,-0.6863633571332982
1,2,-0.0011088846949860454,-0.0011088846949860454,0.06952775817171641,-0.6874722418282843
2,1,0.0,-0.001,0.06952775817171641,-0.6884722418282843
0,2,-0.006288412492722273,-0.007288412492722273,0.06323934567899414,-0.6957606543210065
2,2,0.004435542039573193,0.004435542039573193,0.06767488771856733,-0.6913251122814333
0,2,-0.0015060288133099675,-0.0015060288133099675,0.06616885890525737,-0.6928311410947433
2,2,0.0064120059832930565,0.0064120059832930565,0.07258086488855042,-0.6864191351114503
2,0,-0.0037910593673586845,-0.005791059367358685,0.06878980552119174,-0.6922101944788089
2,0,-0.001848159241490066,-0.001848159241490066,0.06694164627970167,-0.694058353720299
2,2,0.0023599176201969385,0.0003599176201969385,0.06930156389989861,-0.6936984361001021
2,0,-0.002912018680945039,-0.004912018680945039,0.06638954521895357,-0.6986104547810471
0,0,0.0013125399127602577,0.0013125399127602577,0.06770208513171383,-0.6972979148682868
0,2,-0.003646927187219262,-0.005646927187219262,0.06405515794449457,-0.7029448420555061
1,2,-0.0005110128549858928,-0.0005110128549858928,0.06354414508950867,-0.703455854910492
0,2,-0.0014755784068256617,-0.0014755784068256617,0.06206856668268301,-0.7049314333173177
2,2,0.002541232854127884,0.002541232854127884,0.0646097995368109,-0.7023902004631898
2,2,0.00136921601369977,0.00136921601369977,0.06597901555051067,-0.70102098444949
0,2,-0.0017818909836933017,-0.0017818909836933017,0.06419712456681737,-0.7028028754331833
0,2,-0.0029862583614885807,-0.0029862583614885807,0.061210866205328784,-0.7057891337946719
0,2,-0.0028400318697094917,-0.0028400318697094917,0.05837083433561929,-0.7086291656643814
1,2,0.0002783983654808253,0.0002783983654808253,0.05864923270110012,-0.7083507672989006
1,2,0.0004943881649523973,0.0004943881649523973,0.059143620866052515,-0.7078563791339482
2,2,0.0014819700736552477,0.0014819700736552477,0.06062559093970776,-0.7063744090602929
2,0,-0.003121499437838793,-0.005121499437838793,0.05750409150186897,-0.7114959084981317
1,0,-0.00020074866188224405,-0.00020074866188224405,0.057303342839986726,-0.711696657160014
2,1,0.0,-0.001,0.057303342839986726,-0.712696657160014
2,0,-0.002943981671705842,-0.003943981671705842,0.054359361168280884,-0.7166406388317198
2,2,0.00164474465418607,-0.0003552553458139301,0.056004105822466954,-0.7169958941775337
2,0,-0.0010838767047971487,-0.0030838767047971487,0.054920229117669805,-0.7200797708823309
2,0,-0.001994327176362276,-0.001994327176362276,0.05292590194130753,-0.7220740980586932
0,0,0.003549654269590974,0.003549654269590974,0.0564755562108985,-0.7185244437891022
2,0,-0.0011916374787688255,-0.0011916374787688255,0.05528391873212968,-0.719716081267871
2,1,0.0,-0.001,0.05528391873212968,-0.720716081267871
0,0,0.007956201210618019,0.006956201210618019,0.0632401199427477,-0.713759880057253
0,2,-0.0010644228896126151,-0.003064422889612615,0.06217569705313508,-0.7168243029468656
0,2,-0.0013250908814370632,-0.0013250908814370632,0.06085060617169802,-0.7181493938283027
1,2,0.0006910124211572111,0.0006910124211572111,0.06154161859285523,-0.7174583814071455
2,2,0.0027694953605532646,0.0027694953605532646,0.0643111139534085,-0.7146888860465922
0,0,0.0013237870298326015,-0.0006762129701673985,0.0656349009832411,-0.7153650990167596
2,2,0.0044743698090314865,0.0024743698090314865,0.07010927079227258,-0.7128907292077281
2,0,-0.008587042801082134,-0.010587042801082134,0.06152222799119045,-0.7234777720088102
0,0,0.0009977897861972451,0.0009977897861972451,0.06252001777738769,-0.722479982222613
2,2,0.003189676208421588,0.001189676208421588,0.06570969398580928,-0.7212903060141914
1,0,0.0008807576377876103,-0.0011192423622123897,0.06659045162359689,-0.7224095483764038
1,2,0.00012712017633020878,-0.0018728798236697913,0.0667175717999271,-0.7242824282000736
0,2,-0.002403696533292532,-0.002403696533292532,0.06431387526663457,-0.7266861247333661
2,2,0.0023952105548232794,0.0023952105548232794,0.06670908582145785,-0.7242909141785429
0,0,0.001931987702846527,-0.00006801229715347294,0.06864107352430437,-0.7243589264756963
2,1,0.0,-0.001,0.06864107352430437,-0.7253589264756963
0,0,0.003604528261348605,0.002604528261348605,0.07224560178565298,-0.7227543982143477
2,2,0.0028414286207407713,0.0008414286207407713,0.07508703040639375,-0.721912969593607
0,2,-0.00420251814648509,-0.00420251814648509,0.07088451225990866,-0.726115487740092
0,2,-0.003102914895862341,-0.003102914895862341,0.06778159736404632,-0.7292184026359544
1,2,0.0005210989038459957,0.0005210989038459957,0.06830269626789232,-0.7286973037321084
1,2,-0.00012813578359782696,-0.00012813578359782696,0.06817456048429449,-0.7288254395157062
0,2,-0.00421117665246129,-0.00421117665246129,0.0639633838318332,-0.7330366161681675
1,2,0.00001009812876873184,0.00001009812876873184,0.06397348196060193,-0.7330265180393988
2,2,0.0010948184644803405,0.0010948184644803405,0.06506830042508227,-0.7319316995749184
2,2,0.002812998602166772,0.002812998602166772,0.06788129902724904,-0.7291187009727517
2,0,-0.0020120274275541306,-0.004012027427554131,0.06586927159969491,-0.7331307284003058
0,0,0.0032563405111432076,0.0032563405111432076,0.06912561211083812,-0.7298743878891626
0,2,-0.006392348557710648,-0.008392348557710648,0.06273326355312747,-0.7382667364468732
1,2,-0.0005923573626205325,-0.0005923573626205325,0.06214090619050694,-0.7388590938094938
2,2,0.0025479095056653023,0.0025479095056653023,0.06468881569617224,-0.7363111843038285
0,2,-0.0018120467429980636,-0.0018120467429980636,0.06287676895317418,-0.7381232310468265
0,2,-0.0016747347544878721,-0.0016747347544878721,0.061202034198686306,-0.7397979658013144
1,2,-0.0003231880546081811,-0.0003231880546081811,0.060878846144078125,-0.7401211538559226
0,2,-0.011388072744011879,-0.011388072744011879,0.049490773400066246,-0.7515092265999345
0,2,-0.003563533304259181,-0.003563533304259181,0.045927240095807065,-0.7550727599041936
2,2,0.0013189566088840365,0.0013189566088840365,0.0472461967046911,-0.7537538032953096
2,2,0.0021412258502095938,0.0021412258502095938,0.049387422554900695,-0.7516125774451
1,0,-0.0008250540122389793,-0.0028250540122389794,0.048562368542661716,-0.754437631457339
2,2,0.005698508117347956,0.0036985081173479557,0.05426087666000967,-0.750739123339991
0,0,0.01475557405501604,0.01275557405501604,0.06901645071502571,-0.737983549284975
0,2,-0.008352095261216164,-0.010352095261216164,0.06066435545380955,-0.7483356445461912
2,2,0.0017319770995527506,0.0017319770995527506,0.0623963325533623,-0.7466036674466384
2,2,0.0029429032001644373,0.0029429032001644373,0.06533923575352674,-0.743660764246474
0,2,-0.002207102719694376,-0.002207102719694376,0.06313213303383236,-0.7458678669661684
0,2,-0.002960233949124813,-0.002960233949124813,0.06017189908470755,-0.7488281009152932
1,2,0.0006157404277473688,0.0006157404277473688,0.060787639512454916,-0.7482123604875458
0,2,-0.00408579409122467,-0.00408579409122467,0.056701845421230246,-0.7522981545787705
2,2,0.006282765418291092,0.006282765418291092,0.06298461083952134,-0.7460153891604794
1,2,-0.0006552629638463259,-0.0006552629638463259,0.06232934787567501,-0.7466706521243257
1,2,-0.000014486309737549163,-0.000014486309737549163,0.06231486156593746,-0.7466851384340633
1,2,-0.0007078703492879868,-0.0007078703492879868,0.061606991216649476,-0.7473930087833512
0,2,-0.007904979400336742,-0.007904979400336742,0.053702011816312734,-0.755297988183688
2,2,0.0031040310859680176,0.0031040310859680176,0.05680604290228075,-0.75219395709772
2,2,0.006051219999790192,0.006051219999790192,0.06285726290207094,-0.7461427370979298
1,1,-0.0,-0.001,0.06285726290207094,-0.7471427370979298
1,2,-0.0008154707029461861,-0.001815470702946186,0.06204179219912476,-0.748958207800876
1,2,-0.0002510763006284833,-0.0002510763006284833,0.06179071589849627,-0.7492092841015044
2,2,0.0018839333206415176,0.0018839333206415176,0.06367464921913779,-0.7473253507808629
1,2,0.0004029623232781887,0.0004029623232781887,0.06407761154241598,-0.7469223884575847
1,2,-0.0004640565312001854,-0.0004640565312001854,0.0636135550112158,-0.7473864449887849
1,1,-0.0,-0.001,0.0636135550112158,-0.7483864449887849
2,2,0.002340056234970689,0.0013400562349706888,0.06595361124618648,-0.7470463887538142
1,0,0.0005996460095047951,-0.001400353990495205,0.06655325725569128,-0.7484467427443094
1,1,-0.0,-0.001,0.06655325725569128,-0.7494467427443094
2,2,0.0012049186043441296,0.00020491860434412954,0.06775817586003541,-0.7492418241399653
2,2,0.001912271254695952,0.001912271254695952,0.06967044711473136,-0.7473295528852694
1,0,0.0004985168925486505,-0.0015014831074513495,0.07016896400728001,-0.7488310359927207
1,1,-0.0,-0.001,0.07016896400728001,-0.7498310359927207
1,2,-0.00041365469223819673,-0.0014136546922381968,0.06975530931504181,-0.7512446906849589
2,2,0.0008145497995428741,0.0008145497995428741,0.07056985911458469,-0.750430140885416
0,2,-0.001658387714996934,-0.001658387714996934,0.06891147139958775,-0.752088528600413
1,2,-0.0005462245317175984,-0.0005462245317175984,0.06836524686787016,-0.7526347531321306
1,2,-0.0005301221390254796,-0.0005301221390254796,0.06783512472884468,-0.753164875271156
2,2,0.0026244628243148327,0.0026244628243148327,0.07045958755315951,-0.7505404124468412
2,0,-0.005249652545899153,-0.007249652545899153,0.06520993500726036,-0.7577900649927404
1,0,-0.00036496069515123963,-0.00036496069515123963,0.06484497431210912,-0.7581550256878916
0,0,0.0018672439036890864,0.0018672439036890864,0.0667122182157982,-0.7562877817842025
1,2,-9.430131285625976e-6,-0.002009430131285626,0.06670278808451258,-0.7582972119154882
0,2,-0.003738031256943941,-0.003738031256943941,0.06296475682756864,-0.7620352431724321
1,2,-0.0005466666771098971,-0.0005466666771098971,0.06241809015045874,-0.762581909849542
1,2,-0.00036970022483728826,-0.00036970022483728826,0.06204838992562145,-0.7629516100743793
1,2,-0.00007717606786172837,-0.00007717606786172837,0.06197121385775972,-0.763028786142241
2,2,0.0027871604543179274,0.0027871604543179274,0.06475837431207765,-0.7602416256879231
0,0,0.004633986856788397,0.002633986856788397,0.06939236116886605,-0.7576076388311347
1,2,0.00048418028745800257,-0.0015158197125419975,0.06987654145632405,-0.7591234585436767
0,2,-0.0015715145273134112,-0.0015715145273134112,0.06830502692901064,-0.7606949730709901
0,2,-0.0007435199804604053,-0.0007435199804604053,0.06756150694855023,-0.7614384930514505
2,2,0.0010042117210105062,0.0010042117210105062,0.06856571866956074,-0.76043428133044
1,2,0.0004547103017102927,0.0004547103017102927,0.06902042897127103,-0.7599795710287297
2,0,-0.0032340812031179667,-0.005234081203117967,0.06578634776815306,-0.7652136522318477
2,0,-0.0009561798651702702,-0.0009561798651702702,0.0648301679029828,-0.7661698320970179
1,0,-0.0006523595075123012,-0.0006523595075123012,0.06417780839547049,-0.7668221916045302
2,0,-0.0014004738768562675,-0.0014004738768562675,0.06277733451861423,-0.7682226654813865
0,0,0.001986641902476549,0.001986641902476549,0.06476397642109077,-0.76623602357891
2,1,0.0,-0.001,0.06476397642109077,-0.76723602357891
0,0,0.000739840033929795,-0.000260159966070205,0.06550381645502057,-0.7674961835449802
0,1,-0.0,-0.001,0.06550381645502057,-0.7684961835449802
0,2,-0.006024606060236692,-0.0070246060602366924,0.05947921039478388,-0.7755207896052169
1,2,-0.00022155625629238784,-0.00022155625629238784,0.05925765413849149,-0.7757423458615093
0,0,0.0006667202687822282,-0.0013332797312177718,0.05992437440727372,-0.777075625592727
0,0,0.0049422793090343475,0.0049422793090343475,0.06486665371630806,-0.7721333462836927
1,0,-0.0003991136036347598,-0.0003991136036347598,0.0644675401126733,-0.7725324598873274
0,2,-0.0023332976270467043,-0.004333297627046704,0.0621342424856266,-0.7768657575143741
2,2,0.004245920106768608,0.004245920106768608,0.06638016259239521,-0.7726198374076055
2,0,-0.0018397560343146324,-0.0038397560343146325,0.06454040655808058,-0.7764595934419202
2,2,0.01258181408047676,0.01058181408047676,0.07712222063855734,-0.7658777793614434
2,0,-0.0014337310567498207,-0.0034337310567498208,0.07568848958180752,-0.7693115104181932
1,0,0.0006013304810039699,0.0006013304810039699,0.07628982006281149,-0.7687101799371893
0,2,-0.0087366858497262,-0.0107366858497262,0.06755313421308529,-0.7794468657869155
2,2,0.0019458559108898044,0.0019458559108898044,0.06949899012397509,-0.7775010098760257
2,2,0.00298672285862267,0.00298672285862267,0.07248571298259776,-0.774514287017403
1,2,-0.0007762276800349355,-0.0007762276800349355,0.07170948530256283,-0.7752905146974379
1,2,0.0011274684220552444,0.0011274684220552444,0.07283695372461807,-0.7741630462753827
0,0,0.0033246343955397606,0.0013246343955397605,0.07616158812015783,-0.7728384118798429
1,2,-0.00009284856787417084,-0.002092848567874171,0.07606873955228366,-0.7749312604477171
2,2,0.0014090833719819784,0.0014090833719819784,0.07747782292426564,-0.7735221770757351
2,2,0.002863763365894556,0.002863763365894556,0.0803415862901602,-0.7706584137098406
1,1,-0.0,-0.001,0.0803415862901602,-0.7716584137098406
0,1,-0.0,-0.0,0.0803415862901602,-0.7716584137098406
0,2,-0.009937215596437454,-0.010937215596437455,0.07040437069372274,-0.782595629306278
2,2,0.005957683548331261,0.005957683548331261,0.076362054242054,-0.7766379457579468
2,2,0.007280915509909391,0.007280915509909391,0.08364296975196339,-0.7693570302480374
0,1,-0.0,-0.001,0.08364296975196339,-0.7703570302480374
2,1,0.0,0.0,0.08364296975196339,-0.7703570302480374
2,0,-0.008498996496200562,-0.009498996496200562,0.07514397325576283,-0.7798560267442379
1,0,-0.0006906708003953099,-0.0006906708003953099,0.07445330245536752,-0.7805466975446332
1,2,-0.00010533341264817864,-0.0021053334126481787,0.07434796904271934,-0.7826520309572814
1,2,-0.0009181939531117678,-0.0009181939531117678,0.07342977508960757,-0.7835702249103932
2,2,0.001516959979198873,0.001516959979198873,0.07494673506880645,-0.7820532649311943
0,0,0.0012937732972204685,-0.0007062267027795315,0.07624050836602692,-0.7827594916339738
1,0,-0.0011430960148572922,-0.0011430960148572922,0.07509741235116962,-0.7839025876488311
1,2,0.0008202506578527391,-0.001179749342147261,0.07591766300902236,-0.7850823369909784
0,0,0.0018537675496190786,-0.0001462324503809214,0.07777143055864144,-0.7852285694413593
0,2,-0.004660991486161947,-0.006660991486161947,0.0731104390724795,-0.7918895609275213
0,2,-0.008578763343393803,-0.008578763343393803,0.06453167572908569,-0.8004683242709151
2,2,0.02140607312321663,0.02140607312321663,0.08593774885230232,-0.7790622511476984
1,0,-0.0018877359107136726,-0.0038877359107136727,0.08405001294158865,-0.7829499870584121
0,2,-0.004778279457241297,-0.006778279457241297,0.07927173348434735,-0.7897282665156534
1,2,-0.0003909482329618186,-0.0003909482329618186,0.07888078525138553,-0.7901192147486152
1,2,0.0011560677085071802,0.0011560677085071802,0.08003685295989271,-0.7889631470401081
0,2,-0.0024149627424776554,-0.0024149627424776554,0.07762189021741506,-0.7913781097825857
1,2,0.001440760912373662,0.001440760912373662,0.07906265112978872,-0.789937348870212
2,1,0.0,-0.001,0.07906265112978872,-0.790937348870212
0,1,-0.0,-0.0,0.07906265112978872,-0.790937348870212
1,1,0.0,0.0,0.07906265112978872,-0.790937348870212
1,1,-0.0,-0.0,0.07906265112978872,-0.790937348870212
1,1,0.0,0.0,0.07906265112978872,-0.790937348870212
1,0,0.001465416862629354,0.000465416862629354,0.08052806799241807,-0.7904719320075827
2,1,0.0,-0.001,0.08052806799241807,-0.7914719320075827
0,1,-0.0,-0.0,0.08052806799241807,-0.7914719320075827
1,1,-0.0,-0.0,0.08052806799241807,-0.7914719320075827
0,1,-0.0,-0.0,0.08052806799241807,-0.7914719320075827
1,2,0.0003471394593361765,-0.0006528605406638235,0.08087520745175425,-0.7921247925482465
2,1,0.0,-0.001,0.08087520745175425,-0.7931247925482465
1,1,-0.0,-0.0,0.08087520745175425,-0.7931247925482465
2,1,0.0,0.0,0.08087520745175425,-0.7931247925482465
2,1,0.0,0.0,0.08087520745175425,-0.7931247925482465
1,2,-0.00010965159890474752,-0.0011096515989047475,0.0807655558528495,-0.7942344441471513
0,2,-0.002927616937085986,-0.002927616937085986,0.07783793891576352,-0.7971620610842373
2,2,0.0032622767612338066,0.0032622767612338066,0.08110021567699732,-0.7938997843230035
2,2,0.007028834894299507,0.007028834894299507,0.08812905057129683,-0.786870949428704
1,2,-0.00034416691050864756,-0.00034416691050864756,0.08778488366078818,-0.7872151163392126
0,2,-0.003249536268413067,-0.003249536268413067,0.08453534739237512,-0.7904646526076257
2,2,0.004050300922244787,0.004050300922244787,0.0885856483146199,-0.7864143516853809
0,0,0.0027875397354364395,0.0007875397354364395,0.09137318805005634,-0.7856268119499444
2,2,0.0017283270135521889,-0.00027167298644781117,0.09310151506360853,-0.7858984849363922
1,2,0.0001565918355481699,0.0001565918355481699,0.0932581068991567,-0.7857418931008441
0,2,-0.0019771552179008722,-0.0019771552179008722,0.09128095168125583,-0.787719048318745
1,2,-0.0003768021706491709,-0.0003768021706491709,0.09090414951060666,-0.7880958504893941
0,2,-0.002162009011954069,-0.002162009011954069,0.08874214049865259,-0.7902578595013482
2,2,0.0032166794408112764,0.0032166794408112764,0.09195881993946387,-0.7870411800605369
0,2,-0.001054670661687851,-0.001054670661687851,0.09090414927777601,-0.7880958507222248
0,0,0.004452426917850971,0.002452426917850971,0.09535657619562699,-0.7856434238043738
0,2,-0.0027060320135205984,-0.0047060320135205985,0.09265054418210639,-0.7903494558178944
0,2,-0.002085142768919468,-0.002085142768919468,0.09056540141318692,-0.7924345985868139
0,2,-0.002386419801041484,-0.002386419801041484,0.08817898161214544,-0.7948210183878553
0,2,-0.002344479551538825,-0.002344479551538825,0.08583450206060661,-0.7971654979393942
1,2,0.0006285506533458829,0.0006285506533458829,0.08646305271395249,-0.7965369472860483
2,2,0.0016065721865743399,0.0016065721865743399,0.08806962490052683,-0.794930375099474
2,2,0.001572050736285746,0.001572050736285746,0.08964167563681258,-0.7933583243631882
0,0,0.0016815097769722342,-0.0003184902230277658,0.09132318541378481,-0.793676814586216
2,2,0.001636027591302991,-0.00036397240869700913,0.0929592130050878,-0.794040786994913
2,2,0.0011178660206496716,0.0011178660206496716,0.09407707902573748,-0.7929229209742633
0,2,-0.004245212767273188,-0.004245212767273188,0.08983186625846429,-0.7971681337415365
0,2,-0.0056466152891516685,-0.0056466152891516685,0.08418525096931262,-0.8028147490306882
0,2,-0.003024360630661249,-0.003024360630661249,0.08116089033865137,-0.8058391096613494
1,0,0.0006574144354090095,-0.0013425855645909906,0.08181830477406038,-0.8071816952259404
2,2,0.0031761028803884983,0.0011761028803884983,0.08499440765444888,-0.8060055923455519
2,0,-0.0017338645411655307,-0.0037338645411655307,0.08326054311328335,-0.8097394568867174
0,2,-0.0016108150593936443,-0.0036108150593936444,0.0816497280538897,-0.8133502719461111
2,2,0.005522338207811117,0.005522338207811117,0.08717206626170082,-0.8078279337383
1,0,-0.000832744815852493,-0.002832744815852493,0.08633932144584833,-0.8106606785541525
2,1,0.0,-0.001,0.08633932144584833,-0.8116606785541525
0,0,0.0068387859500944614,0.005838785950094461,0.09317810739594279,-0.805821892604058
0,2,-0.0025250655598938465,-0.0045250655598938466,0.09065304183604894,-0.8103469581639519
2,2,0.006046690046787262,0.006046690046787262,0.0966997318828362,-0.8043002681171646
2,2,0.001970133511349559,0.001970133511349559,0.09866986539418576,-0.802330134605815
1,0,0.00025941780768334866,-0.0017405821923166514,0.09892928320186911,-0.8040707167981317
2,1,0.0,-0.001,0.09892928320186911,-0.8050707167981317
1,0,-0.001161333522759378,-0.002161333522759378,0.09776794967910973,-0.8072320503208911
2,0,-0.0030202295165508986,-0.0030202295165508986,0.09474772016255883,-0.810252279837442
2,0,-0.009270730428397655,-0.009270730428397655,0.08547698973416118,-0.8195230102658396
0,0,0.002977399853989482,0.002977399853989482,0.08845438958815066,-0.8165456104118501
0,2,-0.0027977670542895794,-0.004797767054289579,0.08565662253386108,-0.8213433774661397
1,2,-0.00042313814628869295,-0.00042313814628869295,0.08523348438757239,-0.8217665156124284
1,2,0.0008694167481735349,0.0008694167481735349,0.08610290113574592,-0.8208970988642549
2,1,0.0,-0.001,0.08610290113574592,-0.8218970988642549
1,0,0.001154402387328446,0.0001544023873284459,0.08725730352307437,-0.8217426964769264
0,2,-0.02248360589146614,-0.024483605891466143,0.06477369763160823,-0.8462263023683926
1,2,0.0013270562049001455,0.0013270562049001455,0.06610075383650837,-0.8448992461634924
1,2,0.000889983493834734,0.000889983493834734,0.06699073733034311,-0.8440092626696577
1,1,-0.0,-0.001,0.06699073733034311,-0.8450092626696577
2,1,0.0,0.0,0.06699073733034311,-0.8450092626696577
2,1,0.0,0.0,0.06699073733034311,-0.8450092626696577
1,1,0.0,0.0,0.06699073733034311,-0.8450092626696577
0,1,-0.0,-0.0,0.06699073733034311,-0.8450092626696577
1,2,0.001761387917213142,0.0007613879172131419,0.06875212524755625,-0.8442478747524446
1,1,-0.0,-0.001,0.06875212524755625,-0.8452478747524446
1,1,0.0,0.0,0.06875212524755625,-0.8452478747524446
1,1,0.0,0.0,0.06875212524755625,-0.8452478747524446
2,1,0.0,0.0,0.06875212524755625,-0.8452478747524446
1,1,-0.0,-0.0,0.06875212524755625,-0.8452478747524446
0,1,-0.0,-0.0,0.06875212524755625,-0.8452478747524446
1,1,-0.0,-0.0,0.06875212524755625,-0.8452478747524446
1,1,0.0,0.0,0.06875212524755625,-0.8452478747524446
1,1,0.0,0.0,0.06875212524755625,-0.8452478747524446
1,1,0.0,0.0,0.06875212524755625,-0.8452478747524446
0,1,-0.0,-0.0,0.06875212524755625,-0.8452478747524446
1,1,0.0,0.0,0.06875212524755625,-0.8452478747524446
1,1,0.0,0.0,0.06875212524755625,-0.8452478747524446
1,1,0.0,0.0,0.06875212524755625,-0.8452478747524446
2,1,0.0,0.0,0.06875212524755625,-0.8452478747524446
0,1,-0.0,-0.0,0.06875212524755625,-0.8452478747524446
0,1,-0.0,-0.0,0.06875212524755625,-0.8452478747524446
0,2,-0.0010528790298849344,-0.0020528790298849344,0.06769924621767132,-0.8473007537823295
0,2,-0.0010033327853307128,-0.0010033327853307128,0.0666959134323406,-0.8483040865676602
2,0,-0.0006406050524674356,-0.0026406050524674356,0.06605530837987317,-0.8509446916201276
0,2,-0.0017214613035321236,-0.0037214613035321236,0.06433384707634104,-0.8546661529236598
2,2,0.0011679097078740597,0.0011679097078740597,0.0655017567842151,-0.8534982432157857
1,0,-0.000308574759401381,-0.002308574759401381,0.06519318202481372,-0.8558068179751871
1,2,-0.00027635146398097277,-0.002276351463980973,0.06491683056083275,-0.8580831694391681
1,2,0.0001581059768795967,0.0001581059768795967,0.06507493653771235,-0.8579250634622885
2,2,0.0015305742854252458,0.0015305742854252458,0.06660551082313759,-0.8563944891768632
2,0,-0.0017193944659084082,-0.003719394465908408,0.06488611635722918,-0.8601138836427716
2,0,-0.0010811305837705731,-0.0010811305837705731,0.06380498577345861,-0.8611950142265422
1,0,0.0003352080821059644,0.0003352080821059644,0.06414019385556458,-0.8608598061444362
0,2,-0.0006455174298025668,-0.002645517429802567,0.06349467642576201,-0.8635053235742388
2,2,0.0008289061370305717,0.0008289061370305717,0.06432358256279258,-0.8626764174372082
0,0,0.0013139286311343312,-0.0006860713688656688,0.06563751119392691,-0.8633624888060739
2,2,0.002253212034702301,0.000253212034702301,0.06789072322862921,-0.8631092767713716
2,0,-0.002865598537027836,-0.004865598537027836,0.06502512469160138,-0.8679748753083995
1,0,-0.0004026333917863667,-0.0004026333917863667,0.06462249129981501,-0.8683775087001858
2,2,0.0009808358736336231,-0.001019164126366377,0.06560332717344863,-0.8693966728265522
2,0,-0.0006031894590705633,-0.0026031894590705634,0.06500013771437807,-0.8719998622856228
0,0,0.0015845652669668198,0.0015845652669668198,0.06658470298134489,-0.8704152970186559
2,0,-0.0008878672961145639,-0.0008878672961145639,0.06569683568523033,-0.8713031643147705
0,0,0.0006208844715729356,0.0006208844715729356,0.06631772015680326,-0.8706822798431976
2,0,-0.0016577104106545448,-0.0016577104106545448,0.06466000974614872,-0.8723399902538521
0,0,0.001150126801803708,0.001150126801803708,0.06581013654795242,-0.8711898634520484
0,2,-0.0021532666869461536,-0.004153266686946154,0.06365686986100627,-0.8753431301389946
2,2,0.000819128006696701,0.000819128006696701,0.06447599786770297,-0.8745240021322979
2,2,0.001855306327342987,0.001855306327342987,0.06633130419504596,-0.8726686958049549
2,0,-0.0006317436345852911,-0.002631743634585291,0.06569956056046067,-0.8753004394395402
0,0,0.0025196473579853773,0.0025196473579853773,0.06821920791844605,-0.8727807920815548
2,2,0.0017981999553740025,-0.00020180004462599758,0.07001740787382005,-0.8729825921261808
0,0,0.0010132770985364914,-0.0009867229014635086,0.07103068497235654,-0.8739693150276443
0,2,-0.002697418909519911,-0.004697418909519911,0.06833326606283663,-0.8786667339371642
1,2,0.00047454427112825215,0.00047454427112825215,0.06880781033396488,-0.878192189666036
2,2,0.003146170172840357,0.003146170172840357,0.07195398050680524,-0.8750460194931956
0,2,-0.0016904787626117468,-0.0016904787626117468,0.07026350174419349,-0.8767364982558074
0,2,-0.0006554026622325182,-0.0006554026622325182,0.06960809908196097,-0.8773919009180399
1,2,0.0004307081107981503,0.0004307081107981503,0.07003880719275912,-0.8769611928072417
2,2,0.0007751854136586189,0.0007751854136586189,0.07081399260641774,-0.8761860073935831
2,2,0.001503010862506926,0.001503010862506926,0.07231700346892467,-0.8746829965310762
2,0,-0.0036226410884410143,-0.005622641088441014,0.06869436238048365,-0.8803056376195172
2,2,0.003670943435281515,0.001670943435281515,0.07236530581576517,-0.8786346941842357
1,0,0.0004192859341856092,-0.0015807140658143908,0.07278459174995078,-0.8802154082500501
1,2,0.0000395358438254334,-0.0019604641561745666,0.07282412759377621,-0.8821758724062246
1,0,0.0001599379174876958,-0.0018400620825123042,0.07298406551126391,-0.8840159344887369
0,0,0.001142800785601139,0.001142800785601139,0.07412686629686505,-0.8828731337031358
2,0,-0.006577576510608196,-0.006577576510608196,0.06754928978625685,-0.889450710213744
1,2,-0.00011807696137111634,-0.0021180769613711164,0.06743121282488573,-0.8915687871751151
0,2,-0.002077503828331828,-0.002077503828331828,0.0653537089965539,-0.893646291003447
0,2,-0.0016348166391253471,-0.0016348166391253471,0.06371889235742856,-0.8952811076425723
2,2,0.002337518148124218,0.002337518148124218,0.06605641050555278,-0.8929435894944481
0,0,0.0033815118949860334,0.0013815118949860334,0.06943792240053881,-0.891562077599462
0,2,-0.0012431751238182187,-0.0032431751238182187,0.06819474727672059,-0.8948052527232803
2,2,0.003285205690190196,0.003285205690190196,0.07147995296691079,-0.8915200470330901
0,0,0.000799240660853684,-0.001200759339146316,0.07227919362776447,-0.8927208063722364
0,2,-0.0015290107112377882,-0.0035290107112377882,0.07075018291652668,-0.8962498170834742
0,2,-0.0037118655163794756,-0.0037118655163794756,0.06703831740014721,-0.8999616825998537
0,2,-0.0025585764087736607,-0.0025585764087736607,0.06447974099137355,-0.9025202590086273
1,2,-0.0003055293927900493,-0.0003055293927900493,0.0641742115985835,-0.9028257884014174
2,2,0.0033831826876848936,0.0033831826876848936,0.06755739428626839,-0.8994426057137325
2,1,0.0,-0.001,0.06755739428626839,-0.9004426057137325
2,0,-0.001569769810885191,-0.002569769810885191,0.0659876244753832,-0.9030123755246177
2,0,-0.007304894272238016,-0.007304894272238016,0.058682730203145184,-0.9103172697968557
1,0,0.00027874414809048176,0.00027874414809048176,0.058961474351235665,-0.9100385256487652
1,2,0.000013983302778797224,-0.001986016697221203,0.05897545765401446,-0.9120245423459864
1,0,0.00023145768500398844,-0.0017685423149960116,0.05920691533901845,-0.9137930846609824
0,2,-0.0020728486124426126,-0.004072848612442613,0.05713406672657584,-0.917865933273425
0,2,-0.002656084019690752,-0.002656084019690752,0.054477982706885086,-0.9205220172931158
2,2,0.002116076648235321,0.002116076648235321,0.05659405935512041,-0.9184059406448805
1,2,0.000787996978033334,0.000787996978033334,0.05738205633315374,-0.9176179436668471
0,2,-0.008846436627209187,-0.008846436627209187,0.048535619705944555,-0.9264643802940563
0,2,-0.007964983582496643,-0.007964983582496643,0.04057063612344791,-0.934429363876553
1,2,0.0008584819152019918,0.0008584819152019918,0.041429118038649904,-0.933570881961351
1,2,0.00044549262383952737,0.00044549262383952737,0.04187461066248943,-0.9331253893375114
1,2,0.0009585998486727476,0.0009585998486727476,0.04283321051116218,-0.9321667894888387
2,2,0.001525040715932846,0.001525040715932846,0.044358251227095025,-0.9306417487729058
2,2,0.002052042866125703,0.002052042866125703,0.04641029409322073,-0.9285897059067801
0,0,0.002069293288514018,0.00006929328851401802,0.048479587381734746,-0.9285204126182661
2,2,0.0023023870307952166,0.0003023870307952165,0.05078197441252996,-0.9282180255874709
1,1,-0.0,-0.001,0.05078197441252996,-0.9292180255874709
0,2,-0.004816127009689808,-0.005816127009689808,0.045965847402840154,-0.9350341525971607
1,2,-0.00004342027386883274,-0.00004342027386883274,0.04592242712897132,-0.9350775728710295
2,2,0.0036462219431996346,0.0036462219431996346,0.049568649072170956,-0.9314313509278299
2,1,0.0,-0.001,0.049568649072170956,-0.9324313509278299
1,0,0.00022818327124696225,-0.0007718167287530378,0.04979683234341792,-0.933203167656583
1,2,0.0005099110421724617,-0.0014900889578275383,0.05030674338559038,-0.9346932566144105
2,2,0.0019252398051321507,0.0019252398051321507,0.05223198319072253,-0.9327680168092783
2,2,0.006787043064832687,0.006787043064832687,0.05901902625555522,-0.9259809737444457
0,0,0.0016322870505973697,-0.00036771294940263037,0.06065131330615259,-0.9263486866938483
1,2,-0.0008528146427124739,-0.002852814642712474,0.059798498663440114,-0.9292015013365608
1,2,-0.00003812165232375264,-0.00003812165232375264,0.05976037701111636,-0.9292396229888845
1,2,0.0002669991517905146,0.0002669991517905146,0.060027376162906876,-0.928972623837094
2,2,0.009866747073829174,0.009866747073829174,0.06989412323673605,-0.9191058767632648
2,0,-0.004736787173897028,-0.006736787173897028,0.06515733606283902,-0.9258426639371619
1,0,0.0004565244307741523,0.0004565244307741523,0.06561386049361317,-0.9253861395063877
1,2,-0.0004039446357637644,-0.0024039446357637644,0.06520991585784941,-0.9277900841421515
1,2,-0.0008268388919532299,-0.0008268388919532299,0.06438307696589618,-0.9286169230341047
1,2,-0.00019235342915635556,-0.00019235342915635556,0.06419072353673982,-0.9288092764632611
0,2,-0.0013475109590217471,-0.0013475109590217471,0.06284321257771808,-0.9301567874222828
1,2,-0.00009094936103792861,-0.00009094936103792861,0.06275226321668015,-0.9302477367833207
1,2,-0.00007158552034525201,-0.00007158552034525201,0.0626806776963349,-0.930319322303666
2,2,0.0024285779800266027,0.0024285779800266027,0.0651092556763615,-0.9278907443236394
1,0,-0.000339622056344524,-0.002339622056344524,0.06476963362001698,-0.9302303663799839
1,2,0.0006917098653502762,-0.0013082901346497238,0.06546134348536725,-0.9315386565146336
1,0,0.0006521957693621516,-0.0013478042306378484,0.0661135392547294,-0.9328864607452715
1,0,-0.00015391441411338747,-0.00015391441411338747,0.06595962484061602,-0.9330403751593849
1,1,-0.0,-0.001,0.06595962484061602,-0.9340403751593849
2,1,0.0,0.0,0.06595962484061602,-0.9340403751593849
0,0,0.0021151723340153694,0.0011151723340153694,0.06807479717463139,-0.9329252028253695
2,2,0.0009430696372874081,-0.001056930362712592,0.0690178668119188,-0.9339821331880821
1,2,0.0005130568752065301,0.0005130568752065301,0.06953092368712532,-0.9334690763128756
0,2,-0.0021107830107212067,-0.0021107830107212067,0.06742014067640412,-0.9355798593235968
1,2,-0.0002997374685946852,-0.0002997374685946852,0.06712040320780943,-0.9358795967921915
0,2,-0.0013520827051252127,-0.0013520827051252127,0.06576832050268422,-0.9372316794973167
2,2,0.0014654481783509254,0.0014654481783509254,0.06723376868103514,-0.9357662313189657
0,2,-0.0005466050351969898,-0.0005466050351969898,0.06668716364583815,-0.9363128363541627
1,2,-0.00021054850367363542,-0.00021054850367363542,0.06647661514216452,-0.9365233848578364
2,2,0.00570498825982213,0.00570498825982213,0.07218160340198665,-0.9308183965980142
0,2,-0.0014347961405292153,-0.0014347961405292153,0.07074680726145743,-0.9322531927385435
0,2,-0.002479138784110546,-0.002479138784110546,0.06826766847734689,-0.934732331522654
2,2,0.0026870432775467634,0.0026870432775467634,0.07095471175489365,-0.9320452882451072
2,0,-0.0008932353812269866,-0.0028932353812269867,0.07006147637366666,-0.9349385236263342
0,0,0.0024245302192866802,0.0024245302192866802,0.07248600659295334,-0.9325139934070475
2,2,0.0009411874925717711,-0.001058812507428229,0.07342719408552512,-0.9335728059144758
1,2,-0.0002097755641443655,-0.0002097755641443655,0.07321741852138075,-0.9337825814786201
2,2,0.0007576066418550909,0.0007576066418550909,0.07397502516323584,-0.933024974836765
2,0,-0.005238663870841265,-0.007238663870841265,0.06873636129239458,-0.9402636387076063
2,0,-0.0034583520609885454,-0.0034583520609885454,0.06527800923140603,-0.9437219907685949
2,0,-0.0030952366068959236,-0.0030952366068959236,0.06218277262451011,-0.9468172273754908
0,0,0.004008344374597073,0.004008344374597073,0.06619111699910718,-0.9428088830008937
1,2,0.00011882048420375213,-0.001881179515796248,0.06630993748331093,-0.94469006251669
0,2,-0.0017074825009331107,-0.0017074825009331107,0.06460245498237782,-0.9463975450176231
2,2,0.001438707928173244,0.001438707928173244,0.06604116291055107,-0.9449588370894498
2,2,0.0021894359961152077,0.0021894359961152077,0.06823059890666627,-0.9427694010933346
0,0,0.0025534932501614094,0.0005534932501614093,0.07078409215682768,-0.9422159078431732
0,2,-0.0020077722147107124,-0.0040077722147107125,0.06877631994211697,-0.9462236800578839
1,2,-0.00033632476697675884,-0.00033632476697675884,0.06843999517514021,-0.9465600048248607
1,2,8.692023811818217e-8,8.692023811818217e-8,0.06844008209537833,-0.9465599179046226
1,2,-0.0005839267396368086,-0.0005839267396368086,0.06785615535574152,-0.9471438446442594
1,2,-0.0005863564438186586,-0.0005863564438186586,0.06726979891192286,-0.947730201088078
2,2,0.0014827995328232646,0.0014827995328232646,0.06875259844474613,-0.9462474015552548
2,2,0.0007164373528212309,0.0007164373528212309,0.06946903579756736,-0.9455309642024335
2,2,0.0008119728299789131,0.0008119728299789131,0.07028100862754627,-0.9447189913724546
0,2,-0.0012051332741975784,-0.0012051332741975784,0.06907587535334869,-0.9459241246466522
2,2,0.003246774896979332,0.003246774896979332,0.07232265025032802,-0.9426773497496729
2,0,-0.0027633842546492815,-0.0047633842546492815,0.06955926599567874,-0.9474407340043222
2,0,-0.005777167621999979,-0.005777167621999979,0.06378209837367876,-0.9532179016263221
2,0,-0.001255412120372057,-0.001255412120372057,0.0625266862533067,-0.9544733137466942
0,0,0.004082486033439636,0.004082486033439636,0.06660917228674634,-0.9503908277132546
0,2,-0.0025121637154370546,-0.004512163715437055,0.06409700857130929,-0.9549029914286916
2,2,0.0013934855815023184,0.0013934855815023184,0.0654904941528116,-0.9535095058471893
1,2,0.00001689241071289871,0.00001689241071289871,0.0655073865635245,-0.9534926134364764
2,1,0.0,-0.001,0.0655073865635245,-0.9544926134364764
0,2,-0.0038368203677237034,-0.004836820367723703,0.0616705661958008,-0.9593294338042001
2,2,0.0010521888034418225,0.0010521888034418225,0.06272275499924262,-0.9582772450007583
1,2,0.0006110165268182755,0.0006110165268182755,0.0633337715260609,-0.95766622847394
0,0,0.0022326274774968624,0.00023262747749686237,0.06556639900355776,-0.9574336009964431
1,2,0.00004874624573858455,-0.0019512537542614155,0.06561514524929635,-0.9593848547507046
1,2,0.000397055089706555,0.000397055089706555,0.0660122003390029,-0.958987799660998
1,1,0.0,-0.001,0.0660122003390029,-0.959987799660998
2,2,0.0017199073918163776,0.0007199073918163776,0.06773210773081928,-0.9592678922691816
1,0,-0.0004941095248796046,-0.0024941095248796046,0.06723799820593968,-0.9617620017940612
0,0,0.0008392345043830574,0.0008392345043830574,0.06807723271032273,-0.9609227672896782
1,2,0.00031149733695201576,-0.0016885026630479843,0.06838873004727475,-0.9626112699527262
1,1,0.0,-0.001,0.06838873004727475,-0.9636112699527262
0,2,-0.0020871241576969624,-0.0030871241576969624,0.06630160588957779,-0.9666983941104231
1,2,0.00031637761276215315,0.00031637761276215315,0.06661798350233994,-0.966382016497661
1,2,-0.0002504681469872594,-0.0002504681469872594,0.06636751535535268,-0.9666324846446482
0,2,-0.0037617955822497606,-0.0037617955822497606,0.06260571977310292,-0.970394280226898
2,2,0.0020595421083271503,0.0020595421083271503,0.06466526188143007,-0.9683347381185708
2,0,-0.0005375299951992929,-0.002537529995199293,0.06412773188623078,-0.9708722681137701
2,2,0.0014103555586189032,-0.0005896444413810969,0.06553808744484968,-0.9714619125551512
2,0,-0.0009387881145812571,-0.002938788114581257,0.06459929933026842,-0.9744007006697325
1,0,0.00009050856169778854,0.00009050856169778854,0.06468980789196621,-0.9743101921080347
1,2,-0.00020546499581541866,-0.0022054649958154187,0.06448434289615079,-0.9765156571038501
1,2,0.000403037469368428,0.000403037469368428,0.06488738036551922,-0.9761126196344817
1,2,0.00014931817713659257,0.00014931817713659257,0.06503669854265581,-0.9759633014573451
1,2,0.00023570653866045177,0.00023570653866045177,0.06527240508131626,-0.9757275949186847
0,2,-0.0009488565265201032,-0.0009488565265201032,0.06432354855479616,-0.9766764514452048
0,2,-0.00149412895552814,-0.00149412895552814,0.06282941959926802,-0.9781705804007329
2,2,0.0006136603187769651,0.0006136603187769651,0.06344307991804499,-0.9775569200819559
2,2,0.0009414061205461621,0.0009414061205461621,0.06438448603859115,-0.9766155139614098
0,0,0.0010862102499231696,-0.0009137897500768304,0.06547069628851432,-0.9775293037114866
2,0,-0.00061466806801036,-0.00061466806801036,0.06485602822050396,-0.978143971779497
2,0,-0.0011047784937545657,-0.0011047784937545657,0.06375124972674939,-0.9792487502732515
2,2,0.0010232537752017379,-0.0009767462247982622,0.06477450350195113,-0.9802254964980498
1,2,-0.00021397853561211377,-0.00021397853561211377,0.06456052496633902,-0.9804394750336619
0,2,-0.002004554495215416,-0.002004554495215416,0.0625559704711236,-0.9824440295288773
1,2,-0.00016064172086771578,-0.00016064172086771578,0.062395328750255885,-0.982604671249745
0,2,-0.0037054545246064663,-0.0037054545246064663,0.05868987422564942,-0.9863101257743515
2,2,0.00046500572352670133,0.00046500572352670133,0.05915487994917612,-0.9858451200508248
0,2,-0.0015413719229400158,-0.0015413719229400158,0.057613508026236104,-0.9873864919737648
2,0,-0.002219208050519228,-0.004219208050519228,0.055394299975716876,-0.991605700024284
2,0,-0.0006721848621964455,-0.0006721848621964455,0.05472211511352043,-0.9922778848864805
0,2,-0.0014673571567982435,-0.0034673571567982436,0.05325475795672219,-0.9957452420432787
2,2,0.00213640951551497,0.00213640951551497,0.05539116747223716,-0.9936088325277638
2,0,-0.0014446256682276726,-0.0034446256682276726,0.053946541804009485,-0.9970534581959914
2,0,-0.002214430831372738,-0.002214430831372738,0.05173211097263675,-0.9992678890273642
1,0,0.0004246160387992859,0.0004246160387992859,0.05215672701143603,-0.9988432729885649
0,2,-0.006413093768060207,-0.008413093768060207,0.045743633243375825,-1.007256366756625
0,2,-0.0017078286036849022,-0.0017078286036849022,0.04403580463969092,-1.00896419536031
2,2,0.0013926872052252293,0.0013926872052252293,0.04542849184491615,-1.0075715081550847
2,0,-0.0011332470458000898,-0.00313324704580009,0.04429524479911606,-1.0107047552008848
2,2,0.0007200796972028911,-0.001279920302797109,0.045015324496318954,-1.0119846755036819
2,0,-0.005292028188705444,-0.007292028188705444,0.03972329630761351,-1.0192767036923873
2,0,-0.003972779959440231,-0.003972779959440231,0.03575051634817328,-1.0232494836518276
0,0,0.003352764993906021,0.003352764993906021,0.0391032813420793,-1.0198967186579215
0,2,-0.002788436133414507,-0.004788436133414507,0.03631484520866479,-1.024685154791336
0,2,-0.00927682500332594,-0.00927682500332594,0.027038020205338853,-1.033961979794662
2,2,0.0011438733199611306,0.0011438733199611306,0.028181893525299984,-1.0328181064747008
1,2,-0.0008670182432979345,-0.0008670182432979345,0.02731487528200205,-1.0336851247179988
2,2,0.0026188776828348637,0.0026188776828348637,0.029933752964836913,-1.031066247035164
0,0,0.003037196584045887,0.001037196584045887,0.0329709495488828,-1.030029050451118
1,2,-0.0004966320702806115,-0.0024966320702806116,0.03247431747860219,-1.0325256825213986
1,2,0.00013499392662197351,0.00013499392662197351,0.03260931140522416,-1.0323906885947767
2,2,0.0014233032707124949,0.0014233032707124949,0.03403261467593666,-1.0309673853240642
0,2,-0.0015714660985395312,-0.0015714660985395312,0.032461148577397125,-1.0325388514226037
2,2,0.003981682006269693,0.003981682006269693,0.03644283058366682,-1.028557169416334
2,1,0.0,-0.001,0.03644283058366682,-1.029557169416334
1,1,-0.0,-0.0,0.03644283058366682,-1.029557169416334
1,2,0.0006260410300455987,-0.0003739589699544013,0.03706887161371242,-1.0299311283862882
2,2,0.0012819826370105147,0.0012819826370105147,0.03835085425072293,-1.0286491457492777
0,1,-0.0,-0.001,0.03835085425072293,-1.0296491457492776
1,1,0.0,0.0,0.03835085425072293,-1.0296491457492776
0,1,-0.0,-0.0,0.03835085425072293,-1.0296491457492776
1,2,-0.0005598990828730166,-0.0015598990828730166,0.037790955167849916,-1.0312090448321505
1,2,0.0000889338189153932,0.0000889338189153932,0.03787988898676531,-1.031120111013235
2,1,0.0,-0.001,0.03787988898676531,-1.032120111013235
2,2,0.0016962854424491525,0.0006962854424491524,0.03957617442921446,-1.0314238255707857
2,2,0.003747330978512764,0.003747330978512764,0.043323505407727225,-1.027676494592273
0,0,0.0014354337472468615,-0.0005645662527531386,0.04475893915497409,-1.028241060845026
2,0,-0.0006014411919750273,-0.0006014411919750273,0.04415749796299906,-1.0288425020370011
0,0,0.001565797021612525,0.001565797021612525,0.045723294984611584,-1.0272767050153886
0,2,-0.001570417545735836,-0.003570417545735836,0.04415287743887575,-1.0308471225611244
0,2,-0.0009080366580747068,-0.0009080366580747068,0.04324484078080104,-1.0317551592191991
0,2,-0.0007338064606301486,-0.0007338064606301486,0.04251103432017089,-1.0324889656798293
2,2,0.0013134995242580771,0.0013134995242580771,0.04382453384442897,-1.0311754661555712
0,0,0.0020756220910698175,0.0000756220910698175,0.04590015593549879,-1.0310998440645014
2,2,0.0008404453401453793,-0.0011595546598546207,0.04674060127564417,-1.032259398724356
2,2,0.005268288776278496,0.005268288776278496,0.05200889005192266,-1.0269911099480775
2,0,-0.0013982607051730156,-0.0033982607051730156,0.05061062934674965,-1.0303893706532505
2,0,-0.0033843466080725193,-0.0033843466080725193,0.04722628273867713,-1.033773717261323
1,0,0.0003665400727186352,0.0003665400727186352,0.04759282281139576,-1.0334071771886044
2,2,0.003269548062235117,0.001269548062235117,0.05086237087363088,-1.0321376291263693
1,0,-0.00033684360096231103,-0.002336843600962311,0.05052552727266857,-1.0344744727273316
1,0,0.0003335045767016709,0.0003335045767016709,0.05085903184937024,-1.03414096815063
1,2,0.00047137655201368034,-0.0015286234479863197,0.05133040840138392,-1.0356695915986163
1,0,0.0005702680209651589,-0.001429731979034841,0.05190067642234908,-1.037099323577651
0,0,0.001962297596037388,0.001962297596037388,0.05386297401838647,-1.0351370259816137
2,1,0.0,-0.001,0.05386297401838647,-1.0361370259816136
1,0,-0.00020724351634271443,-0.0012072435163427144,0.05365573050204375,-1.0373442694979562
0,2,-0.0026979511603713036,-0.004697951160371304,0.05095777934167245,-1.0420422206583275
1,2,-0.0005032543558627367,-0.0005032543558627367,0.05045452498580971,-1.0425454750141903
2,2,0.006810101680457592,0.006810101680457592,0.057264626666267304,-1.0357353733337327
2,0,-0.001075092819519341,-0.003075092819519341,0.05618953384674796,-1.038810466153252
1,0,0.000612551171798259,0.000612551171798259,0.05680208501854622,-1.0381979149814538
0,2,-0.002585052279755473,-0.004585052279755473,0.05421703273879075,-1.0427829672612092
0,2,-0.0026561857666820288,-0.0026561857666820288,0.05156084697210872,-1.0454391530278913
0,2,-0.0016390085220336914,-0.0016390085220336914,0.04992183845007503,-1.047078161549925
0,2,-0.0008684652275405824,-0.0008684652275405824,0.04905337322253445,-1.0479466267774655
1,2,-0.00045762109220959246,-0.00045762109220959246,0.048595752130324854,-1.0484042478696751
0,2,-0.0008415402844548225,-0.0008415402844548225,0.04775421184587003,-1.04924578815413
0,2,-0.004320681560784578,-0.004320681560784578,0.04343353028508545,-1.0535664697149145
2,2,0.0023216509725898504,0.0023216509725898504,0.045755181257675304,-1.0512448187423247
0,0,0.0020262098405510187,0.000026209840551018673,0.04778139109822632,-1.0512186089017737
0,0,0.001179258688353002,0.001179258688353002,0.048960649786579324,-1.0500393502134207
0,2,-0.002405828796327114,-0.004405828796327114,0.04655482099025221,-1.0544451790097478
2,2,0.003682366805151105,0.003682366805151105,0.050237187795403315,-1.0507628122045967
1,2,-0.00026418938068673015,-0.00026418938068673015,0.049972998414716585,-1.0510270015852834
2,2,0.0035994190257042646,0.0035994190257042646,0.05357241744042085,-1.0474275825595791
2,2,0.004482417833060026,0.004482417833060026,0.058054835273480876,-1.042945164726519
0,0,0.0009622017969377339,-0.0010377982030622662,0.05901703707041861,-1.0439829629295814
1,2,-0.000832824211101979,-0.002832824211101979,0.05818421285931663,-1.0468157871406834
2,2,0.0024395522195845842,0.0024395522195845842,0.060623765078901215,-1.0443762349210988
2,2,0.002702483208850026,0.002702483208850026,0.06332624828775124,-1.0416737517122487
2,0,-0.005382559262216091,-0.007382559262216091,0.05794368902553515,-1.0490563109744648
1,0,-0.00019984113168902695,-0.00019984113168902695,0.05774384789384612,-1.0492561521061539
0,0,0.002825292060151696,0.002825292060151696,0.06056913995399782,-1.0464308600460022
0,2,-0.0014585979515686631,-0.003458597951568663,0.059110542002429156,-1.0498894579975708
1,2,-0.00014022894902154803,-0.00014022894902154803,0.05897031305340761,-1.0500296869465924
2,2,0.001225526793859899,0.001225526793859899,0.06019583984726751,-1.0488041601527325
1,0,-0.0005902909906581044,-0.0025902909906581045,0.0596055488566094,-1.0513944511433906
0,2,-0.0009240508079528809,-0.002924050807952881,0.05868149804865652,-1.0543185019513435
0,2,-0.001084891497157514,-0.001084891497157514,0.05759660655149901,-1.055403393448501
1,2,0.000523425405845046,0.000523425405845046,0.058120031957344054,-1.054879968042656
2,2,0.002620689570903778,0.002620689570903778,0.06074072152824783,-1.0522592784717522
2,0,-0.0017739207250997424,-0.0037739207250997425,0.05896680080314809,-1.056033199196852
1,0,0.00048447417793795466,0.00048447417793795466,0.059451274981086044,-1.055548725018914
1,2,-0.0001527541026007384,-0.0021527541026007384,0.059298520878485306,-1.0577014791215147
1,2,0.00012188196706119925,0.00012188196706119925,0.059420402845546505,-1.0575795971544535
2,2,0.002064886037260294,0.002064886037260294,0.0614852888828068,-1.0555147111171932
0,0,0.003168744733557105,0.001168744733557105,0.0646540336163639,-1.054345966383636
1,2,0.000603733176831156,-0.001396266823168844,0.06525776679319506,-1.055742233206805
0,2,-0.0018902114825323224,-0.0018902114825323224,0.06336755531066274,-1.0576324446893373
0,2,-0.002032683463767171,-0.002032683463767171,0.06133487184689557,-1.0596651281531044
1,2,0.00010686163295758888,0.00010686163295758888,0.061441733479853156,-1.0595582665201468
2,2,0.0029908199794590473,0.0029908199794590473,0.0644325534593122,-1.0565674465406878
0,2,-0.0015586443478241563,-0.0015586443478241563,0.06287390911148805,-1.058126090888512
0,0,0.001096801832318306,-0.0009031981676816941,0.06397071094380635,-1.0590292890561936
0,2,-0.0011552803916856647,-0.0031552803916856647,0.06281543055212069,-1.0621845694478793
1,2,0.00011172457016073167,0.00011172457016073167,0.06292715512228142,-1.0620728448777186
0,2,-0.0008193753892555833,-0.0008193753892555833,0.062107779733025836,-1.0628922202669742
0,2,-0.0019273476209491491,-0.0019273476209491491,0.06018043211207669,-1.0648195678879233
2,0,-0.0020568573381751776,-0.004056857338175178,0.05812357477390151,-1.0688764252260985
1,2,0.00005055044312030077,-0.0019494495568796993,0.05817412521702181,-1.0708258747829782
0,2,-0.0036664383951574564,-0.0036664383951574564,0.054507686821864354,-1.0744923131781356
1,2,0.00038348528323695064,0.00038348528323695064,0.054891172105101305,-1.0741088278948987
0,2,-0.0011845752596855164,-0.0011845752596855164,0.05370659684541579,-1.0752934031545842
0,2,-0.0019975309260189533,-0.0019975309260189533,0.051709065919396835,-1.0772909340806032
2,2,0.001051336177624762,0.001051336177624762,0.0527604020970216,-1.0762395979029784
0,2,-0.003313314402475953,-0.003313314402475953,0.049447087694545644,-1.0795529123054544
1,2,-0.0001377144071739167,-0.0001377144071739167,0.04930937328737173,-1.0796906267126283
2,0,-0.0017644321778789163,-0.0037644321778789163,0.04754494110949281,-1.0834550588905072
0,0,0.004713963717222214,0.004713963717222214,0.052258904826715025,-1.078741095173285
0,0,0.0011711616534739733,0.0011711616534739733,0.053430066480189,-1.077569933519811
0,2,-0.002449719700962305,-0.004449719700962305,0.05098034677922669,-1.0820196532207733
2,2,0.0018870329950004816,0.0018870329950004816,0.052867379774227174,-1.0801326202257728
2,2,0.001064261537976563,0.001064261537976563,0.05393164131220374,-1.0790683586877963
2,2,0.0012793916976079345,0.0012793916976079345,0.05521103300981167,-1.0777889669901883
1,0,-0.00016579775547143072,-0.0021657977554714308,0.05504523525434024,-1.0799547647456598
2,0,-0.0007896917522884905,-0.0007896917522884905,0.05425554350205175,-1.0807444564979483
0,2,-0.0008664032793603837,-0.002866403279360384,0.05338914022269137,-1.0836108597773086
1,2,-0.00014807774277869612,-0.00014807774277869612,0.05324106247991267,-1.0837589375200873
0,2,-0.0013970053987577558,-0.0013970053987577558,0.051844057081154915,-1.085155942918845
2,2,0.0010684229200705886,0.0010684229200705886,0.052912480001225504,-1.0840875199987745
2,2,0.0012891405494883657,0.0012891405494883657,0.05420162055071387,-1.0827983794492861
1,0,0.00014717959857080132,-0.0018528204014291987,0.05434880014928467,-1.0846511998507153
2,0,-0.0023145098239183426,-0.0023145098239183426,0.05203429032536633,-1.0869657096746337
0,0,0.0023061262909322977,0.0023061262909322977,0.054340416616298626,-1.0846595833837014
1,0,0.0002474778739269823,0.0002474778739269823,0.05458789449022561,-1.0844121055097744
2,2,0.000645924243144691,-0.001354075756855309,0.0552338187333703,-1.0857661812666297
2,0,-0.0012650579446926713,-0.0032650579446926713,0.05396876078867763,-1.0890312392113224
1,0,0.00016887536912690848,0.00016887536912690848,0.054137636157804536,-1.0888623638421955
1,2,0.0003564428770914674,-0.0016435571229085327,0.054494079034896004,-1.090505920965104
2,0,-0.00047057573101483285,-0.002470575731014833,0.05402350330388117,-1.0929764966961188
1,0,-0.00014080193068366498,-0.00014080193068366498,0.053882701373197506,-1.0931172986268025
2,2,0.0003555810253601521,-0.001644418974639848,0.05423828239855766,-1.0947617176014424
0,2,-0.0017789117991924286,-0.0017789117991924286,0.05245937059936523,-1.0965406294006348
0,2,-0.0009520016610622406,-0.0009520016610622406,0.05150736893830299,-1.097492631061697
1,2,-0.00008219053415814415,-0.00008219053415814415,0.051425178404144845,-1.0975748215958552
1,2,0.00016506563406437635,0.00016506563406437635,0.05159024403820922,-1.0974097559617908
2,2,0.0005633513210341334,0.0005633513210341334,0.052153595359243354,-1.0968464046407567
1,2,-0.0000885290646692738,-0.0000885290646692738,0.05206506629457408,-1.096934933705426
0,2,-0.0007813820266164839,-0.0007813820266164839,0.0512836842679576,-1.0977163157320424
1,2,-0.0002214867708971724,-0.0002214867708971724,0.051062197497060424,-1.0979378025029396
0,2,-0.0013844092609360814,-0.0013844092609360814,0.04967778823612434,-1.0993222117638757
2,0,-0.0016502393409609795,-0.0036502393409609795,0.04802754889516336,-1.1029724511048367
1,2,-0.0001845607184804976,-0.0021845607184804976,0.047842988176682866,-1.1051570118233172
0,2,-0.0015156365698203444,-0.0015156365698203444,0.04632735160686252,-1.1066726483931375
2,0,-0.0014643684262409806,-0.0034643684262409807,0.04486298318062154,-1.1101370168193785
1,0,-0.0002050566690741107,-0.0002050566690741107,0.04465792651154743,-1.1103420734884526
2,2,0.0011124686570838094,-0.0008875313429161907,0.04577039516863124,-1.1112296048313688
0,2,-0.001610487001016736,-0.001610487001016736,0.0441599081676145,-1.1128400918323855
2,2,0.00046638076310046017,0.00046638076310046017,0.044626288930714963,-1.112373711069285
0,0,0.0013946881517767906,-0.0006053118482232094,0.046020977082491754,-1.1129790229175083
2,2,0.0007021286292001605,-0.0012978713707998395,0.046723105711691915,-1.1142768942883081
2,0,-0.0006929917144589126,-0.0026929917144589127,0.046030113997233,-1.116969886002767
1,2,-0.0001896732283057645,-0.0021896732283057645,0.04584044076892724,-1.1191595592310728
0,2,-0.0013985020341351628,-0.0013985020341351628,0.044441938734792075,-1.120558061265208
1,2,0.0002735556336119771,0.0002735556336119771,0.04471549436840405,-1.120284505631596
0,2,-0.0018679860513657331,-0.0018679860513657331,0.04284750831703832,-1.1221524916829617
2,2,0.0027035120874643326,0.0027035120874643326,0.04555102040450265,-1.1194489795954974
0,0,0.0008416714845225215,-0.0011583285154774785,0.04639269188902517,-1.1206073081109749
0,0,0.00044023888767696917,0.00044023888767696917,0.04683293077670214,-1.120167069223298
0,2,-0.00149522814899683,-0.00349522814899683,0.04533770262770531,-1.1236622973722947
2,2,0.00084928038995713,0.00084928038995713,0.04618698301766244,-1.1228130169823376
2,2,0.0011554298689588904,0.0011554298689588904,0.04734241288662133,-1.1216575871133787
0,0,0.0026572656352072954,0.0006572656352072954,0.04999967852182863,-1.1210003214781714
0,0,0.0071852910332381725,0.0071852910332381725,0.0571849695550668,-1.1138150304449332
0,2,-0.001170452916994691,-0.003170452916994691,0.05601451663807211,-1.116985483361928
0,2,-0.000749711412936449,-0.000749711412936449,0.05526480522513566,-1.1177351947748644
2,2,0.004038501065224409,0.004038501065224409,0.05930330629036007,-1.11369669370964
0,0,0.001888919505290687,-0.00011108049470931296,0.061192225795650756,-1.1138077742043493
0,0,0.006508217193186283,0.006508217193186283,0.06770044298883704,-1.107299557011163
0,2,-0.007862747646868229,-0.009862747646868229,0.05983769534196881,-1.1171623046580312
0,2,-0.0024922704324126244,-0.0024922704324126244,0.057345424909556186,-1.1196545750904439
2,2,0.0009689581347629428,0.0009689581347629428,0.05831438304431913,-1.118685616955681
0,2,-0.002599953440949321,-0.002599953440949321,0.05571442960336981,-1.1212855703966302
2,2,0.004046933725476265,0.004046933725476265,0.05976136332884607,-1.117238636671154
1,0,-0.0007516313926316798,-0.00275163139263168,0.059009731936214393,-1.1199902680637857
0,2,-0.001226156367920339,-0.003226156367920339,0.057783575568294054,-1.123216424431706
2,2,0.003470860654488206,0.003470860654488206,0.06125443622278226,-1.1197455637772178
0,2,-0.0017470294842496514,-0.0017470294842496514,0.05950740673853261,-1.1214925932614674
0,2,-0.0010423982748761773,-0.0010423982748761773,0.05846500846365643,-1.1225349915363436
0,2,-0.0019059862243011594,-0.0019059862243011594,0.05655902223935527,-1.1244409777606448
0,2,-0.0017957390518859029,-0.0017957390518859029,0.05476328318746937,-1.1262367168125307
1,2,0.0002710518892854452,0.0002710518892854452,0.055034335076754815,-1.1259656649232452
0,2,-0.0027274764142930508,-0.0027274764142930508,0.052306858662461764,-1.1286931413375383
2,2,0.005860096774995327,0.005860096774995327,0.05816695543745709,-1.122833044562543
2,2,0.0016665203729644418,0.0016665203729644418,0.05983347581042153,-1.1211665241895785
0,0,0.0028964632656425238,0.0008964632656425237,0.06272993907606406,-1.120270060923936
1,2,0.00006871014193166047,-0.0019312898580683396,0.06279864921799572,-1.1222013507820043
0,2,-0.002272155601531267,-0.002272155601531267,0.06052649361646445,-1.1244735063835356
0,2,-0.002125655533745885,-0.002125655533745885,0.058400838082718565,-1.1265991619172815
0,2,-0.0030788276344537735,-0.0030788276344537735,0.05532201044826479,-1.1296779895517353
2,2,0.004712081979960203,0.004712081979960203,0.060034092428224994,-1.124965907571775
2,2,0.0009103030897676945,0.0009103030897676945,0.06094439551799269,-1.1240556044820074
2,2,0.001982518006116152,0.001982518006116152,0.06292691352410884,-1.1220730864758912
2,0,-0.0027434821240603924,-0.004743482124060392,0.06018343140004845,-1.1268165685999516
2,0,-0.0010189102031290531,-0.0010189102031290531,0.059164521196919395,-1.1278354788030807
1,0,-0.0003864312020596117,-0.0003864312020596117,0.058778089994859783,-1.1282219100051403
0,0,0.0017638036515563726,0.0017638036515563726,0.060541893646416156,-1.126458106353584
1,2,0.000308538437820971,-0.001691461562179029,0.06085043208423713,-1.128149567915763
1,2,0.00005904083445784636,0.00005904083445784636,0.060909472918694973,-1.128090527081305
1,2,-0.0003095827123615891,-0.0003095827123615891,0.060599890206333384,-1.1284001097936667
1,2,0.00009995868458645418,0.00009995868458645418,0.06069984889091984,-1.1283001511090802
0,2,-0.0026541955303400755,-0.0026541955303400755,0.05804565336057976,-1.1309543466394203
2,2,0.0020332096610218287,0.0020332096610218287,0.06007886302160159,-1.1289211369783985
1,2,-0.0005189055227674544,-0.0005189055227674544,0.05955995749883414,-1.129440042501166
0,2,-0.0077041457407176495,-0.0077041457407176495,0.05185581175811649,-1.1371441882418836
0,2,-0.0015881088329479098,-0.0015881088329479098,0.05026770292516858,-1.1387322970748315
0,2,-0.001117191044613719,-0.001117191044613719,0.04915051188055486,-1.1398494881194452
2,2,0.0029554523061960936,0.0029554523061960936,0.05210596418675095,-1.136894035813249
2,0,-0.0015683439560234547,-0.0035683439560234547,0.0505376202307275,-1.1404623797692726
1,2,-0.00002059550752164796,-0.002020595507521648,0.05051702472320585,-1.1424829752767942
0,2,-0.0014314011204987764,-0.0014314011204987764,0.049085623602707074,-1.143914376397293
2,2,0.0020685954950749874,0.0020685954950749874,0.05115421909778206,-1.141845780902218
2,2,0.001963130896911025,0.001963130896911025,0.053117349994693086,-1.139882650005307
0,2,-0.0030249012634158134,-0.0030249012634158134,0.05009244873127727,-1.1429075512687228
0,2,-0.0038296752609312534,-0.0038296752609312534,0.04626277347034602,-1.146737226529654
2,2,0.0042783236131072044,0.0042783236131072044,0.050541097083453224,-1.1424589029165468
2,2,0.00422520749270916,0.00422520749270916,0.05476630457616238,-1.1382336954238377
1,0,0.0003565188671927899,-0.0016434811328072101,0.05512282344335517,-1.1398771765566449
1,2,-0.00011679533054120839,-0.0021167953305412084,0.055006028112813965,-1.141993971887186
1,2,0.00034865803900174797,0.00034865803900174797,0.05535468615181571,-1.1416453138481844
2,2,0.0009962822077795863,0.0009962822077795863,0.0563509683595953,-1.1406490316404048
2,2,0.0018337714718654752,0.0018337714718654752,0.058184739831460774,-1.1388152601685393
1,0,-0.0007742571760900319,-0.002774257176090032,0.05741048265537074,-1.1415895173446293
1,0,-0.0003647056582849473,-0.0003647056582849473,0.057045776997085795,-1.1419542230029143
0,0,0.0021874839439988136,0.0021874839439988136,0.05923326094108461,-1.1397667390589155
2,2,0.00791920069605112,0.005919200696051121,0.06715246163713573,-1.1338475383628643
0,0,0.003296209964901209,0.0012962099649012088,0.07044867160203694,-1.1325513283979631
2,2,0.0033961867447942495,0.0013961867447942495,0.07384485834683119,-1.1311551416531689
1,2,0.0002575020771473646,0.0002575020771473646,0.07410236042397855,-1.1308976395760215
0,0,0.0010685964953154325,-0.0009314035046845675,0.07517095691929399,-1.131829043080706
0,1,-0.0,-0.001,0.07517095691929399,-1.132829043080706
1,2,0.000718398136086762,-0.00028160186391323807,0.07588935505538075,-1.133110644944619
0,2,-0.0014273426495492458,-0.0014273426495492458,0.0744620124058315,-1.1345379875941684
1,2,-0.00002911645242420491,-0.00002911645242420491,0.0744328959534073,-1.1345671040465926
1,2,-0.0002588207717053592,-0.0002588207717053592,0.07417407518170194,-1.134825924818298
0,2,-0.002161512617021799,-0.002161512617021799,0.07201256256468014,-1.1369874374353197
0,2,-0.0035539965610951185,-0.0035539965610951185,0.06845856600358502,-1.1405414339964148
2,2,0.0021823965944349766,0.0021823965944349766,0.07064096259802,-1.1383590374019799
0,2,-0.0032039438374340534,-0.0032039438374340534,0.06743701876058594,-1.141562981239414
0,2,-0.007227989844977856,-0.007227989844977856,0.06020902891560809,-1.1487909710843918
1,2,0.00012752501061186194,0.00012752501061186194,0.06033655392621995,-1.14866344607378
0,2,-0.001940585789270699,-0.001940585789270699,0.05839596813694925,-1.1506040318630506
2,2,0.002090999623760581,0.002090999623760581,0.06048696776070983,-1.14851303223929
1,2,-0.0003535666619427502,-0.0003535666619427502,0.06013340109876708,-1.1488665989012328
0,2,-0.0013939173659309745,-0.0013939173659309745,0.058739483732836106,-1.1502605162671637
1,2,0.0006864087772555649,0.0006864087772555649,0.05942589251009167,-1.1495741074899082
0,2,-0.0026923345867544413,-0.0026923345867544413,0.05673355792333723,-1.1522664420766626
0,2,-0.0021307305432856083,-0.0021307305432856083,0.05460282738005162,-1.1543971726199482
0,2,-0.0009995002765208483,-0.0009995002765208483,0.05360332710353077,-1.155396672896469
2,2,0.00485306978225708,0.00485306978225708,0.058456396885787854,-1.150543603114212
1,0,-0.0003654523170553148,-0.002365452317055315,0.05809094456873254,-1.1529090554312673
0,2,-0.005603370722383261,-0.007603370722383261,0.05248757384634928,-1.1605124261536506
0,2,-0.01932496577501297,-0.01932496577501297,0.03316260807133631,-1.1798373919286635
2,2,0.008477600291371346,0.008477600291371346,0.041640208362707654,-1.1713597916372922
0,2,-0.0036527938209474087,-0.0036527938209474087,0.037987414541760245,-1.1750125854582396
0,2,-0.0017989836633205414,-0.0017989836633205414,0.036188430878439704,-1.1768115691215602
2,0,-0.002347479807212949,-0.004347479807212949,0.033840951071226755,-1.181159048928773
1,2,-2.741729474564636e-7,-0.0020002741729474565,0.0338406768982793,-1.1831593231017206
0,2,-0.003896083915606141,-0.003896083915606141,0.029944592982673157,-1.1870554070173267
2,2,0.004372665658593178,0.004372665658593178,0.034317258641266335,-1.1826827413587335
2,2,0.0019006859511137009,0.0019006859511137009,0.036217944592380036,-1.1807820554076198
1,2,-0.0005353345768526196,-0.0005353345768526196,0.035682610015527416,-1.1813173899844724
1,2,-0.00038038025377318263,-0.00038038025377318263,0.035302229761754234,-1.1816977702382456
0,2,-0.0022108741104602814,-0.0022108741104602814,0.03309135565129395,-1.183908644348706
1,2,-0.0007797217695042491,-0.0007797217695042491,0.0323116338817897,-1.1846883661182102
1,2,0.0009808209724724293,0.0009808209724724293,0.03329245485426213,-1.1837075451457377
1,2,-0.00036564841866493225,-0.00036564841866493225,0.0329268064355972,-1.1840731935644027
2,2,0.0022585156839340925,0.0022585156839340925,0.03518532211953129,-1.1818146778804686
1,1,0.0,-0.001,0.03518532211953129,-1.1828146778804685
0,1,-0.0,-0.0,0.03518532211953129,-1.1828146778804685
2,2,0.0021877882536500692,0.0011877882536500692,0.03737311037318136,-1.1816268896268183
2,2,0.0021892294753342867,0.0021892294753342867,0.03956233984851565,-1.179437660151484
2,1,0.0,-0.001,0.03956233984851565,-1.1804376601514839
0,0,0.007631232962012291,0.006631232962012291,0.04719357281052794,-1.1738064271894715
2,2,0.0017605500761419535,-0.00023944992385804657,0.04895412288666989,-1.1740458771133295
2,2,0.003956564702093601,0.003956564702093601,0.052910687588763494,-1.170089312411236
2,2,0.0040114931762218475,0.0040114931762218475,0.05692218076498534,-1.166077819235014
0,0,0.0015662852674722672,-0.0004337147325277329,0.05848846603245761,-1.1665115339675418
0,2,-0.0050780330784618855,-0.0070780330784618855,0.05341043295399572,-1.1735895670460037
2,2,0.0010641735279932618,0.0010641735279932618,0.054474606481988985,-1.1725253935180104
2,2,0.0016514179296791553,0.0016514179296791553,0.05612602441166814,-1.1708739755883313
1,1,0.0,-0.001,0.05612602441166814,-1.1718739755883312
1,1,0.0,0.0,0.05612602441166814,-1.1718739755883312
1,1,0.0,0.0,0.05612602441166814,-1.1718739755883312
0,1,-0.0,-0.0,0.05612602441166814,-1.1718739755883312
1,2,-0.00021696207113564014,-0.0012169620711356402,0.0559090623405325,-1.1730909376594667
2,2,0.0013298202538862824,0.0013298202538862824,0.05723888259441878,-1.1717611174055804
1,1,0.0,-0.001,0.05723888259441878,-1.1727611174055803
1,1,-0.0,-0.0,0.05723888259441878,-1.1727611174055803
1,1,-0.0,-0.0,0.05723888259441878,-1.1727611174055803
0,1,-0.0,-0.0,0.05723888259441878,-1.1727611174055803
0,2,-0.0014560293639078736,-0.0024560293639078737,0.05578285323051091,-1.175217146769488
1,2,0.0003726468130480498,0.0003726468130480498,0.05615550004355896,-1.17484449995644
2,2,0.0012707315618172288,0.0012707315618172288,0.05742623160537619,-1.1735737683946228
0,0,0.0011108069447800517,-0.0008891930552199483,0.05853703855015624,-1.1744629614498427
2,1,0.0,-0.001,0.05853703855015624,-1.1754629614498426
0,0,0.0008544779266230762,-0.00014552207337692382,0.059391516476779316,-1.1756084835232194
1,2,-0.00017127604223787785,-0.002171276042237878,0.05922024043454144,-1.1777797595654573
2,2,0.0010457719909027219,0.0010457719909027219,0.06026601242544416,-1.1767339875745546
1,0,0.00012066294584656134,-0.0018793370541534387,0.06038667537129072,-1.178613324628708
1,0,0.00006006266630720347,0.00006006266630720347,0.060446738037597925,-1.1785532619624008
2,2,0.0004797606961801648,-0.0015202393038198352,0.06092649873377809,-1.1800735012662207
1,1,-0.0,-0.001,0.06092649873377809,-1.1810735012662206
0,1,-0.0,-0.0,0.06092649873377809,-1.1810735012662206
2,1,0.0,0.0,0.06092649873377809,-1.1810735012662206
2,1,0.0,0.0,0.06092649873377809,-1.1810735012662206
2,0,-0.00027576900902204216,-0.0012757690090220422,0.06065072972475605,-1.1823492702752425
0,1,-0.0,-0.001,0.06065072972475605,-1.1833492702752424
0,2,-0.0023213226813822985,-0.0033213226813822985,0.05832940704337375,-1.1866705929566246
2,0,-0.0008581305737607181,-0.002858130573760718,0.05747127646961303,-1.1895287235303853
1,2,-0.00010553556785453111,-0.002105535567854531,0.0573657409017585,-1.1916342590982398
0,2,-0.0006407622713595629,-0.0006407622713595629,0.05672497863039894,-1.1922750213695994
1,2,-0.0000865938127390109,-0.0000865938127390109,0.056638384817659926,-1.1923616151823384
2,2,0.0004897461039945483,0.0004897461039945483,0.057128130921654474,-1.1918718690783439
2,0,-0.0009415180538780987,-0.0029415180538780988,0.056186612867776375,-1.194813387132222
1,0,0.000028764106900780462,0.000028764106900780462,0.056215376974677156,-1.1947846230253212
1,0,-0.0000868376882863231,-0.0000868376882863231,0.05612853928639083,-1.1948714607136075
0,0,0.0013795193517580628,0.0013795193517580628,0.057508058638148896,-1.1934919413618494
1,0,-5.303161287883995e-6,-5.303161287883995e-6,0.05750275547686101,-1.1934972445231373
0,0,0.0004941376391798258,0.0004941376391798258,0.05799689311604084,-1.1930031068839575
2,0,-0.002959619276225567,-0.002959619276225567,0.05503727383981527,-1.195962726160183
2,0,-0.001922739204019308,-0.001922739204019308,0.05311453463579596,-1.1978854653642024
2,0,-0.001709234667941928,-0.001709234667941928,0.051405299967854035,-1.1995947000321443
2,0,-0.0016715707024559379,-0.0016715707024559379,0.0497337292653981,-1.2012662707346002
1,0,0.0001678571425145492,0.0001678571425145492,0.049901586407912646,-1.2010984135920857
2,0,-0.0008167002233676612,-0.0008167002233676612,0.049084886184544985,-1.2019151138154534
2,0,-0.0003992183192167431,-0.0003992183192167431,0.04868566786532824,-1.20231433213467
2,0,-0.004216312896460295,-0.004216312896460295,0.04446935496886795,-1.2065306450311304
1,0,-0.00027242646319791675,-0.00027242646319791675,0.04419692850567003,-1.2068030714943283
2,0,-0.009916206821799278,-0.009916206821799278,0.03428072168387075,-1.2167192783161276
2,0,-0.00201193755492568,-0.00201193755492568,0.03226878412894507,-1.2187312158710533
2,0,-0.0008610467775724828,-0.0008610467775724828,0.03140773735137259,-1.2195922626486257
0,0,0.0036166151985526085,0.0036166151985526085,0.0350243525499252,-1.2159756474500731
0,0,0.0009416592656634748,0.0009416592656634748,0.03596601181558867,-1.2150339881844097
2,0,-0.000961416692007333,-0.000961416692007333,0.03500459512358134,-1.215995404876417
1,0,0.0004069396818522364,0.0004069396818522364,0.035411534805433575,-1.2155884651945648
1,0,0.0005247683147899806,0.0005247683147899806,0.035936303120223556,-1.2150636968797748
0,1,-0.0,-0.001,0.035936303120223556,-1.2160636968797747
2,2,0.002086097141727805,0.0010860971417278051,0.03802240026195136,-1.2149775997380468
2,0,-0.002087820554152131,-0.004087820554152131,0.03593457970779923,-1.2190654202921989
1,0,-0.00009946004138328135,-0.00009946004138328135,0.03583511966641595,-1.2191648803335822
1,0,0.00018483407620806247,0.00018483407620806247,0.03601995374262401,-1.218980046257374
1,0,-0.0000876041958690621,-0.0000876041958690621,0.03593234954675495,-1.2190676504532432
1,0,0.0006946212379261851,0.0006946212379261851,0.036626970784681134,-1.218373029215317
2,2,0.01070050522685051,0.00870050522685051,0.047327476011531644,-1.2096725239884665
2,0,-0.007095313630998135,-0.009095313630998135,0.04023216238053351,-1.2187678376194646
0,0,0.0019131966400891542,0.0019131966400891542,0.042145359020622664,-1.2168546409793755
0,0,0.001665657851845026,0.001665657851845026,0.04381101687246769,-1.2151889831275304
2,2,0.0036698761396110058,0.0016698761396110057,0.047480893012078695,-1.2135191069879194
1,0,0.00030799899832345545,-0.0016920010016765446,0.04778889201040215,-1.215211107989596
2,0,-0.0022495747543871403,-0.0022495747543871403,0.04553931725601501,-1.2174606827439831
1,0,0.00006353823118843138,0.00006353823118843138,0.04560285548720344,-1.2173971445127947
1,0,0.0007140761590562761,0.0007140761590562761,0.04631693164625972,-1.2166830683537384
1,2,0.00011455268395366147,-0.0018854473160463386,0.04643148433021338,-1.2185685156697847
2,0,-0.001069138408638537,-0.003069138408638537,0.04536234592157484,-1.2216376540784233
2,2,0.0018704072572290897,-0.0001295927427709103,0.04723275317880393,-1.2217672468211942
1,0,0.00022407909273169935,-0.0017759209072683007,0.04745683227153563,-1.2235431677284625
1,0,0.00038741022581234574,0.00038741022581234574,0.04784424249734798,-1.2231557575026502
1,0,0.0006954436539672315,0.0006954436539672315,0.04853968615131521,-1.222460313848683
0,2,-0.002492779167369008,-0.004492779167369008,0.0460469069839462,-1.226953093016052
0,2,-0.0016459091566503048,-0.0016459091566503048,0.044400997827295896,-1.2285990021727022
1,2,-0.00010851831757463515,-0.00010851831757463515,0.04429247950972126,-1.2287075204902769
0,2,-0.0016908415127545595,-0.0016908415127545595,0.0426016379969667,-1.2303983620030314
0,2,-0.002177758142352104,-0.002177758142352104,0.0404238798546146,-1.2325761201453835
0,2,-0.005922384560108185,-0.005922384560108185,0.03450149529450641,-1.2384985047054917
2,2,0.0012540238676592708,0.0012540238676592708,0.03575551916216568,-1.2372444808378324
2,2,0.001164004672318697,0.001164004672318697,0.03691952383448438,-1.2360804761655138
1,2,-0.00046846579061821103,-0.00046846579061821103,0.03645105804386617,-1.236548941956132
2,2,0.003555289003998041,0.003555289003998041,0.04000634704786421,-1.232993652952134
2,0,-0.0016785938059911132,-0.0036785938059911132,0.0383277532418731,-1.236672246758125
0,0,0.00431308476254344,0.00431308476254344,0.04264083800441654,-1.2323591619955816
0,0,0.0023449715226888657,0.0023449715226888657,0.0449858095271054,-1.2300141904728927
2,2,0.003581539960578084,0.001581539960578084,0.04856734948768349,-1.2284326505123147
2,2,0.004128033760935068,0.004128033760935068,0.052695383248618555,-1.2243046167513796
2,0,-0.0056598312221467495,-0.0076598312221467495,0.047035552026471805,-1.2319644479735263
2,0,-0.002326515270397067,-0.002326515270397067,0.04470903675607474,-1.2342909632439234
0,0,0.004068062640726566,0.004068062640726566,0.048777099396801304,-1.2302229006031968
0,0,0.001934315892867744,0.001934315892867744,0.05071141528966905,-1.228288584710329
2,2,0.0009521499159745872,-0.0010478500840254128,0.051663565205643636,-1.2293364347943545
2,1,0.0,-0.001,0.051663565205643636,-1.2303364347943544
2,1,0.0,0.0,0.051663565205643636,-1.2303364347943544
0,0,0.0024284375831484795,0.0014284375831484794,0.054092002788792115,-1.2289079972112058
1,1,-0.0,-0.001,0.054092002788792115,-1.2299079972112057
2,1,0.0,0.0,0.054092002788792115,-1.2299079972112057
2,2,0.0024541777092963457,0.0014541777092963457,0.05654618049808846,-1.2284538195019092
0,0,0.002735959365963936,0.0007359593659639358,0.0592821398640524,-1.2277178601359453
2,1,0.0,-0.001,0.0592821398640524,-1.2287178601359452
2,0,-0.013633490540087223,-0.014633490540087224,0.045648649323965174,-1.2433513506760323
2,0,-0.0025874401908367872,-0.0025874401908367872,0.043061209133128386,-1.245938790866869
1,0,0.0011213022517040372,0.0011213022517040372,0.044182511384832424,-1.244817488615165
2,0,-0.0043586743995547295,-0.0043586743995547295,0.039823836985277694,-1.2491761630147198
0,0,0.003318552626296878,0.003318552626296878,0.04314238961157457,-1.245857610388423
2,0,-0.0034673563204705715,-0.0034673563204705715,0.039675033291104,-1.2493249667088935
2,0,-0.004150203429162502,-0.004150203429162502,0.0355248298619415,-1.253475170138056
1,0,-0.0011161552974954247,-0.0011161552974954247,0.03440867456444607,-1.2545913254355514
1,0,-0.0009538665181025863,-0.0009538665181025863,0.03345480804634349,-1.255545191953654
0,0,0.006553223356604576,0.006553223356604576,0.04000803140294806,-1.2489919685970494
2,2,0.003982362803071737,0.0019823628030717372,0.0439903942060198,-1.2470096057939777
2,0,-0.0017515401123091578,-0.003751540112309158,0.04223885409371064,-1.2507611459062868
1,1,0.0,-0.001,0.04223885409371064,-1.2517611459062867
1,0,-0.00016027830133680254,-0.0011602783013368026,0.04207857579237384,-1.2529214242076234
2,1,0.0,-0.001,0.04207857579237384,-1.2539214242076233
2,0,-0.007189661264419556,-0.008189661264419557,0.034888914527954284,-1.2621110854720428
0,0,0.0014051776379346848,0.0014051776379346848,0.03629409216588897,-1.260705907834108
2,0,-0.0015938692959025502,-0.0015938692959025502,0.03470022286998642,-1.2622997771300106
1,0,-0.0011489184107631445,-0.0011489184107631445,0.033551304459223275,-1.2634486955407738
1,0,0.00016624017735011876,0.00016624017735011876,0.03371754463657339,-1.2632824553634237
1,2,-0.0006061600870452821,-0.002606160087045282,0.03311138454952811,-1.265888615450469
0,1,-0.0,-0.001,0.03311138454952811,-1.2668886154504688
2,2,0.002292741322889924,0.001292741322889924,0.035404125872418035,-1.2655958741275788
0,0,0.0013435170985758305,-0.0006564829014241696,0.036747642970993866,-1.266252357029003
2,1,0.0,-0.001,0.036747642970993866,-1.2672523570290029
2,1,0.0,0.0,0.036747642970993866,-1.2672523570290029
0,0,0.0019407125655561686,0.0009407125655561685,0.038688355536550034,-1.2663116444634466
2,1,0.0,-0.001,0.038688355536550034,-1.2673116444634465
2,1,0.0,0.0,0.038688355536550034,-1.2673116444634465
2,0,-0.0018306145211681724,-0.0028306145211681724,0.03685774101538186,-1.2701422589846145
0,0,0.006770080886781216,0.006770080886781216,0.04362782190216308,-1.2633721780978333
2,2,0.009187963791191578,0.007187963791191578,0.052815785693354655,-1.2561842143066417
0,0,0.0014970656484365463,-0.0005029343515634537,0.0543128513417912,-1.2566871486582052
2,0,-0.0015532724792137742,-0.0015532724792137742,0.05275957886257743,-1.258240421137419
2,0,-0.004900433123111725,-0.004900433123111725,0.0478591457394657,-1.2631408542605307
2,0,-0.00273370323702693,-0.00273370323702693,0.04512544250243877,-1.2658745574975576
0,0,0.0015278577338904142,0.0015278577338904142,0.04665330023632919,-1.2643466997636672
0,0,0.004168657120317221,0.004168657120317221,0.05082195735664641,-1.26017804264335
1,2,0.0008933994686231017,-0.0011066005313768983,0.05171535682526951,-1.2612846431747269
2,1,0.0,-0.001,0.05171535682526951,-1.2622846431747268
0,1,-0.0,-0.0,0.05171535682526951,-1.2622846431747268
0,1,-0.0,-0.0,0.05171535682526951,-1.2622846431747268
2,2,0.002350505907088518,0.0013505059070885181,0.05406586273235803,-1.2609341372676381
1,1,0.0,-0.001,0.05406586273235803,-1.261934137267638
0,1,-0.0,-0.0,0.05406586273235803,-1.261934137267638
1,1,-0.0,-0.0,0.05406586273235803,-1.261934137267638
1,1,-0.0,-0.0,0.05406586273235803,-1.261934137267638
0,1,-0.0,-0.0,0.05406586273235803,-1.261934137267638
2,2,0.0033243687357753515,0.0023243687357753515,0.05739023146813338,-1.2596097685318626
2,2,0.002175265224650502,0.002175265224650502,0.05956549669278388,-1.257434503307212
1,0,-0.0010464182123541832,-0.0030464182123541832,0.0585190784804297,-1.2604809215195663
1,0,0.000759676331654191,0.000759676331654191,0.05927875481208389,-1.259721245187912
1,1,0.0,-0.001,0.05927875481208389,-1.260721245187912
1,1,0.0,0.0,0.05927875481208389,-1.260721245187912
2,0,-0.004501762334257364,-0.005501762334257364,0.054776992477826525,-1.2662230075221692
2,0,-0.011022585444152355,-0.011022585444152355,0.04375440703367417,-1.2772455929663216
2,0,-0.002412062603980303,-0.002412062603980303,0.04134234442969387,-1.2796576555703019
0,0,0.0039247628301382065,0.0039247628301382065,0.04526710725983207,-1.2757328927401637
2,0,-0.003803665516898036,-0.003803665516898036,0.04146344174293404,-1.2795365582570617
1,0,-0.0009994313586503267,-0.0009994313586503267,0.04046401038428371,-1.280535989615712
0,0,0.0017384111415594816,0.0017384111415594816,0.04220242152584319,-1.2787975784741525
0,0,0.0011551984352990985,0.0011551984352990985,0.04335761996114229,-1.2776423800388534
2,0,-0.001392495702020824,-0.001392495702020824,0.04196512425912147,-1.2790348757408743
0,1,-0.0,-0.001,0.04196512425912147,-1.2800348757408742
0,1,-0.0,-0.0,0.04196512425912147,-1.2800348757408742
0,2,-0.0019247832242399454,-0.0029247832242399454,0.04004034103488152,-1.282959658965114
1,1,-0.0,-0.001,0.04004034103488152,-1.2839596589651139
2,2,0.00319100939668715,0.00219100939668715,0.04323135043156867,-1.2817686495684266
2,1,0.0,-0.001,0.04323135043156867,-1.2827686495684265
1,0,-0.00022610611631534994,-0.00122610611631535,0.04300524431525332,-1.2839947556847418
1,1,-0.0,-0.001,0.04300524431525332,-1.2849947556847416
1,1,-0.0,-0.0,0.04300524431525332,-1.2849947556847416
1,0,0.0004620762774720788,-0.0005379237225279212,0.0434673205927254,-1.2855326794072695
1,2,-0.00048094632802531123,-0.0024809463280253113,0.04298637426470009,-1.2880136257352948
1,2,-0.0006486907950602472,-0.0006486907950602472,0.04233768346963984,-1.288662316530355
0,2,-0.0012803624849766493,-0.0012803624849766493,0.04105732098466319,-1.2899426790153317
1,2,0.00026526887086220086,0.00026526887086220086,0.04132258985552539,-1.2896774101444695
2,2,0.003108136123046279,0.003108136123046279,0.04443072597857167,-1.2865692740214232
0,0,0.0031541185453534126,0.0011541185453534126,0.047584844523925085,-1.2854151554760698
0,2,-0.0017121204873546958,-0.003712120487354696,0.04587272403657039,-1.2891272759634245
0,2,-0.0005857633659616113,-0.0005857633659616113,0.04528696067060878,-1.289713039329386
1,2,0.00022491721028927714,0.00022491721028927714,0.045511877880898055,-1.2894881221190968
0,0,0.0014196004485711455,-0.0005803995514288545,0.0469314783294692,-1.2900685216705257
2,0,-0.0031584128737449646,-0.0031584128737449646,0.043773065455724236,-1.2932269345442706
0,0,0.0005442642723210156,0.0005442642723210156,0.04431732972804525,-1.2926826702719496
2,2,0.0024399852845817804,0.0004399852845817804,0.04675731501262703,-1.2922426849873678
2,0,-0.0007896011811681092,-0.0027896011811681092,0.04596771383145892,-1.295032286168536
2,0,-0.0008485431899316609,-0.0008485431899316609,0.04511917064152726,-1.2958808293584676
0,0,0.0019080049823969603,0.0019080049823969603,0.04702717562392422,-1.2939728243760706
2,1,0.0,-0.001,0.04702717562392422,-1.2949728243760705
2,0,-0.013422754593193531,-0.014422754593193532,0.03360442103073069,-1.309395578969264
0,0,0.002059824066236615,0.002059824066236615,0.035664245096967306,-1.3073357549030273
2,0,-0.01122000440955162,-0.01122000440955162,0.024444240687415686,-1.318555759312579
1,0,0.0003581290948204696,0.0003581290948204696,0.024802369782236156,-1.3181976302177585
1,0,0.0010233161738142371,0.0010233161738142371,0.025825685956050393,-1.3171743140439442
0,0,0.00229366822168231,0.00229366822168231,0.028119354177732703,-1.314880645822262
1,2,-0.0009437261614948511,-0.002943726161494851,0.02717562801623785,-1.3178243719837568
0,2,-0.012725414708256721,-0.012725414708256721,0.01445021330798113,-1.3305497866920135
1,2,0.00006104486965341493,0.00006104486965341493,0.014511258177634545,-1.33048874182236
2,2,0.0035427461843937635,0.0035427461843937635,0.01805400436202831,-1.3269459956379663
0,1,-0.0,-0.001,0.01805400436202831,-1.3279459956379662
1,1,0.0,0.0,0.01805400436202831,-1.3279459956379662
1,1,-0.0,-0.0,0.01805400436202831,-1.3279459956379662
0,1,-0.0,-0.0,0.01805400436202831,-1.3279459956379662
2,1,0.0,0.0,0.01805400436202831,-1.3279459956379662
0,1,-0.0,-0.0,0.01805400436202831,-1.3279459956379662
1,1,-0.0,-0.0,0.01805400436202831,-1.3279459956379662
0,1,-0.0,-0.0,0.01805400436202831,-1.3279459956379662
1,1,0.0,0.0,0.01805400436202831,-1.3279459956379662
1,1,0.0,0.0,0.01805400436202831,-1.3279459956379662
2,1,0.0,0.0,0.01805400436202831,-1.3279459956379662
2,1,0.0,0.0,0.01805400436202831,-1.3279459956379662
1,1,-0.0,-0.0,0.01805400436202831,-1.3279459956379662
2,1,0.0,0.0,0.01805400436202831,-1.3279459956379662
1,0,-0.0006068203947506845,-0.0016068203947506845,0.017447183967277624,-1.3295528160327168
0,0,0.002190122613683343,0.002190122613683343,0.019637306580960967,-1.3273626934190335
0,1,-0.0,-0.001,0.019637306580960967,-1.3283626934190333
1,1,0.0,0.0,0.019637306580960967,-1.3283626934190333
2,2,0.0029240460135042667,0.0019240460135042667,0.022561352594465234,-1.326438647405529
0,0,0.004507435951381922,0.0025074359513819217,0.027068788545847156,-1.323931211454147
2,2,0.0036894192453473806,0.0016894192453473806,0.030758207791194536,-1.3222417922087997
2,0,-0.0008777174516580999,-0.0028777174516581,0.029880490339536436,-1.3251195096604578
1,0,-0.00018311376334168017,-0.00018311376334168017,0.029697376576194756,-1.3253026234237995
2,2,0.0019098046468570828,-0.0000901953531429172,0.03160718122305184,-1.3253928187769424
2,0,-0.002746616955846548,-0.004746616955846548,0.02886056426720529,-1.330139435732789
2,0,-0.0038037935737520456,-0.0038037935737520456,0.025056770693453245,-1.333943229306541
0,0,0.004017695318907499,0.004017695318907499,0.029074466012360745,-1.3299255339876335
2,0,-0.003767086658626795,-0.003767086658626795,0.02530737935373395,-1.3336926206462603
2,0,-0.003635304281488061,-0.003635304281488061,0.02167207507224589,-1.3373279249277483
0,0,0.0013658814132213593,0.0013658814132213593,0.023037956485467248,-1.335962043514527
2,0,-0.005787473171949387,-0.005787473171949387,0.01725048331351786,-1.3417495166864764
0,0,0.004775804467499256,0.004775804467499256,0.022026287781017118,-1.336973712218977
0,0,0.0015943546313792467,0.0015943546313792467,0.023620642412396364,-1.3353793575875978
1,2,-0.0009042429155670106,-0.0029042429155670107,0.022716399496829354,-1.3382836005031649
1,0,0.00046950276009738445,-0.0015304972399026156,0.023185902256926738,-1.3398140977430675
0,1,-0.0,-0.001,0.023185902256926738,-1.3408140977430674
2,1,0.0,0.0,0.023185902256926738,-1.3408140977430674
0,1,-0.0,-0.0,0.023185902256926738,-1.3408140977430674
0,1,-0.0,-0.0,0.023185902256926738,-1.3408140977430674
1,1,0.0,0.0,0.023185902256926738,-1.3408140977430674
2,2,0.001368486206047237,0.0003684862060472369,0.024554388462973975,-1.34044561153702
1,1,-0.0,-0.001,0.024554388462973975,-1.34144561153702
0,1,-0.0,-0.0,0.024554388462973975,-1.34144561153702
0,2,-0.0018003806471824646,-0.0028003806471824646,0.02275400781579151,-1.3442459921842023
2,2,0.001565549522638321,0.001565549522638321,0.02431955733842983,-1.342680442661564
2,0,-0.002062512096017599,-0.004062512096017599,0.022257045242412232,-1.3467429547575815
2,2,0.0013261694693937898,-0.0006738305306062103,0.023583214711806022,-1.3474167852881878
2,1,0.0,-0.001,0.023583214711806022,-1.3484167852881876
2,0,-0.0037262539844959974,-0.0047262539844959974,0.019856960727310025,-1.3531430392726835
0,0,0.008249806240200996,0.008249806240200996,0.02810676696751102,-1.3448932330324825
0,2,-0.009458621963858604,-0.011458621963858604,0.018648145003652417,-1.3563518549963411
0,2,-0.0071909790858626366,-0.0071909790858626366,0.01145716591778978,-1.3635428340822038
0,2,-0.0013291167560964823,-0.0013291167560964823,0.010128049161693298,-1.3648719508383003
0,2,-0.004564403556287289,-0.004564403556287289,0.005563645605406009,-1.3694363543945876
0,2,-0.001939053414389491,-0.001939053414389491,0.003624592191016518,-1.371375407808977
2,2,0.006117136217653751,0.006117136217653751,0.00974172840867027,-1.3652582715913233
2,0,-0.0025161276571452618,-0.004516127657145262,0.007225600751525008,-1.3697743992484686
1,2,0.000593458884395659,-0.001406541115604341,0.007819059635920667,-1.371180940364073
1,2,-0.0000395857568946667,-0.0000395857568946667,0.007779473879026,-1.3712205261209676
0,1,-0.0,-0.001,0.007779473879026,-1.3722205261209675
2,2,0.004778196569532156,0.003778196569532156,0.012557670448558156,-1.3684423295514352
1,2,0.00029459031065925956,0.00029459031065925956,0.012852260759217415,-1.368147739240776
1,1,0.0,-0.001,0.012852260759217415,-1.3691477392407758
0,1,-0.0,-0.0,0.012852260759217415,-1.3691477392407758
2,1,0.0,0.0,0.012852260759217415,-1.3691477392407758
0,1,-0.0,-0.0,0.012852260759217415,-1.3691477392407758
2,1,0.0,0.0,0.012852260759217415,-1.3691477392407758
0,1,-0.0,-0.0,0.012852260759217415,-1.3691477392407758
2,1,0.0,0.0,0.012852260759217415,-1.3691477392407758
1,0,-0.0011035578791052103,-0.0021035578791052103,0.011748702880112205,-1.371251297119881
2,1,0.0,-0.001,0.011748702880112205,-1.3722512971198808
1,0,0.00041054640314541757,-0.0005894535968545824,0.012159249283257623,-1.3728407507167353
0,1,-0.0,-0.001,0.012159249283257623,-1.3738407507167352
1,2,-0.0002648935769684613,-0.0012648935769684613,0.011894355706289161,-1.3751056442937035
0,0,0.002278631553053856,0.00027863155305385585,0.014172987259343017,-1.3748270127406497
0,2,-0.0010656428057700396,-0.0030656428057700396,0.013107344453572978,-1.3778926555464197
2,2,0.007024228572845459,0.007024228572845459,0.020131573026418437,-1.3708684269735743
2,0,-0.007950043305754662,-0.009950043305754662,0.012181529720663775,-1.380818470279329
0,0,0.004630192182958126,0.004630192182958126,0.0168117219036219,-1.3761882780963708
1,2,-0.00008278312452603132,-0.0020827831245260314,0.01672893877909587,-1.3782710612208968
0,2,-0.004817661829292774,-0.004817661829292774,0.011911276949803096,-1.3830887230501896
2,2,0.0034179785288870335,0.0034179785288870335,0.01532925547869013,-1.3796707445213026
1,1,-0.0,-0.001,0.01532925547869013,-1.3806707445213025
1,1,0.0,0.0,0.01532925547869013,-1.3806707445213025
0,1,-0.0,-0.0,0.01532925547869013,-1.3806707445213025
0,2,-0.002371109090745449,-0.003371109090745449,0.01295814638794468,-1.3840418536120478
0,2,-0.007621244061738253,-0.007621244061738253,0.0053369023262064275,-1.391663097673786
2,2,0.0034491310361772776,0.0034491310361772776,0.008786033362383705,-1.3882139666376088
1,1,0.0,-0.001,0.008786033362383705,-1.3892139666376087
1,1,-0.0,-0.0,0.008786033362383705,-1.3892139666376087
0,1,-0.0,-0.0,0.008786033362383705,-1.3892139666376087
1,1,-0.0,-0.0,0.008786033362383705,-1.3892139666376087
0,1,-0.0,-0.0,0.008786033362383705,-1.3892139666376087
2,2,0.004537050146609545,0.0035370501466095447,0.01332308350899325,-1.385676916490999
2,2,0.0029283170588314533,0.0029283170588314533,0.016251400567824703,-1.3827485994321675
2,1,0.0,-0.001,0.016251400567824703,-1.3837485994321674
2,0,-0.0067057241685688496,-0.00770572416856885,0.009545676399255854,-1.3914543236007362
0,0,0.009331266395747662,0.009331266395747662,0.018876942795003515,-1.3821230572049885
0,2,-0.009032487869262695,-0.011032487869262695,0.00984445492574082,-1.3931555450742512
1,2,-0.001384628820233047,-0.001384628820233047,0.008459826105507773,-1.3945401738944843
0,2,-0.011017142795026302,-0.011017142795026302,-0.0025573166895185295,-1.4055573166895106
2,2,0.009586948901414871,0.009586948901414871,0.007029632211896342,-1.3959703677880957
0,1,-0.0,-0.001,0.007029632211896342,-1.3969703677880956
2,1,0.0,0.0,0.007029632211896342,-1.3969703677880956
1,1,0.0,0.0,0.007029632211896342,-1.3969703677880956
2,1,0.0,0.0,0.007029632211896342,-1.3969703677880956
2,1,0.0,0.0,0.007029632211896342,-1.3969703677880956
1,1,-0.0,-0.0,0.007029632211896342,-1.3969703677880956
1,1,0.0,0.0,0.007029632211896342,-1.3969703677880956
1,1,-0.0,-0.0,0.007029632211896342,-1.3969703677880956
0,1,-0.0,-0.0,0.007029632211896342,-1.3969703677880956
1,1,-0.0,-0.0,0.007029632211896342,-1.3969703677880956
2,2,0.0017212879611179233,0.0007212879611179232,0.008750920173014265,-1.3962490798269775
2,1,0.0,-0.001,0.008750920173014265,-1.3972490798269774
0,1,-0.0,-0.0,0.008750920173014265,-1.3972490798269774
0,1,-0.0,-0.0,0.008750920173014265,-1.3972490798269774
2,1,0.0,0.0,0.008750920173014265,-1.3972490798269774
0,1,-0.0,-0.0,0.008750920173014265,-1.3972490798269774
2,1,0.0,0.0,0.008750920173014265,-1.3972490798269774
1,1,0.0,0.0,0.008750920173014265,-1.3972490798269774
1,1,0.0,0.0,0.008750920173014265,-1.3972490798269774
1,1,0.0,0.0,0.008750920173014265,-1.3972490798269774
0,0,0.00983609352260828,0.00883609352260828,0.018587013695622545,-1.388412986304369
0,2,-0.012310094200074673,-0.014310094200074673,0.006276919495547872,-1.4027230805044437
0,2,-0.006857410538941622,-0.006857410538941622,-0.0005804910433937494,-1.4095804910433853
0,2,-0.004934169817715883,-0.004934169817715883,-0.005514660861109633,-1.4145146608611012
0,2,-0.0032878981437534094,-0.0032878981437534094,-0.008802559004863042,-1.4178025590048546
0,2,-0.004926918540149927,-0.004926918540149927,-0.013729477545012969,-1.4227294775450046
0,2,-0.020740339532494545,-0.020740339532494545,-0.034469817077507514,-1.443469817077499
0,2,-0.007157634012401104,-0.007157634012401104,-0.04162745108990862,-1.4506274510899002
2,2,0.0021847947500646114,0.0021847947500646114,-0.03944265633984401,-1.4484426563398356
0,2,-0.008173150941729546,-0.008173150941729546,-0.04761580728157355,-1.4566158072815651
0,2,-0.002307436428964138,-0.002307436428964138,-0.04992324371053769,-1.4589232437105293
0,2,-0.012693791650235653,-0.012693791650235653,-0.06261703536077334,-1.471617035360765
2,2,0.01873604767024517,0.01873604767024517,-0.04388098769052817,-1.4528809876905198
0,2,-0.007951118983328342,-0.007951118983328342,-0.051832106673856515,-1.460832106673848
2,2,0.005734018515795469,0.005734018515795469,-0.046098088158061046,-1.4550980881580526
0,1,-0.0,-0.001,-0.046098088158061046,-1.4560980881580525
0,2,-0.0030609266832470894,-0.004060926683247089,-0.049159014841308135,-1.4601590148412995
0,2,-0.014938689768314362,-0.014938689768314362,-0.0640977046096225,-1.4750977046096139
2,2,0.008513490669429302,0.008513490669429302,-0.055584213940193195,-1.4665842139401846
2,2,0.0028200976084917784,0.0028200976084917784,-0.052764116331701416,-1.4637641163316928
2,1,0.0,-0.001,-0.052764116331701416,-1.4647641163316927
1,1,0.0,0.0,-0.052764116331701416,-1.4647641163316927
1,1,0.0,0.0,-0.052764116331701416,-1.4647641163316927
1,1,-0.0,-0.0,-0.052764116331701416,-1.4647641163316927
1,1,-0.0,-0.0,-0.052764116331701416,-1.4647641163316927
1,1,-0.0,-0.0,-0.052764116331701416,-1.4647641163316927
1,1,0.0,0.0,-0.052764116331701416,-1.4647641163316927
1,1,0.0,0.0,-0.052764116331701416,-1.4647641163316927
1,1,-0.0,-0.0,-0.052764116331701416,-1.4647641163316927
0,1,-0.0,-0.0,-0.052764116331701416,-1.4647641163316927
0,1,-0.0,-0.0,-0.052764116331701416,-1.4647641163316927
2,2,0.0058656614273786545,0.0048656614273786545,-0.04689845490432276,-1.459898454904314
1,1,0.0,-0.001,-0.04689845490432276,-1.4608984549043138
0,1,-0.0,-0.0,-0.04689845490432276,-1.4608984549043138
0,1,-0.0,-0.0,-0.04689845490432276,-1.4608984549043138
2,2,0.0030691204592585564,0.0020691204592585563,-0.043829334445064205,-1.4588293344450551
1,2,0.0012763431295752525,0.0012763431295752525,-0.04255299131548895,-1.4575529913154799
2,2,0.00504523329436779,0.00504523329436779,-0.03750775802112116,-1.452507758021112
2,2,0.007640601135790348,0.007640601135790348,-0.029867156885330814,-1.4448671568853217
2,0,-0.0015724926488474011,-0.003572492648847401,-0.031439649534178216,-1.4484396495341691
1,1,-0.0,-0.001,-0.031439649534178216,-1.449439649534169
0,2,-0.0014408776769414544,-0.0024408776769414544,-0.03288052721111967,-1.4518805272111104
0,1,-0.0,-0.001,-0.03288052721111967,-1.4528805272111103
2,2,0.0047156247310340405,0.0037156247310340404,-0.02816490248008563,-1.4491649024800761
0,2,-0.0016591447638347745,-0.0016591447638347745,-0.029824047243920404,-1.450824047243911
2,2,0.0017603583401069045,0.0017603583401069045,-0.0280636889038135,-1.449063688903804
1,1,-0.0,-0.001,-0.0280636889038135,-1.4500636889038039
0,2,-0.004411557223647833,-0.005411557223647833,-0.03247524612746133,-1.4554752461274516
2,2,0.009306098334491253,0.009306098334491253,-0.02316914779297008,-1.4461691477929604
2,0,-0.0076271905563771725,-0.009627190556377173,-0.030796338349347252,-1.4557963383493375
2,0,-0.007666332181543112,-0.007666332181543112,-0.038462670530890364,-1.4634626705308806
0,0,0.002364163054153323,0.002364163054153323,-0.03609850747673704,-1.4610985074767273
1,0,-0.000693432695697993,-0.000693432695697993,-0.036791940172435034,-1.4617919401724253
2,0,-0.00406053988263011,-0.00406053988263011,-0.04085248005506514,-1.4658524800550554
2,0,-0.005109177902340889,-0.005109177902340889,-0.04596165795740603,-1.4709616579573963
1,0,0.0003995473962277174,0.0003995473962277174,-0.045562110561178315,-1.4705621105611686
2,0,-0.0029494580812752247,-0.0029494580812752247,-0.04851156864245354,-1.4735115686424438
0,0,0.0022816916462033987,0.0022816916462033987,-0.04622987699625014,-1.4712298769962404
2,0,-0.002797435037791729,-0.002797435037791729,-0.04902731203404187,-1.4740273120340321
2,0,-0.0037445146590471268,-0.0037445146590471268,-0.052771826693089,-1.4777718266930793
0,0,0.003405140247195959,0.003405140247195959,-0.04936668644589304,-1.4743666864458833
0,0,0.0043351734057068825,0.0043351734057068825,-0.045031513040186155,-1.4700315130401764
1,1,-0.0,-0.001,-0.045031513040186155,-1.4710315130401763
1,1,-0.0,-0.0,-0.045031513040186155,-1.4710315130401763
2,2,0.005302992183715105,0.004302992183715105,-0.03972852085647105,-1.466728520856461
2,1,0.0,-0.001,-0.03972852085647105,-1.467728520856461
0,1,-0.0,-0.0,-0.03972852085647105,-1.467728520856461
1,1,-0.0,-0.0,-0.03972852085647105,-1.467728520856461
0,1,-0.0,-0.0,-0.03972852085647105,-1.467728520856461
0,2,-0.0055078379809856415,-0.0065078379809856415,-0.04523635883745669,-1.4742363588374465
2,2,0.0020320904441177845,0.0020320904441177845,-0.04320426839333891,-1.4722042683933287
2,2,0.008126244880259037,0.008126244880259037,-0.03507802351307987,-1.4640780235130697
0,0,0.011414773762226105,0.009414773762226105,-0.023663249750853765,-1.4546632497508436
2,2,0.00241271429695189,0.00041271429695188995,-0.021250535453901875,-1.4542505354538917
2,2,0.0031193832401186228,0.0031193832401186228,-0.018131152213783253,-1.451131152213773
2,1,0.0,-0.001,-0.018131152213783253,-1.452131152213773
1,0,-0.001043261494487524,-0.002043261494487524,-0.019174413708270777,-1.4541744137082604
2,1,0.0,-0.001,-0.019174413708270777,-1.4551744137082603
1,0,0.0006865474861115217,-0.0003134525138884783,-0.018487866222159255,-1.4554878662221487
1,1,-0.0,-0.001,-0.018487866222159255,-1.4564878662221485
0,1,-0.0,-0.0,-0.018487866222159255,-1.4564878662221485
0,1,-0.0,-0.0,-0.018487866222159255,-1.4564878662221485
0,1,-0.0,-0.0,-0.018487866222159255,-1.4564878662221485
0,2,-0.005971742793917656,-0.006971742793917656,-0.02445960901607691,-1.463459609016066
0,2,-0.005506468471139669,-0.005506468471139669,-0.02996607748721658,-1.4689660774872058
1,2,-0.0012947561917826533,-0.0012947561917826533,-0.031260833678999234,-1.4702608336789884
0,2,-0.0038656999822705984,-0.0038656999822705984,-0.03512653366126983,-1.474126533661259
0,2,-0.005045161582529545,-0.005045161582529545,-0.04017169524379938,-1.4791716952437886
0,2,-0.004505788907408714,-0.004505788907408714,-0.04467748415120809,-1.4836774841511973
0,2,-0.0023509724996984005,-0.0023509724996984005,-0.04702845665090649,-1.4860284566508957
1,2,0.0007061316282488406,0.0007061316282488406,-0.04632232502265765,-1.4853223250226468
0,2,-0.004620898049324751,-0.004620898049324751,-0.0509432230719824,-1.4899432230719716
0,2,-0.005987180396914482,-0.005987180396914482,-0.056930403468896884,-1.495930403468886
2,2,0.006221589632332325,0.006221589632332325,-0.05070881383656456,-1.4897088138365537
0,2,-0.004598480183631182,-0.004598480183631182,-0.05530729402019574,-1.494307294020185
2,2,0.001903365715406835,0.001903365715406835,-0.053403928304788906,-1.492403928304778
2,2,0.003783603198826313,0.003783603198826313,-0.04962032510596259,-1.4886203251059518
2,2,0.013062934391200542,0.013062934391200542,-0.03655739071476205,-1.4755573907147512
0,0,0.005075728055089712,0.003075728055089712,-0.03148166265967234,-1.4724816626596615
2,2,0.003963865339756012,0.001963865339756012,-0.027517797319916326,-1.4705177973199055
1,0,-0.0007657455280423164,-0.0027657455280423165,-0.028283542847958643,-1.4732835428479478
0,2,-0.0021967848297208548,-0.004196784829720855,-0.030480327677679497,-1.4774803276776687
2,2,0.003361341543495655,0.003361341543495655,-0.027118986134183842,-1.474118986134173
1,2,0.0012013892410323024,0.0012013892410323024,-0.02591759689315154,-1.4729175968931407
1,1,0.0,-0.001,-0.02591759689315154,-1.4739175968931406
0,1,-0.0,-0.0,-0.02591759689315154,-1.4739175968931406
1,1,-0.0,-0.0,-0.02591759689315154,-1.4739175968931406
0,1,-0.0,-0.0,-0.02591759689315154,-1.4739175968931406
1,1,0.0,0.0,-0.02591759689315154,-1.4739175968931406
0,1,-0.0,-0.0,-0.02591759689315154,-1.4739175968931406
2,1,0.0,0.0,-0.02591759689315154,-1.4739175968931406
1,2,0.0007753471145406365,-0.00022465288545936348,-0.025142249778610903,-1.4741422497785999
1,1,0.0,-0.001,-0.025142249778610903,-1.4751422497785998
1,1,0.0,0.0,-0.025142249778610903,-1.4751422497785998
2,1,0.0,0.0,-0.025142249778610903,-1.4751422497785998
0,0,0.0033776089549064636,0.0023776089549064636,-0.02176464082370444,-1.4727646408236932
0,1,-0.0,-0.001,-0.02176464082370444,-1.473764640823693
0,2,-0.0032205593306571245,-0.0042205593306571245,-0.024985200154361564,-1.47798520015435
0,2,-0.0017394032329320908,-0.0017394032329320908,-0.026724603387293655,-1.4797246033872822
0,2,-0.002888837829232216,-0.002888837829232216,-0.02961344121652587,-1.4826134412165144
0,2,-0.00296014454215765,-0.00296014454215765,-0.03257358575868352,-1.485573585758672
0,2,-0.0023596209939569235,-0.0023596209939569235,-0.034933206752640444,-1.487933206752629
1,2,-0.0004514637985266745,-0.0004514637985266745,-0.03538467055116712,-1.4883846705511556
2,2,0.00395414000377059,0.00395414000377059,-0.03143053054739653,-1.484430530547385
2,0,-0.0023175522219389677,-0.004317552221938968,-0.0337480827693355,-1.488748082769324
0,0,0.0015538142761215568,0.0015538142761215568,-0.03219426849321394,-1.4871942684932025
0,2,-0.001456686295568943,-0.003456686295568943,-0.03365095478878288,-1.4906509547887714
0,2,-0.002302807290107012,-0.002302807290107012,-0.035953762078889895,-1.4929537620788784
0,2,-0.0016812768299132586,-0.0016812768299132586,-0.03763503890880315,-1.4946350389087917
2,2,0.0008608541684225202,0.0008608541684225202,-0.03677418474038063,-1.4937741847403692
0,2,-0.003001974895596504,-0.003001974895596504,-0.03977615963597714,-1.4967761596359657
2,2,0.007835831493139267,0.007835831493139267,-0.03194032814283787,-1.4889403281428264
2,0,-0.0018889607163146138,-0.003888960716314614,-0.033829288859152484,-1.492829288859141
0,1,-0.0,-0.001,-0.033829288859152484,-1.493829288859141
0,2,-0.003269974607974291,-0.004269974607974291,-0.037099263467126775,-1.498099263467115
1,1,-0.0,-0.001,-0.037099263467126775,-1.499099263467115
2,2,0.006429781671613455,0.005429781671613455,-0.03066948179551332,-1.4936694817955014
0,0,0.00974248442798853,0.007742484427988529,-0.02092699736752479,-1.4859269973675129
2,2,0.0021074824035167694,0.00010748240351676937,-0.01881951496400802,-1.4858195149639961
2,2,0.0029627373442053795,0.0029627373442053795,-0.015856777619802642,-1.4828567776197907
2,0,-0.0029047357384115458,-0.004904735738411546,-0.018761513358214188,-1.4877615133582023
1,0,0.0005824806867167354,0.0005824806867167354,-0.018179032671497453,-1.4871790326714855
1,0,-0.0010259111877530813,-0.0010259111877530813,-0.019204943859250534,-1.4882049438592386
0,1,-0.0,-0.001,-0.019204943859250534,-1.4892049438592385
0,2,-0.002987137995660305,-0.003987137995660305,-0.02219208185491084,-1.4931920818548987
0,2,-0.018077388405799866,-0.018077388405799866,-0.040269470260710705,-1.5112694702606986
2,2,0.0062743788585066795,0.0062743788585066795,-0.033995091402204025,-1.504995091402192
0,2,-0.00878800917416811,-0.00878800917416811,-0.042783100576372135,-1.51378310057636
2,2,0.0034986892715096474,0.0034986892715096474,-0.03928441130486249,-1.5102844113048504
0,1,-0.0,-0.001,-0.03928441130486249,-1.5112844113048503
0,2,-0.0033295457251369953,-0.004329545725136995,-0.04261395702999948,-1.5156139570299871
2,2,0.005600950680673122,0.005600950680673122,-0.03701300634932636,-1.510013006349314
0,1,-0.0,-0.001,-0.03701300634932636,-1.511013006349314
2,2,0.003661509370431304,0.002661509370431304,-0.03335149697889506,-1.5083514969788825
2,1,0.0,-0.001,-0.03335149697889506,-1.5093514969788824
1,1,0.0,0.0,-0.03335149697889506,-1.5093514969788824
1,1,0.0,0.0,-0.03335149697889506,-1.5093514969788824
2,1,0.0,0.0,-0.03335149697889506,-1.5093514969788824
0,1,-0.0,-0.0,-0.03335149697889506,-1.5093514969788824
0,1,-0.0,-0.0,-0.03335149697889506,-1.5093514969788824
0,1,-0.0,-0.0,-0.03335149697889506,-1.5093514969788824
0,2,-0.010430039837956429,-0.01143003983795643,-0.043781536816851485,-1.520781536816839
0,2,-0.00711932172998786,-0.00711932172998786,-0.050900858546839345,-1.5279008585468268
0,2,-0.003371574217453599,-0.003371574217453599,-0.054272432764292944,-1.5312724327642804
2,2,0.002108529908582568,0.002108529908582568,-0.052163902855710376,-1.5291639028556978
2,2,0.0088553037494421,0.0088553037494421,-0.043308599106268275,-1.5203085991062557
0,2,-0.0031589230056852102,-0.0031589230056852102,-0.046467522111953485,-1.523467522111941
2,2,0.0045952931977808475,0.0045952931977808475,-0.04187222891417264,-1.51887222891416
0,2,-0.006371709052473307,-0.006371709052473307,-0.048243937966645944,-1.5252439379666334
2,2,0.015475457534193993,0.015475457534193993,-0.03276848043245195,-1.5097684804324394
0,1,-0.0,-0.001,-0.03276848043245195,-1.5107684804324393
1,2,0.0007605287828482687,-0.00023947121715173127,-0.03200795164960368,-1.511007951649591
1,1,0.0,-0.001,-0.03200795164960368,-1.5120079516495908
1,1,-0.0,-0.0,-0.03200795164960368,-1.5120079516495908
2,1,0.0,0.0,-0.03200795164960368,-1.5120079516495908
2,1,0.0,0.0,-0.03200795164960368,-1.5120079516495908
0,1,-0.0,-0.0,-0.03200795164960368,-1.5120079516495908
0,1,-0.0,-0.0,-0.03200795164960368,-1.5120079516495908
2,1,0.0,0.0,-0.03200795164960368,-1.5120079516495908
2,1,0.0,0.0,-0.03200795164960368,-1.5120079516495908
0,1,-0.0,-0.0,-0.03200795164960368,-1.5120079516495908
2,1,0.0,0.0,-0.03200795164960368,-1.5120079516495908
0,1,-0.0,-0.0,-0.03200795164960368,-1.5120079516495908
2,1,0.0,0.0,-0.03200795164960368,-1.5120079516495908
1,1,0.0,0.0,-0.03200795164960368,-1.5120079516495908
1,1,-0.0,-0.0,-0.03200795164960368,-1.5120079516495908
1,2,0.000508003868162632,-0.000491996131837368,-0.03149994778144105,-1.512499947781428
2,2,0.001546884304843843,0.001546884304843843,-0.029953063476597208,-1.5109530634765842
1,0,-0.0003747271839529276,-0.0023747271839529276,-0.030327790660550136,-1.5133277906605371
2,1,0.0,-0.001,-0.030327790660550136,-1.514327790660537
0,0,0.0013387547805905342,0.0003387547805905342,-0.0289890358799596,-1.5139890358799464
0,1,-0.0,-0.001,-0.0289890358799596,-1.5149890358799463
2,1,0.0,0.0,-0.0289890358799596,-1.5149890358799463
1,2,-0.0007440983317792416,-0.0017440983317792416,-0.029733134211738843,-1.5167331342117254
0,2,-0.0026659471914172173,-0.0026659471914172173,-0.03239908140315606,-1.5193990814031426
2,2,0.002023190027102828,0.002023190027102828,-0.030375891376053232,-1.5173758913760398
1,2,-0.0003395036328583956,-0.0003395036328583956,-0.030715395008911628,-1.5177153950088982
2,1,0.0,-0.001,-0.030715395008911628,-1.518715395008898
1,1,-0.0,-0.0,-0.030715395008911628,-1.518715395008898
2,2,0.0014803297817707062,0.00048032978177070616,-0.02923506522714092,-1.5182350652271273
1,0,0.00047764164628461003,-0.00152235835371539,-0.02875742358085631,-1.5197574235808426
1,2,0.0005519085098057985,-0.0014480914901942015,-0.028205515071050513,-1.5212055150710369
0,0,0.0026810173876583576,0.0006810173876583576,-0.025524497683392156,-1.5205244976833785
2,2,0.000703507277648896,-0.001296492722351104,-0.02482099040574326,-1.5218209904057296
0,0,0.0011808049166575074,-0.0008191950833424926,-0.023640185489085752,-1.522640185489072
2,2,0.004004810005426407,0.002004810005426407,-0.019635375483659345,-1.5206353754836457
0,0,0.00213584559969604,0.0001358455996960401,-0.017499529883963305,-1.5204995298839497
0,0,0.0014799791388213634,0.0014799791388213634,-0.01601955074514194,-1.5190195507451283
0,0,0.001037505571730435,0.001037505571730435,-0.014982045173411507,-1.5179820451733979
1,0,-0.00007726030162302777,-0.00007726030162302777,-0.015059305475034535,-1.5180593054750209
0,2,-0.0032082763500511646,-0.005208276350051165,-0.0182675818250857,-1.523267581825072
2,2,0.008955313824117184,0.008955313824117184,-0.009312268000968515,-1.5143122680009549
2,0,-0.004470749292522669,-0.006470749292522669,-0.013783017293491184,-1.5207830172934775
0,0,0.0009203112567774951,0.0009203112567774951,-0.01286270603671369,-1.5198627060367
0,0,0.0014116017846390605,0.0014116017846390605,-0.011451104252074629,-1.518451104252061
2,0,-0.004310160875320435,-0.004310160875320435,-0.015761265127395063,-1.5227612651273814
2,0,-0.002855682512745261,-0.002855682512745261,-0.018616947640140324,-1.5256169476401267
1,0,-0.0007490358548238873,-0.0007490358548238873,-0.019365983494964212,-1.5263659834949506
2,0,-0.0012665418907999992,-0.0012665418907999992,-0.02063252538576421,-1.5276325253857506
2,0,-0.004494681488722563,-0.004494681488722563,-0.025127206874486774,-1.5321272068744731
2,0,-0.0024667680263519287,-0.0024667680263519287,-0.027593974900838703,-1.534593974900825
0,0,0.004348138812929392,0.004348138812929392,-0.02324583608790931,-1.5302458360878957
1,0,0.00058203429216519,0.00058203429216519,-0.02266380179574412,-1.5296638017957305
1,2,-0.0009213664452545345,-0.0029213664452545345,-0.023585168240998655,-1.532585168240985
2,0,-0.003689728444442153,-0.005689728444442153,-0.027274896685440808,-1.5382748966854272
0,0,0.004628512542694807,0.004628512542694807,-0.022646384142746,-1.5336463841427324
0,1,-0.0,-0.001,-0.022646384142746,-1.5346463841427322
1,2,0.000056640172260813415,-0.0009433598277391866,-0.022589743970485188,-1.5355897439704713
2,2,0.006580948363989592,0.006580948363989592,-0.016008795606495596,-1.5290087956064817
2,0,-0.012593510560691357,-0.014593510560691357,-0.028602306167186953,-1.543602306167173
2,0,-0.0025086207315325737,-0.0025086207315325737,-0.031110926898719526,-1.5461109268987057
2,0,-0.005524274427443743,-0.005524274427443743,-0.03663520132616327,-1.5516352013261494
2,0,-0.0023816609755158424,-0.0023816609755158424,-0.03901686230167911,-1.5540168623016652
1,0,0.001156388665549457,0.001156388665549457,-0.037860473636129655,-1.5528604736361158
1,0,0.0006547978846356273,0.0006547978846356273,-0.03720567575149403,-1.5522056757514802
1,2,-0.0011980477720499039,-0.003198047772049904,-0.03840372352354393,-1.55540372352353
0,0,0.0020961151458323,0.00009611514583230014,-0.03630760837771163,-1.5553076083776978
2,2,0.00257021002471447,0.0005702100247144699,-0.03373739835299716,-1.5547373983529833
0,0,0.0015589975519105792,-0.00044100244808942084,-0.03217840080108658,-1.5551784008010727
2,1,0.0,-0.001,-0.03217840080108658,-1.5561784008010726
1,1,0.0,0.0,-0.03217840080108658,-1.5561784008010726
1,0,0.0005964325391687453,-0.00040356746083125474,-0.03158196826191784,-1.5565819682619038
0,2,-0.004159629810601473,-0.006159629810601473,-0.03574159807251931,-1.5627415980725052
0,0,0.003624363336712122,0.001624363336712122,-0.03211723473580719,-1.5611172347357931
2,2,0.005923152435570955,0.003923152435570955,-0.026194082300236232,-1.5571940823002222
1,0,0.001214930322021246,-0.0007850696779787541,-0.024979151978214986,-1.557979151978201
2,1,0.0,-0.001,-0.024979151978214986,-1.5589791519782008
0,1,-0.0,-0.0,-0.024979151978214986,-1.5589791519782008
2,1,0.0,0.0,-0.024979151978214986,-1.5589791519782008
0,1,-0.0,-0.0,-0.024979151978214986,-1.5589791519782008
1,1,-0.0,-0.0,-0.024979151978214986,-1.5589791519782008
0,1,-0.0,-0.0,-0.024979151978214986,-1.5589791519782008
0,2,-0.0031750688795000315,-0.0041750688795000315,-0.028154220857715018,-1.5631542208577007
0,2,-0.0041697584092617035,-0.0041697584092617035,-0.03232397926697672,-1.5673239792669624
0,2,-0.011801708489656448,-0.011801708489656448,-0.04412568775663317,-1.5791256877566189
0,2,-0.0022532388102263212,-0.0022532388102263212,-0.04637892656685949,-1.5813789265668452
2,2,0.003459509927779436,0.003459509927779436,-0.042919416639080055,-1.5779194166390658
2,2,0.0016350294463336468,0.0016350294463336468,-0.04128438719274641,-1.5762843871927321
0,2,-0.003620136296376586,-0.003620136296376586,-0.044904523489122994,-1.5799045234891087
1,2,0.0005428636213764548,0.0005428636213764548,-0.04436165986774654,-1.5793616598677322
2,2,0.0068927607499063015,0.0068927607499063015,-0.03746889911784024,-1.572468899117826
1,0,-0.000741202908102423,-0.002741202908102423,-0.03821010202594266,-1.5752101020259284
2,1,0.0,-0.001,-0.03821010202594266,-1.5762101020259283
0,2,-0.0033737197518348694,-0.004373719751834869,-0.04158382177777753,-1.580583821777763
2,2,0.033943261951208115,0.033943261951208115,-0.007640559826569415,-1.546640559826555
2,0,-0.01110054086893797,-0.01310054086893797,-0.018741100695507384,-1.5597411006954929
0,0,0.007582103833556175,0.007582103833556175,-0.01115899686195121,-1.5521589968619367
0,2,-0.005277128424495459,-0.007277128424495459,-0.016436125286446668,-1.5594361252864322
1,2,0.00015297102800104767,0.00015297102800104767,-0.01628315425844562,-1.5592831542584311
1,0,0.001878349925391376,-0.00012165007460862402,-0.014404804333054244,-1.5594048043330397
0,1,-0.0,-0.001,-0.014404804333054244,-1.5604048043330396
1,1,0.0,0.0,-0.014404804333054244,-1.5604048043330396
0,1,-0.0,-0.0,-0.014404804333054244,-1.5604048043330396
0,1,-0.0,-0.0,-0.014404804333054244,-1.5604048043330396
1,1,-0.0,-0.0,-0.014404804333054244,-1.5604048043330396
2,1,0.0,0.0,-0.014404804333054244,-1.5604048043330396
1,1,-0.0,-0.0,-0.014404804333054244,-1.5604048043330396
1,2,0.0001586767175467685,-0.0008413232824532315,-0.014246127615507476,-1.5612461276154928
2,1,0.0,-0.001,-0.014246127615507476,-1.5622461276154926
0,1,-0.0,-0.0,-0.014246127615507476,-1.5622461276154926
1,1,-0.0,-0.0,-0.014246127615507476,-1.5622461276154926
2,1,0.0,0.0,-0.014246127615507476,-1.5622461276154926
1,1,-0.0,-0.0,-0.014246127615507476,-1.5622461276154926
1,1,-0.0,-0.0,-0.014246127615507476,-1.5622461276154926
1,1,-0.0,-0.0,-0.014246127615507476,-1.5622461276154926
1,1,-0.0,-0.0,-0.014246127615507476,-1.5622461276154926
2,2,0.004544627387076616,0.0035446273870766163,-0.00970150022843086,-1.558701500228416
2,2,0.006810944527387619,0.006810944527387619,-0.0028905557010432403,-1.5518905557010283
1,0,-0.0015077332500368357,-0.0035077332500368357,-0.004398288951080076,-1.5553982889510651
0,2,-0.004885823465883732,-0.006885823465883732,-0.009284112416963808,-1.5622841124169489
0,2,-0.0017586580943316221,-0.0017586580943316221,-0.01104277051129543,-1.5640427705112805
0,2,-0.004143902100622654,-0.004143902100622654,-0.015186672611918084,-1.5681866726119031
2,2,0.0022694910876452923,0.0022694910876452923,-0.012917181524272792,-1.5659171815242579
0,2,-0.001417179242707789,-0.001417179242707789,-0.01433436076698058,-1.5673343607669656
0,2,-0.0016173211624845862,-0.0016173211624845862,-0.015951681929465167,-1.5689516819294502
0,2,-0.004542035516351461,-0.004542035516351461,-0.020493717445816628,-1.5734937174458017
1,2,-0.00010410214599687606,-0.00010410214599687606,-0.020597819591813504,-1.5735978195917986
2,2,0.0034514155704528093,0.0034514155704528093,-0.017146404021360695,-1.5701464040213458
2,2,0.0025797931011766195,0.0025797931011766195,-0.014566610920184075,-1.5675666109201691
2,0,-0.0028213595505803823,-0.004821359550580382,-0.017387970470764458,-1.5723879704707495
2,2,0.0024038583505898714,0.00040385835058987136,-0.014984112120174586,-1.5719841121201596
1,0,0.0002982633886858821,-0.001701736611314118,-0.014685848731488704,-1.5736858487314738
2,2,0.0024546801578253508,0.0004546801578253507,-0.012231168573663354,-1.5732311685736484
2,1,0.0,-0.001,-0.012231168573663354,-1.5742311685736483
2,0,-0.011920162476599216,-0.012920162476599217,-0.02415133105026257,-1.5871513310502476
0,0,0.008901790715754032,0.008901790715754032,-0.015249540334508538,-1.5782495403344936
2,2,0.0021532599348574877,0.00015325993485748764,-0.01309628039965105,-1.5780962803996361
1,2,-0.0007166595314629376,-0.0007166595314629376,-0.013812939931113988,-1.578812939931099
1,0,-0.00011157502012792975,-0.00211157502012793,-0.013924514951241918,-1.580924514951227
0,1,-0.0,-0.001,-0.013924514951241918,-1.5819245149512269
1,1,-0.0,-0.0,-0.013924514951241918,-1.5819245149512269
2,0,-0.0030702617950737476,-0.004070261795073748,-0.016994776746315665,-1.5859947767463005
1,0,-0.0008606292540207505,-0.0008606292540207505,-0.017855406000336416,-1.5868554060003213
2,0,-0.002855359110981226,-0.002855359110981226,-0.02071076511131764,-1.5897107651113025
2,0,-0.0032289326190948486,-0.0032289326190948486,-0.02393969773041249,-1.5929396977303973
2,0,-0.008830268867313862,-0.008830268867313862,-0.03276996659772635,-1.6017699665977112
0,0,0.006041584070771933,0.006041584070771933,-0.02672838252695442,-1.5957283825269393
0,0,0.0033669208642095327,0.0033669208642095327,-0.023361461662744887,-1.5923614616627297
0,2,-0.006145797669887543,-0.008145797669887543,-0.02950725933263243,-1.6005072593326173
1,1,0.0,-0.001,-0.02950725933263243,-1.6015072593326172
2,1,0.0,0.0,-0.02950725933263243,-1.6015072593326172
1,1,0.0,0.0,-0.02950725933263243,-1.6015072593326172
2,1,0.0,0.0,-0.02950725933263243,-1.6015072593326172
1,1,0.0,0.0,-0.02950725933263243,-1.6015072593326172
1,1,-0.0,-0.0,-0.02950725933263243,-1.6015072593326172
1,1,-0.0,-0.0,-0.02950725933263243,-1.6015072593326172
2,1,0.0,0.0,-0.02950725933263243,-1.6015072593326172
1,0,-0.0007445606752298772,-0.0017445606752298773,-0.030251820007862307,-1.603251820007847
2,0,-0.001822870341129601,-0.001822870341129601,-0.03207469034899191,-1.6050746903489765
0,0,0.003682836191728711,0.003682836191728711,-0.028391854157263197,-1.6013918541572478
1,0,-0.0003888321516569704,-0.0003888321516569704,-0.028780686308920167,-1.6017806863089048
2,0,-0.002038555219769478,-0.002038555219769478,-0.030819241528689645,-1.6038192415286743
0,0,0.0018924783216789365,0.0018924783216789365,-0.02892676320701071,-1.6019267632069953
1,1,-0.0,-0.001,-0.02892676320701071,-1.6029267632069952
2,1,0.0,0.0,-0.02892676320701071,-1.6029267632069952
0,0,0.0032314476557075977,0.0022314476557075977,-0.02569531555130311,-1.6006953155512875
0,2,-0.006500107701867819,-0.008500107701867819,-0.03219542325317093,-1.6091954232531553
0,0,0.001564108650200069,-0.0004358913497999311,-0.03063131460297086,-1.6096313146029553
2,2,0.0019508993718773127,-0.00004910062812268738,-0.028680415231093548,-1.609680415231078
1,2,-0.00024118239525705576,-0.00024118239525705576,-0.028921597626350604,-1.609921597626335
2,2,0.0034789438359439373,0.0034789438359439373,-0.025442653790406666,-1.606442653790391
1,0,0.00003905358971678652,-0.0019609464102832135,-0.02540360020068988,-1.6084036002006743
2,2,0.002515748143196106,0.0005157481431961059,-0.022887852057493774,-1.6078878520574782
2,0,-0.001728720380924642,-0.003728720380924642,-0.024616572438418416,-1.6116165724384028
1,0,0.000563328096177429,0.000563328096177429,-0.024053244342240987,-1.6110532443422254
1,1,-0.0,-0.001,-0.024053244342240987,-1.6120532443422253
0,1,-0.0,-0.0,-0.024053244342240987,-1.6120532443422253
2,1,0.0,0.0,-0.024053244342240987,-1.6120532443422253
1,2,-0.0004010876873508096,-0.0014010876873508096,-0.024454332029591797,-1.613454332029576
1,1,0.0,-0.001,-0.024454332029591797,-1.614454332029576
2,2,0.0017818036722019315,0.0007818036722019315,-0.022672528357389865,-1.6136725283573738
2,2,0.0014265901409089565,0.0014265901409089565,-0.02124593821648091,-1.612245938216465
1,0,0.0001828929816838354,-0.0018171070183161647,-0.021063045234797073,-1.614063045234781
2,2,0.0011054672067984939,-0.0008945327932015062,-0.01995757802799858,-1.6149575780279826
2,0,-0.0024564028717577457,-0.004456402871757746,-0.022413980899756325,-1.6194139808997403
0,0,0.0021705874241888523,0.0021705874241888523,-0.020243393475567473,-1.6172433934755515
1,2,0.0003448965144343674,-0.0016551034855656326,-0.019898496961133105,-1.618898496961117
1,2,0.00003468927025096491,0.00003468927025096491,-0.01986380769088214,-1.6188638076908661
2,0,-0.0030002326238900423,-0.005000232623890042,-0.022864040314772183,-1.6238640403147562
0,0,0.0019511595601215959,0.0019511595601215959,-0.020912880754650587,-1.6219128807546346
0,0,0.0008036830695345998,0.0008036830695345998,-0.020109197685115987,-1.6211091976851
0,2,-0.0018478196579962969,-0.003847819657996297,-0.021957017343112284,-1.6249570173430963
1,2,-0.00011609040666371584,-0.00011609040666371584,-0.022073107749776,-1.62507310774976
1,0,-0.000024332515749847516,-0.0020243325157498476,-0.022097440265525847,-1.6270974402655098
2,2,0.00309303542599082,0.0010930354259908199,-0.019004404839535027,-1.626004404839519
0,0,0.0008644087356515229,-0.0011355912643484772,-0.018139996103883504,-1.6271399961038675
0,1,-0.0,-0.001,-0.018139996103883504,-1.6281399961038674
1,1,0.0,0.0,-0.018139996103883504,-1.6281399961038674
2,1,0.0,0.0,-0.018139996103883504,-1.6281399961038674
1,1,0.0,0.0,-0.018139996103883504,-1.6281399961038674
2,1,0.0,0.0,-0.018139996103883504,-1.6281399961038674
0,0,0.0006407581968232989,-0.0003592418031767011,-0.017499237907060206,-1.628499237907044
0,0,0.0017532581696286798,0.0017532581696286798,-0.015745979737431526,-1.6267459797374153
0,0,0.0016918021719902754,0.0016918021719902754,-0.01405417756544125,-1.625054177565425
2,2,0.0015262416563928127,-0.0004737583436071873,-0.012527935909048438,-1.6255279359090322
2,0,-0.0016581357922405005,-0.0036581357922405005,-0.014186071701288938,-1.6291860717012727
1,0,-0.0001848141837399453,-0.0001848141837399453,-0.014370885885028883,-1.6293708858850127
2,0,-0.0007882345234975219,-0.0007882345234975219,-0.015159120408526405,-1.6301591204085102
2,0,-0.00047391303814947605,-0.00047391303814947605,-0.01563303344667588,-1.6306330334466597
2,0,-0.006704177241772413,-0.006704177241772413,-0.022337210688448295,-1.637337210688432
1,0,0.00045981010771356523,0.00045981010771356523,-0.02187740058073473,-1.6368774005807185
2,0,-0.007166743744164705,-0.007166743744164705,-0.029044144324899435,-1.6440441443248832
2,0,-0.0025474627036601305,-0.0025474627036601305,-0.031591607028559565,-1.6465916070285433
2,0,-0.001200950937345624,-0.001200950937345624,-0.03279255796590519,-1.647792557965889
0,0,0.0011982214637100697,0.0011982214637100697,-0.03159433650219512,-1.646594336502179
2,0,-0.0010525791440159082,-0.0010525791440159082,-0.03264691564621103,-1.6476469156461948
0,0,0.001561886165291071,0.001561886165291071,-0.031085029480919957,-1.6460850294809037
1,0,0.0006644352688454092,0.0006644352688454092,-0.030420594212074548,-1.6454205942120583
2,2,0.0011718933237716556,-0.0008281066762283445,-0.029248700888302892,-1.6462487008882867
1,1,0.0,-0.001,-0.029248700888302892,-1.6472487008882866
0,2,-0.002337436657398939,-0.003337436657398939,-0.03158613754570183,-1.6505861375456854
2,2,0.001554198912344873,0.001554198912344873,-0.030031938633356958,-1.6490319386333405
2,0,-0.010380305349826813,-0.012380305349826813,-0.04041224398318377,-1.6614122439831673
0,0,0.0010637727100402117,0.0010637727100402117,-0.03934847127314356,-1.6603484712731271
2,0,-0.0018130472162738442,-0.0018130472162738442,-0.041161518489417404,-1.662161518489401
2,0,-0.004492222797125578,-0.004492222797125578,-0.04565374128654298,-1.6666537412865265
0,0,0.0034811219666153193,0.0034811219666153193,-0.04217261931992766,-1.6631726193199112
1,0,-0.0006536667351610959,-0.0006536667351610959,-0.04282628605508876,-1.6638262860550723
2,2,0.0025882781483232975,0.0005882781483232975,-0.04023800790676546,-1.663238007906749
2,0,-0.002600634703412652,-0.004600634703412652,-0.04283864261017811,-1.6678386426101617
2,0,-0.004291011951863766,-0.004291011951863766,-0.04712965456204188,-1.6721296545620254
0,0,0.004308059811592102,0.004308059811592102,-0.042821594750449776,-1.6678215947504333
0,0,0.004681634251028299,0.004681634251028299,-0.03813996049942148,-1.663139960499405
2,2,0.002076963894069195,0.00007696389406919475,-0.03606299660535228,-1.6630629966053359
2,0,-0.0016812172252684832,-0.003681217225268483,-0.037744213830620765,-1.6667442138306043
1,0,0.0007445086375810206,0.0007445086375810206,-0.036999705193039745,-1.6659997051930233
0,0,0.002572174882516265,0.002572174882516265,-0.03442753031052348,-1.663427530310507
2,2,0.0017245699418708682,-0.00027543005812913184,-0.03270296036865261,-1.6637029603686362
0,0,0.003948555327951908,0.001948555327951908,-0.028754405040700703,-1.6617544050406843
2,2,0.0013894177973270416,-0.0006105822026729584,-0.027364987243373662,-1.6623649872433572
2,2,0.004581049550324678,0.004581049550324678,-0.022783937693048983,-1.6577839376930326
2,0,-0.0018035188550129533,-0.0038035188550129533,-0.024587456548061937,-1.6615874565480455
0,0,0.0031497343443334103,0.0031497343443334103,-0.021437722203728526,-1.658437722203712
0,1,-0.0,-0.001,-0.021437722203728526,-1.659437722203712
0,1,-0.0,-0.0,-0.021437722203728526,-1.659437722203712
0,2,-0.0013330254005268216,-0.0023330254005268216,-0.022770747604255348,-1.6617707476042387
0,2,-0.0016653010388836265,-0.0016653010388836265,-0.024436048643138975,-1.6634360486431223
1,2,-0.000042590454540913925,-0.000042590454540913925,-0.02447863909767989,-1.6634786390976632
0,2,-0.001280137337744236,-0.001280137337744236,-0.025758776435424124,-1.6647587764354075
2,2,0.004055325407534838,0.004055325407534838,-0.021703451027889287,-1.6607034510278726
0,0,0.004272351507097483,0.0022723515070974826,-0.017431099520791804,-1.6584310995207752
1,0,0.0002519254630897194,0.0002519254630897194,-0.017179174057702085,-1.6581791740576854
1,2,0.0004945741384290159,-0.0015054258615709842,-0.01668459991927307,-1.6596845999192564
0,2,-0.0031575378961861134,-0.0031575378961861134,-0.019842137815459182,-1.6628421378154425
2,2,0.004481020383536816,0.004481020383536816,-0.015361117431922366,-1.6583611174319057
1,0,-0.0006381844868883491,-0.002638184486888349,-0.015999301918810716,-1.660999301918794
2,1,0.0,-0.001,-0.015999301918810716,-1.661999301918794
2,0,-0.0008854983607307076,-0.0018854983607307077,-0.016884800279541423,-1.6638848002795246
1,1,0.0,-0.001,-0.016884800279541423,-1.6648848002795245
0,1,-0.0,-0.0,-0.016884800279541423,-1.6648848002795245
1,1,0.0,0.0,-0.016884800279541423,-1.6648848002795245
2,1,0.0,0.0,-0.016884800279541423,-1.6648848002795245
0,0,0.003944043535739183,0.0029440435357391834,-0.01294075674380224,-1.6619407567437852
0,0,0.0037159142084419727,0.0037159142084419727,-0.009224842535360267,-1.6582248425353432
2,2,0.006089252419769764,0.004089252419769764,-0.003135590115590503,-1.6541355901155734
1,0,0.0004473801818676293,-0.0015526198181323708,-0.0026882099337228738,-1.6556882099337058
0,2,-0.0023203236050903797,-0.00432032360509038,-0.0050085335388132535,-1.6600085335387962
0,2,-0.011655011214315891,-0.011655011214315891,-0.016663544753129145,-1.671663544753112
0,2,-0.007787656504660845,-0.007787656504660845,-0.02445120125778999,-1.679451201257773
2,2,0.0016505582025274634,0.0016505582025274634,-0.022800643055262526,-1.6778006430552455
2,2,0.002030604053288698,0.002030604053288698,-0.020770039001973828,-1.6757700390019568
0,1,-0.0,-0.001,-0.020770039001973828,-1.6767700390019566
0,1,-0.0,-0.0,-0.020770039001973828,-1.6767700390019566
1,2,0.000508128956425935,-0.000491871043574065,-0.020261910045547893,-1.6772619100455306
2,2,0.0014808581909164786,0.0014808581909164786,-0.018781051854631414,-1.6757810518546141
1,1,-0.0,-0.001,-0.018781051854631414,-1.676781051854614
2,0,-0.002547863172367215,-0.003547863172367215,-0.02132891502699863,-1.6803289150269811
2,1,0.0,-0.001,-0.02132891502699863,-1.681328915026981
2,1,0.0,0.0,-0.02132891502699863,-1.681328915026981
2,1,0.0,0.0,-0.02132891502699863,-1.681328915026981
0,1,-0.0,-0.0,-0.02132891502699863,-1.681328915026981
1,1,-0.0,-0.0,-0.02132891502699863,-1.681328915026981
1,1,-0.0,-0.0,-0.02132891502699863,-1.681328915026981
2,2,0.0023216581903398037,0.0013216581903398037,-0.019007256836658826,-1.680007256836641
1,1,0.0,-0.001,-0.019007256836658826,-1.681007256836641
0,2,-0.002354387193918228,-0.003354387193918228,-0.021361644030577054,-1.684361644030559
0,2,-0.0034134523011744022,-0.0034134523011744022,-0.024775096331751456,-1.6877750963317335
0,2,-0.008738519623875618,-0.008738519623875618,-0.033513615955627074,-1.6965136159556091
0,2,-0.0036240906920284033,-0.0036240906920284033,-0.03713770664765548,-1.7001377066476375
2,2,0.006970211397856474,0.006970211397856474,-0.030167495249799003,-1.693167495249781
0,0,0.009673708118498325,0.007673708118498325,-0.020493787131300678,-1.6854937871312827
0,2,-0.001502666505984962,-0.003502666505984962,-0.02199645363728564,-1.6889964536372677
2,2,0.007145954295992851,0.007145954295992851,-0.014850499341292789,-1.6818504993412748
2,1,0.0,-0.001,-0.014850499341292789,-1.6828504993412747
0,0,0.0052914745174348354,0.004291474517434835,-0.009559024823857953,-1.6785590248238398
0,2,-0.00911033060401678,-0.011110330604016781,-0.018669355427874734,-1.6896693554278566
2,2,0.0048797642812132835,0.0048797642812132835,-0.01378959114666145,-1.6847895911466433
1,1,-0.0,-0.001,-0.01378959114666145,-1.6857895911466432
2,2,0.00474300142377615,0.0037430014237761497,-0.009046589722885301,-1.682046589722867
0,1,-0.0,-0.001,-0.009046589722885301,-1.6830465897228668
0,1,-0.0,-0.0,-0.009046589722885301,-1.6830465897228668
2,2,0.015291338786482811,0.01429133878648281,0.00624474906359751,-1.668755250936384
2,1,0.0,-0.001,0.00624474906359751,-1.669755250936384
2,1,0.0,0.0,0.00624474906359751,-1.669755250936384
0,1,-0.0,-0.0,0.00624474906359751,-1.669755250936384
0,1,-0.0,-0.0,0.00624474906359751,-1.669755250936384
1,1,-0.0,-0.0,0.00624474906359751,-1.669755250936384
0,1,-0.0,-0.0,0.00624474906359751,-1.669755250936384
0,1,-0.0,-0.0,0.00624474906359751,-1.669755250936384
0,2,-0.007043058052659035,-0.008043058052659036,-0.0007983089890615247,-1.677798308989043
2,2,0.006098594982177019,0.006098594982177019,0.005300285993115494,-1.671699714006866
0,1,-0.0,-0.001,0.005300285993115494,-1.6726997140068658
2,2,0.004012029618024826,0.003012029618024826,0.00931231561114032,-1.6696876843888409
0,1,-0.0,-0.001,0.00931231561114032,-1.6706876843888407
0,1,-0.0,-0.0,0.00931231561114032,-1.6706876843888407
0,2,-0.002818533917888999,-0.003818533917888999,0.0064937816932513215,-1.6745062183067296
2,2,0.009105714038014412,0.009105714038014412,0.015599495731265733,-1.6654005042687152
2,1,0.0,-0.001,0.015599495731265733,-1.666400504268715
1,1,0.0,0.0,0.015599495731265733,-1.666400504268715
2,1,0.0,0.0,0.015599495731265733,-1.666400504268715
2,1,0.0,0.0,0.015599495731265733,-1.666400504268715
2,1,0.0,0.0,0.015599495731265733,-1.666400504268715
0,0,0.006973552517592907,0.005973552517592907,0.02257304824885864,-1.660426951751122
2,1,0.0,-0.001,0.02257304824885864,-1.661426951751122
2,2,0.007807733491063118,0.006807733491063118,0.03038078173992176,-1.6546192182600588
1,0,0.001680765300989151,-0.00031923469901084904,0.03206154704091091,-1.6549384529590696
0,1,-0.0,-0.001,0.03206154704091091,-1.6559384529590695
0,1,-0.0,-0.0,0.03206154704091091,-1.6559384529590695
2,1,0.0,0.0,0.03206154704091091,-1.6559384529590695
0,1,-0.0,-0.0,0.03206154704091091,-1.6559384529590695
1,1,-0.0,-0.0,0.03206154704091091,-1.6559384529590695
2,1,0.0,0.0,0.03206154704091091,-1.6559384529590695
0,0,0.006928951945155859,0.005928951945155859,0.03899049898606677,-1.6500095010139135
2,2,0.0045889560133218765,0.0025889560133218765,0.043579454999388645,-1.6474205450005917
2,0,-0.005726258270442486,-0.007726258270442486,0.03785319672894616,-1.6551468032710341
0,0,0.005314568988978863,0.005314568988978863,0.04316776571792502,-1.6498322342820553
0,2,-0.012394685298204422,-0.014394685298204422,0.0307730804197206,-1.6642269195802597
2,2,0.0041676852852106094,0.0041676852852106094,0.03494076570493121,-1.660059234295049
1,2,0.0013930825516581535,0.0013930825516581535,0.03633384825658936,-1.658666151743391
2,1,0.0,-0.001,0.03633384825658936,-1.6596661517433908
0,1,-0.0,-0.0,0.03633384825658936,-1.6596661517433908
1,1,0.0,0.0,0.03633384825658936,-1.6596661517433908
1,1,0.0,0.0,0.03633384825658936,-1.6596661517433908
1,1,0.0,0.0,0.03633384825658936,-1.6596661517433908
1,1,0.0,0.0,0.03633384825658936,-1.6596661517433908
1,1,0.0,0.0,0.03633384825658936,-1.6596661517433908
1,1,0.0,0.0,0.03633384825658936,-1.6596661517433908
2,1,0.0,0.0,0.03633384825658936,-1.6596661517433908
1,0,-0.0005922418204136193,-0.0015922418204136193,0.035741606436175744,-1.6612583935638043
0,1,-0.0,-0.001,0.035741606436175744,-1.6622583935638042
1,1,-0.0,-0.0,0.035741606436175744,-1.6622583935638042
1,1,0.0,0.0,0.035741606436175744,-1.6622583935638042
2,1,0.0,0.0,0.035741606436175744,-1.6622583935638042
0,0,0.0023391747381538153,0.0013391747381538152,0.03808078117432956,-1.6609192188256503
2,1,0.0,-0.001,0.03808078117432956,-1.6619192188256502
1,1,-0.0,-0.0,0.03808078117432956,-1.6619192188256502
0,1,-0.0,-0.0,0.03808078117432956,-1.6619192188256502
0,1,-0.0,-0.0,0.03808078117432956,-1.6619192188256502
1,2,-0.00011297065066173673,-0.0011129706506617367,0.03796781052366782,-1.6630321894763118
2,2,0.0034216551575809717,0.0034216551575809717,0.041389465681248794,-1.6596105343187308
2,0,-0.001392186968587339,-0.003392186968587339,0.039997278712661455,-1.6630027212873182
0,0,0.002314372453838587,0.002314372453838587,0.04231165116650004,-1.6606883488334796
2,2,0.0011997268302366138,-0.0008002731697633863,0.043511377996736655,-1.661488622003243
1,0,0.00037418206920847297,-0.001625817930791527,0.04388556006594513,-1.6631144399340345
2,0,-0.0009624561062082648,-0.0009624561062082648,0.042923103959736864,-1.6640768960402428
0,2,-0.004933522082865238,-0.006933522082865238,0.037989581876871625,-1.671010418123108
2,1,0.0,-0.001,0.037989581876871625,-1.672010418123108
1,0,-0.00004832171180169098,-0.001048321711801691,0.037941260165069934,-1.6730587398349095
0,0,0.0011269939132034779,0.0011269939132034779,0.03906825407827341,-1.671931745921706
1,2,0.00003564412327250466,-0.0019643558767274954,0.03910389820154592,-1.6738961017984335
1,2,0.0003432824451010674,0.0003432824451010674,0.039447180646646984,-1.6735528193533324
1,0,-0.0003404386807233095,-0.0023404386807233096,0.039106741965923675,-1.6758932580340558
2,0,-0.0055910819210112095,-0.0055910819210112095,0.033515660044912465,-1.681484339955067
0,0,0.0015579997561872005,0.0015579997561872005,0.035073659801099666,-1.6799263401988798
2,0,-0.0015003493754193187,-0.0015003493754193187,0.03357331042568035,-1.681426689574299
2,0,-0.0020909972954541445,-0.0020909972954541445,0.0314823131302262,-1.6835176868697532
1,0,0.0004091172886546701,0.0004091172886546701,0.03189143041888087,-1.6831085695810986
0,0,0.001229170011356473,0.001229170011356473,0.033120600430237346,-1.681879399569742
0,0,0.0020071794278919697,0.0020071794278919697,0.035127779858129315,-1.6798722201418501
2,0,-0.006360192783176899,-0.006360192783176899,0.028767587074952417,-1.686232412925027
0,0,0.004152155481278896,0.004152155481278896,0.03291974255623131,-1.6820802574437481
0,2,-0.0015145624056458473,-0.0035145624056458474,0.031405180150585466,-1.685594819849394
0,2,-0.0013250322081148624,-0.0013250322081148624,0.030080147942470603,-1.6869198520575088
0,2,-0.0027637670282274485,-0.0027637670282274485,0.027316380914243155,-1.6896836190857363
1,2,-0.00001943397910508793,-0.00001943397910508793,0.027296946935138067,-1.6897030530648414
1,2,0.0006814166554249823,0.0006814166554249823,0.02797836359056305,-1.6890216364094164
2,2,0.0012751598842442036,0.0012751598842442036,0.029253523474807253,-1.6877464765251722
0,0,0.0013619225937873125,-0.0006380774062126875,0.030615446068594565,-1.6883845539313849
0,1,-0.0,-0.001,0.030615446068594565,-1.6893845539313848
0,1,-0.0,-0.0,0.030615446068594565,-1.6893845539313848
0,2,-0.0008268646779470146,-0.0018268646779470146,0.02978858139064755,-1.6912114186093317
2,2,0.005812827497720718,0.005812827497720718,0.03560140888836827,-1.685398591111611
0,0,0.007113764528185129,0.005113764528185129,0.0427151734165534,-1.6802848265834258
1,0,0.000835009734146297,0.000835009734146297,0.043550183150699695,-1.6794498168492795
0,2,-0.005776622798293829,-0.007776622798293829,0.037773560352405866,-1.6872264396475734
0,2,-0.01010630838572979,-0.01010630838572979,0.027667251966676076,-1.6973327480333031
1,2,-0.00034359132405370474,-0.00034359132405370474,0.02732366064262237,-1.6976763393573568
0,2,-0.0027249231934547424,-0.0027249231934547424,0.02459873744916763,-1.7004012625508116
1,0,0.0010462063364684582,-0.0009537936635315419,0.025644943785636087,-1.7013550562143431
1,2,-0.0002419027005089447,-0.0022419027005089447,0.025403041085127143,-1.703596958914852
2,2,0.0011042747646570206,0.0011042747646570206,0.026507315849784163,-1.702492684150195
0,2,-0.0036225116346031427,-0.0036225116346031427,0.02288480421518102,-1.7061151957847982
0,2,-0.0020819632336497307,-0.0020819632336497307,0.02080284098153129,-1.708197159018448
2,2,0.007565885316580534,0.007565885316580534,0.028368726298111824,-1.7006312737018674
1,0,0.00017183444288093597,-0.001828165557119064,0.02854056074099276,-1.7024594392589865
2,2,0.0012961942702531815,-0.0007038057297468186,0.02983675501124594,-1.7031632449887333
2,0,-0.0014012219617143273,-0.0034012219617143274,0.028435533049531614,-1.7065644669504476
0,2,-0.021649286150932312,-0.023649286150932314,0.006786246898599302,-1.73021375310138
2,2,0.008781826123595238,0.008781826123595238,0.01556807302219454,-1.7214319269777847
2,2,0.007496779318898916,0.007496779318898916,0.023064852341093456,-1.7139351476588858
0,1,-0.0,-0.001,0.023064852341093456,-1.7149351476588857
1,2,0.0011995239183306694,0.00019952391833066938,0.024264376259424125,-1.7147356237405549
0,1,-0.0,-0.001,0.024264376259424125,-1.7157356237405548
2,1,0.0,0.0,0.024264376259424125,-1.7157356237405548
0,1,-0.0,-0.0,0.024264376259424125,-1.7157356237405548
1,1,0.0,0.0,0.024264376259424125,-1.7157356237405548
1,1,-0.0,-0.0,0.024264376259424125,-1.7157356237405548
2,1,0.0,0.0,0.024264376259424125,-1.7157356237405548
0,1,-0.0,-0.0,0.024264376259424125,-1.7157356237405548
2,2,0.006330161355435848,0.005330161355435848,0.030594537614859973,-1.7104054623851188
0,1,-0.0,-0.001,0.030594537614859973,-1.7114054623851187
0,1,-0.0,-0.0,0.030594537614859973,-1.7114054623851187
2,2,0.0052672624588012695,0.0042672624588012695,0.03586180007366124,-1.7071381999263173
0,2,-0.002632364397868514,-0.002632364397868514,0.03322943567579273,-1.7097705643241858
0,1,-0.0,-0.001,0.03322943567579273,-1.7107705643241857
1,2,-0.0018656167667359114,-0.0028656167667359114,0.03136381890905682,-1.7136361810909215
1,2,-0.0004003383219242096,-0.0004003383219242096,0.030963480587132608,-1.7140365194128457
2,2,0.007373984903097153,0.007373984903097153,0.03833746549022976,-1.7066625345097486
0,1,-0.0,-0.001,0.03833746549022976,-1.7076625345097485
1,2,-0.000272180448519066,-0.001272180448519066,0.038065285041710695,-1.7089347149582674
2,1,0.0,-0.001,0.038065285041710695,-1.7099347149582673
0,2,-0.012547287158668041,-0.013547287158668042,0.025517997883042653,-1.7234820021169353
0,2,-0.00914378184825182,-0.00914378184825182,0.016374216034790834,-1.732625783965187
0,2,-0.011239295825362206,-0.011239295825362206,0.005134920209428628,-1.7438650797905493
2,2,0.0024609994143247604,0.0024609994143247604,0.007595919623753389,-1.7414040803762245
0,2,-0.008135885000228882,-0.008135885000228882,-0.000539965376475493,-1.7495399653764534
1,2,0.002114179078489542,0.002114179078489542,0.001574213702014049,-1.7474257862979639
0,2,-0.004416149575263262,-0.004416149575263262,-0.002841935873249213,-1.7518419358732271
2,2,0.009764115326106548,0.009764115326106548,0.0069221794528573355,-1.7420778205471206
1,2,0.0019873480778187513,0.0019873480778187513,0.008909527530676087,-1.7400904724693018
0,1,-0.0,-0.001,0.008909527530676087,-1.7410904724693017
1,2,0.0019602051470428705,0.0009602051470428705,0.010869732677718957,-1.7401302673222587
2,1,0.0,-0.001,0.010869732677718957,-1.7411302673222586
2,2,0.004436242859810591,0.0034362428598105907,0.015305975537529548,-1.737694024462448
1,2,-0.0012903651222586632,-0.0012903651222586632,0.014015610415270885,-1.7389843895847066
1,1,-0.0,-0.001,0.014015610415270885,-1.7399843895847065
2,1,0.0,0.0,0.014015610415270885,-1.7399843895847065
1,1,-0.0,-0.0,0.014015610415270885,-1.7399843895847065
0,1,-0.0,-0.0,0.014015610415270885,-1.7399843895847065
2,1,0.0,0.0,0.014015610415270885,-1.7399843895847065
0,1,-0.0,-0.0,0.014015610415270885,-1.7399843895847065
2,1,0.0,0.0,0.014015610415270885,-1.7399843895847065
2,1,0.0,0.0,0.014015610415270885,-1.7399843895847065
2,1,0.0,0.0,0.014015610415270885,-1.7399843895847065
2,1,0.0,0.0,0.014015610415270885,-1.7399843895847065
2,0,-0.005083840806037188,-0.006083840806037188,0.008931769609233697,-1.7460682303907435
2,0,-0.001838693511672318,-0.001838693511672318,0.007093076097561379,-1.7479069239024159
1,0,0.00014579696289729327,0.00014579696289729327,0.007238873060458673,-1.7477611269395186
2,0,-0.004257840104401112,-0.004257840104401112,0.002981032956057561,-1.7520189670439197
0,0,0.003257032483816147,0.003257032483816147,0.006238065439873708,-1.7487619345601035
0,0,0.0017019883962348104,0.0017019883962348104,0.007940053836108518,-1.7470599461638687
0,1,-0.0,-0.001,0.007940053836108518,-1.7480599461638686
1,1,0.0,0.0,0.007940053836108518,-1.7480599461638686
2,1,0.0,0.0,0.007940053836108518,-1.7480599461638686
0,1,-0.0,-0.0,0.007940053836108518,-1.7480599461638686
0,1,-0.0,-0.0,0.007940053836108518,-1.7480599461638686
1,1,-0.0,-0.0,0.007940053836108518,-1.7480599461638686
2,2,0.003036562819033861,0.002036562819033861,0.01097661665514238,-1.7460233833448346
2,0,-0.0038018636405467987,-0.005801863640546799,0.007174753014595581,-1.7518252469853814
0,0,0.00856501143425703,0.00856501143425703,0.01573976444885261,-1.7432602355511244
2,1,0.0,-0.001,0.01573976444885261,-1.7442602355511243
0,2,-0.001290724379941821,-0.002290724379941821,0.01444904006891079,-1.746550959931066
1,2,0.0001432269491488114,0.0001432269491488114,0.014592267018059601,-1.7464077329819172
0,2,-0.0037886505015194416,-0.0037886505015194416,0.01080361651654016,-1.7501963834834366
2,2,0.003035268047824502,0.003035268047824502,0.013838884564364662,-1.7471611154356121
2,2,0.0010180756216868758,0.0010180756216868758,0.014856960186051538,-1.7461430398139253
0,1,-0.0,-0.001,0.014856960186051538,-1.7471430398139252
2,2,0.007454468868672848,0.006454468868672848,0.022311429054724385,-1.7406885709452522
0,0,0.011630607768893242,0.009630607768893242,0.03394203682361763,-1.731057963176359
1,2,-0.0010827891528606415,-0.0030827891528606415,0.032859247670756986,-1.7341407523292196
0,2,-0.011309963651001453,-0.011309963651001453,0.021549284019755532,-1.745450715980221
2,2,0.009244694374501705,0.009244694374501705,0.030793978394257238,-1.7362060216057194
1,2,-0.0008046141592785716,-0.0008046141592785716,0.029989364234978666,-1.737010635764998
0,2,-0.0032821500208228827,-0.0032821500208228827,0.026707214214155783,-1.7402927857858208
0,2,-0.0046929712407290936,-0.0046929712407290936,0.02201424297342669,-1.74498575702655
2,2,0.0020101843401789665,0.0020101843401789665,0.024024427313605656,-1.742975572686371
2,2,0.00294155883602798,0.00294155883602798,0.026965986149633636,-1.740034013850343
1,1,-0.0,-0.001,0.026965986149633636,-1.7410340138503428
1,2,0.0013187672011554241,0.0003187672011554241,0.02828475335078906,-1.7407152466491873
1,1,0.0,-0.001,0.02828475335078906,-1.7417152466491872
2,1,0.0,0.0,0.02828475335078906,-1.7417152466491872
1,1,0.0,0.0,0.02828475335078906,-1.7417152466491872
1,1,0.0,0.0,0.02828475335078906,-1.7417152466491872
2,1,0.0,0.0,0.02828475335078906,-1.7417152466491872
0,1,-0.0,-0.0,0.02828475335078906,-1.7417152466491872
2,1,0.0,0.0,0.02828475335078906,-1.7417152466491872
0,1,-0.0,-0.0,0.02828475335078906,-1.7417152466491872
0,1,-0.0,-0.0,0.02828475335078906,-1.7417152466491872
0,1,-0.0,-0.0,0.02828475335078906,-1.7417152466491872
0,2,-0.0035685007460415363,-0.004568500746041536,0.024716252604747524,-1.7462837473952286
0,2,-0.007734198588877916,-0.007734198588877916,0.016982054015869608,-1.7540179459841065
2,2,0.007091239094734192,0.007091239094734192,0.0240732931106038,-1.7469267068893723
2,2,0.004561003763228655,0.004561003763228655,0.028634296873832454,-1.7423657031261437
1,0,0.00008065314614214003,-0.00191934685385786,0.028714950019974594,-1.7442850499800016
2,2,0.0036763446405529976,0.0016763446405529975,0.03239129466052759,-1.7426087053394486
2,0,-0.012064224109053612,-0.014064224109053612,0.02032707055147398,-1.7566729294485022
2,0,-0.00207154406234622,-0.00207154406234622,0.01825552648912776,-1.7587444735108484
2,0,-0.007628891617059708,-0.007628891617059708,0.010626634872068053,-1.766373365127908
2,0,-0.0037440250162035227,-0.0037440250162035227,0.00688260985586453,-1.7701173901441116
1,0,-0.0009259263752028346,-0.0009259263752028346,0.005956683480661695,-1.7710433165193145
0,0,0.0023728730157017708,0.0023728730157017708,0.008329556496363466,-1.7686704435036127
0,1,-0.0,-0.001,0.008329556496363466,-1.7696704435036126
0,1,-0.0,-0.0,0.008329556496363466,-1.7696704435036126
2,1,0.0,0.0,0.008329556496363466,-1.7696704435036126
1,1,-0.0,-0.0,0.008329556496363466,-1.7696704435036126
0,1,-0.0,-0.0,0.008329556496363466,-1.7696704435036126
1,1,-0.0,-0.0,0.008329556496363466,-1.7696704435036126
0,2,-0.0025482636410743,-0.0035482636410743,0.005781292855289166,-1.7732187071446868
1,2,-0.0008642692118883133,-0.0008642692118883133,0.004917023643400853,-1.774082976356575
1,2,0.001342728384770453,0.001342728384770453,0.006259752028171306,-1.7727402479718046
1,1,0.0,-0.001,0.006259752028171306,-1.7737402479718045
1,2,-0.0003151863638777286,-0.0013151863638777286,0.005944565664293577,-1.7750554343356821
1,1,0.0,-0.001,0.005944565664293577,-1.776055434335682
0,1,-0.0,-0.0,0.005944565664293577,-1.776055434335682
2,2,0.002040386199951172,0.0010403861999511719,0.00798495186424475,-1.7750150481357307
0,0,0.0025556525215506554,0.0005556525215506553,0.010540604385795405,-1.77445939561418
1,2,0.00022157636703923345,-0.0017784236329607666,0.010762180752834638,-1.7762378192471409
0,2,-0.0011372780427336693,-0.0011372780427336693,0.009624902710100969,-1.7773750972898745
2,0,-0.0013634199276566505,-0.0033634199276566506,0.008261482782444318,-1.7807385172175312
2,0,-0.0014157836558297276,-0.0014157836558297276,0.006845699126614591,-1.782154300873361
2,0,-0.0014207332860678434,-0.0014207332860678434,0.005424965840546747,-1.7835750341594288
0,0,0.0014684820780530572,0.0014684820780530572,0.006893447918599804,-1.7821065520813757
2,0,-0.0007685081218369305,-0.0007685081218369305,0.006124939796762874,-1.7828750602032126
2,0,-0.002004005014896393,-0.002004005014896393,0.004120934781866481,-1.784879065218109
2,0,-0.0010227204766124487,-0.0010227204766124487,0.0030982143052540323,-1.7859017856947215
0,0,0.0006304155103862286,0.0006304155103862286,0.003728629815640261,-1.7852713701843352
0,1,-0.0,-0.001,0.003728629815640261,-1.7862713701843351
2,0,-0.0024266750551760197,-0.0034266750551760197,0.0013019547604642412,-1.789698045239511
0,0,0.004043832886964083,0.004043832886964083,0.005345787647428324,-1.785654212352547
1,2,0.0002833316975738853,-0.0017166683024261147,0.005629119345002209,-1.787370880654973
1,2,0.0006181320641189814,0.0006181320641189814,0.006247251409121191,-1.786752748590854
2,2,0.0019997702911496162,0.0019997702911496162,0.008247021700270807,-1.7847529782997045
0,0,0.00172534235753119,-0.0002746576424688101,0.009972364057801997,-1.7850276359421733
2,2,0.0018827931489795446,-0.0001172068510204554,0.011855157206781541,-1.7851448427931937
1,0,-0.0002780535724014044,-0.0022780535724014044,0.011577103634380137,-1.7874228963655951
0,0,0.0030985574703663588,0.0030985574703663588,0.014675661104746496,-1.7843243388952288
2,2,0.002150994725525379,0.00015099472552537914,0.016826655830271875,-1.7841733441697034
2,0,-0.0035572987981140614,-0.005557298798114061,0.013269357032157814,-1.7897306429678175
0,0,0.001492808572947979,0.001492808572947979,0.014762165605105793,-1.7882378343948695
2,0,-0.008043915033340454,-0.008043915033340454,0.0067182505717653385,-1.79628174942821
2,0,-0.0012285549892112613,-0.0012285549892112613,0.005489695582554077,-1.7975103044174212
2,0,-0.007004571612924337,-0.007004571612924337,-0.0015148760303702602,-1.8045148760303455
1,0,-0.000798334542196244,-0.000798334542196244,-0.002313210572566504,-1.8053132105725418
0,0,0.0019998790230602026,0.0019998790230602026,-0.0003133315495063016,-1.8033133315494816
2,0,-0.008408207446336746,-0.008408207446336746,-0.008721538995843048,-1.8117215389958183
2,0,-0.002798802684992552,-0.002798802684992552,-0.0115203416808356,-1.8145203416808109
0,0,0.0016467829700559378,0.0016467829700559378,-0.009873558710779662,-1.812873558710755
1,0,0.0009973134147003293,0.0009973134147003293,-0.008876245296079333,-1.8118762452960546
2,0,-0.0019464666256681085,-0.0019464666256681085,-0.010822711921747441,-1.8138227119217227
1,0,0.00009090238745557144,0.00009090238745557144,-0.01073180953429187,-1.8137318095342672
2,0,-0.015087622217833996,-0.015087622217833996,-0.025819431752125865,-1.8288194317521012
0,0,0.0058012111112475395,0.0058012111112475395,-0.020018220640878326,-1.8230182206408536
2,2,0.0028974071610718966,0.0008974071610718965,-0.01712081347980643,-1.8221208134797817
1,0,-0.00020072190091013908,-0.002200721900910139,-0.01732153538071657,-1.8243215353806919
1,0,-0.001179841230623424,-0.001179841230623424,-0.018501376611339992,-1.8255013766113153
1,0,0.0005007228464819491,0.0005007228464819491,-0.018000653764858043,-1.8250006537648333
1,1,0.0,-0.001,-0.018000653764858043,-1.8260006537648332
2,1,0.0,0.0,-0.018000653764858043,-1.8260006537648332
0,0,0.004669755697250366,0.003669755697250366,-0.013330898067607677,-1.8223308980675827
2,1,0.0,-0.001,-0.013330898067607677,-1.8233308980675826
0,1,-0.0,-0.0,-0.013330898067607677,-1.8233308980675826
2,1,0.0,0.0,-0.013330898067607677,-1.8233308980675826
0,1,-0.0,-0.0,-0.013330898067607677,-1.8233308980675826
2,1,0.0,0.0,-0.013330898067607677,-1.8233308980675826
0,0,0.015605895780026913,0.014605895780026912,0.0022749977124192355,-1.8087250022875558
1,2,0.001731990254484117,-0.000268009745515883,0.004006987966903353,-1.8089930120330717
1,2,0.0015410656342282891,0.0015410656342282891,0.005548053601131642,-1.8074519463988434
2,0,-0.006733607966452837,-0.008733607966452837,-0.0011855543653211953,-1.8161855543652963
0,0,0.004494143184274435,0.004494143184274435,0.0033085888189532398,-1.8116914111810218
2,1,0.0,-0.001,0.0033085888189532398,-1.8126914111810217
2,1,0.0,0.0,0.0033085888189532398,-1.8126914111810217
0,1,-0.0,-0.0,0.0033085888189532398,-1.8126914111810217
2,1,0.0,0.0,0.0033085888189532398,-1.8126914111810217
1,1,-0.0,-0.0,0.0033085888189532398,-1.8126914111810217
1,1,0.0,0.0,0.0033085888189532398,-1.8126914111810217
1,1,-0.0,-0.0,0.0033085888189532398,-1.8126914111810217
2,2,0.005119828972965479,0.004119828972965479,0.008428417791918719,-1.8085715822080561
0,0,0.001867759390734136,-0.00013224060926586394,0.010296177182652855,-1.808703822817322
0,2,-0.006603630259633064,-0.008603630259633064,0.0036925469230197905,-1.817307453076955
0,2,-0.004795827437192202,-0.004795827437192202,-0.0011032805141724111,-1.8221032805141473
1,2,0.00011324844672344625,0.00011324844672344625,-0.0009900320674489649,-1.8219900320674238
0,1,-0.0,-0.001,-0.0009900320674489649,-1.8229900320674237
2,2,0.0035611814819276333,0.0025611814819276333,0.0025711494144786684,-1.820428850585496
0,1,-0.0,-0.001,0.0025711494144786684,-1.8214288505854959
2,1,0.0,0.0,0.0025711494144786684,-1.8214288505854959
2,1,0.0,0.0,0.0025711494144786684,-1.8214288505854959
0,1,-0.0,-0.0,0.0025711494144786684,-1.8214288505854959
0,2,-0.0013393533881753683,-0.0023393533881753683,0.0012317960263033,-1.8237682039736711
2,2,0.001619901042431593,0.001619901042431593,0.002851697068734893,-1.8221483029312395
0,0,0.010616295039653778,0.008616295039653778,0.013467992108388671,-1.8135320078915858
1,2,-0.0005468553863465786,-0.0025468553863465786,0.012921136722042093,-1.8160788632779323
1,2,-0.0005847002612426877,-0.0005847002612426877,0.012336436460799405,-1.816663563539175
1,2,0.000600560917519033,0.000600560917519033,0.012936997378318438,-1.816063002621656
0,0,0.002659986726939678,0.0006599867269396782,0.015596984105258116,-1.8154030158947163
0,2,-0.003079799236729741,-0.005079799236729741,0.012517184868528375,-1.820482815131446
0,2,-0.0017070416361093521,-0.0017070416361093521,0.010810143232419023,-1.8221898567675554
2,2,0.0035606028977781534,0.0035606028977781534,0.014370746130197176,-1.8186292538697773
1,2,0.0005724574439227581,0.0005724574439227581,0.014943203574119934,-1.8180567964258545
0,2,-0.0016800607554614544,-0.0016800607554614544,0.01326314281865848,-1.819736857181316
2,2,0.0035766882356256247,0.0035766882356256247,0.016839831054284105,-1.8161601689456903
1,0,0.0009978378657251596,-0.0010021621342748404,0.017837668920009264,-1.8171623310799652
2,2,0.0015338443918153644,-0.0004661556081846357,0.01937151331182463,-1.8176284866881498
1,1,-0.0,-0.001,0.01937151331182463,-1.8186284866881497
2,1,0.0,0.0,0.01937151331182463,-1.8186284866881497
1,1,-0.0,-0.0,0.01937151331182463,-1.8186284866881497
0,2,-0.0024632951244711876,-0.0034632951244711876,0.01690821818735344,-1.8220917818126208
2,2,0.009983490221202374,0.009983490221202374,0.026891708408555814,-1.8121082915914184
2,0,-0.003587698796764016,-0.005587698796764016,0.0233040096117918,-1.8176959903881824
2,0,-0.003614054061472416,-0.003614054061472416,0.019689955550319382,-1.8213100444496548
1,0,-0.001151291304267943,-0.001151291304267943,0.01853866424605144,-1.8224613357539228
1,0,0.000257982115726918,0.000257982115726918,0.018796646361778357,-1.8222033536381959
1,0,-0.00044040544889867306,-0.00044040544889867306,0.018356240912879684,-1.8226437590870945
0,0,0.01004254724830389,0.01004254724830389,0.028398788161183575,-1.8126012118387906
0,0,0.017626140266656876,0.017626140266656876,0.04602492842784045,-1.7949750715721338
0,2,-0.007179226726293564,-0.009179226726293564,0.038845701701546886,-1.8041542982984273
2,2,0.003006144892424345,0.003006144892424345,0.04185184659397123,-1.801148153406003
0,1,-0.0,-0.001,0.04185184659397123,-1.8021481534060029
0,2,-0.002414324088022113,-0.003414324088022113,0.03943752250594912,-1.8055624774940249
2,2,0.0023832034785300493,0.0023832034785300493,0.04182072598447917,-1.8031792740154948
2,2,0.0037497435696423054,0.0037497435696423054,0.04557046955412147,-1.7994295304458525
1,1,0.0,-0.001,0.04557046955412147,-1.8004295304458524
0,1,-0.0,-0.0,0.04557046955412147,-1.8004295304458524
2,1,0.0,0.0,0.04557046955412147,-1.8004295304458524
1,1,0.0,0.0,0.04557046955412147,-1.8004295304458524
1,2,0.0005626461934298277,-0.00043735380657017233,0.0461331157475513,-1.8008668842524225
1,1,0.0,-0.001,0.0461331157475513,-1.8018668842524224
1,1,-0.0,-0.0,0.0461331157475513,-1.8018668842524224
2,1,0.0,0.0,0.0461331157475513,-1.8018668842524224
2,1,0.0,0.0,0.0461331157475513,-1.8018668842524224
1,0,0.0011115276720374823,0.00011152767203748224,0.04724464341958878,-1.8017553565803848
2,0,-0.0020119748078286648,-0.0020119748078286648,0.04523266861176012,-1.8037673313882134
0,0,0.008300426416099072,0.008300426416099072,0.05353309502785919,-1.7954669049721144
1,2,0.0015957774594426155,-0.00040422254055738453,0.055128872487301805,-1.7958711275126717
1,1,-0.0,-0.001,0.055128872487301805,-1.7968711275126716
2,1,0.0,0.0,0.055128872487301805,-1.7968711275126716
0,1,-0.0,-0.0,0.055128872487301805,-1.7968711275126716
2,2,0.005328092724084854,0.004328092724084854,0.06045696521138666,-1.7925430347885867
0,0,0.01459470484405756,0.01259470484405756,0.07505167005544422,-1.7799483299445291
0,2,-0.007420345675200224,-0.009420345675200224,0.067631324380244,-1.7893686756197293
0,2,-0.009717235341668129,-0.009717235341668129,0.05791408903857587,-1.7990859109613975
0,2,-0.010776401497423649,-0.010776401497423649,0.04713768754115222,-1.8098623124588211
1,2,0.0009160867193713784,0.0009160867193713784,0.048053774260523596,-1.8089462257394497
0,2,-0.005283682141453028,-0.005283682141453028,0.04277009211907057,-1.8142299078809028
2,2,0.006653001997619867,0.006653001997619867,0.049423094116690436,-1.807576905883283
2,2,0.010413989424705505,0.010413989424705505,0.05983708354139594,-1.7971629164585774
1,1,-0.0,-0.001,0.05983708354139594,-1.7981629164585773
0,2,-0.007228949572890997,-0.008228949572890998,0.052608133968504944,-1.8063918660314684
2,2,0.0028416570276021957,0.0028416570276021957,0.05544979099610714,-1.8035502090038662
2,2,0.0036646064836531878,0.0036646064836531878,0.05911439747976033,-1.799885602520213
0,1,-0.0,-0.001,0.05911439747976033,-1.800885602520213
0,2,-0.01335699763149023,-0.014356997631490231,0.0457573998482701,-1.815242600151703
0,2,-0.003071444807574153,-0.003071444807574153,0.042685955040695944,-1.8183140449592772
1,2,0.0004628559108823538,0.0004628559108823538,0.0431488109515783,-1.8178511890483948
0,2,-0.00428459607064724,-0.00428459607064724,0.03886421488093106,-1.822135785119042
2,2,0.0023176970425993204,0.0023176970425993204,0.04118191192353038,-1.8198180880764427
0,1,-0.0,-0.001,0.04118191192353038,-1.8208180880764426
1,2,-0.0009063385659828782,-0.0019063385659828782,0.0402755733575475,-1.8227244266424254
0,2,-0.006062231957912445,-0.006062231957912445,0.034213341399635055,-1.8287866586003378
0,2,-0.008528641425073147,-0.008528641425073147,0.02568469997456191,-1.837315300025411
1,2,-0.0011207028292119503,-0.0011207028292119503,0.02456399714534996,-1.838436002854623
2,2,0.013540588319301605,0.013540588319301605,0.038104585464651564,-1.8248954145353213
2,2,0.002625034423545003,0.002625034423545003,0.04072961988819657,-1.8222703801117763
2,2,0.0022195244673639536,0.0022195244673639536,0.04294914435556052,-1.8200508556444124
0,1,-0.0,-0.001,0.04294914435556052,-1.8210508556444123
0,2,-0.008035216480493546,-0.009035216480493546,0.034913927875066975,-1.8300860721249057
2,2,0.007364412769675255,0.007364412769675255,0.04227834064474223,-1.8227216593552305
0,1,-0.0,-0.001,0.04227834064474223,-1.8237216593552303
2,2,0.007200316525995731,0.006200316525995731,0.04947865717073796,-1.8175213428292345
1,1,0.0,-0.001,0.04947865717073796,-1.8185213428292344
0,1,-0.0,-0.0,0.04947865717073796,-1.8185213428292344
2,1,0.0,0.0,0.04947865717073796,-1.8185213428292344
2,1,0.0,0.0,0.04947865717073796,-1.8185213428292344
2,1,0.0,0.0,0.04947865717073796,-1.8185213428292344
1,1,-0.0,-0.0,0.04947865717073796,-1.8185213428292344
0,1,-0.0,-0.0,0.04947865717073796,-1.8185213428292344
2,1,0.0,0.0,0.04947865717073796,-1.8185213428292344
0,1,-0.0,-0.0,0.04947865717073796,-1.8185213428292344
1,1,0.0,0.0,0.04947865717073796,-1.8185213428292344
0,1,-0.0,-0.0,0.04947865717073796,-1.8185213428292344
1,1,-0.0,-0.0,0.04947865717073796,-1.8185213428292344
1,1,0.0,0.0,0.04947865717073796,-1.8185213428292344
0,1,-0.0,-0.0,0.04947865717073796,-1.8185213428292344
1,1,0.0,0.0,0.04947865717073796,-1.8185213428292344
2,1,0.0,0.0,0.04947865717073796,-1.8185213428292344
1,1,-0.0,-0.0,0.04947865717073796,-1.8185213428292344
1,1,0.0,0.0,0.04947865717073796,-1.8185213428292344
1,1,-0.0,-0.0,0.04947865717073796,-1.8185213428292344
1,1,0.0,0.0,0.04947865717073796,-1.8185213428292344
0,2,-0.0019294671947136521,-0.002929467194713652,0.04754918997602431,-1.821450810023948
1,2,-0.0004267305484972894,-0.0004267305484972894,0.04712245942752702,-1.8218775405724452
0,1,-0.0,-0.001,0.04712245942752702,-1.822877540572445
1,2,0.000025923933208105154,-0.0009740760667918949,0.047148383360735124,-1.823851616639237
2,2,0.0035582089331001043,0.0035582089331001043,0.05070659229383523,-1.8202934077061368
1,0,0.0002445403952151537,-0.0017554596047848463,0.05095113268905038,-1.8220488673109216
0,2,-0.002453312510624528,-0.004453312510624528,0.048497820178425854,-1.8265021798215462
0,1,-0.0,-0.001,0.048497820178425854,-1.827502179821546
2,2,0.007187420502305031,0.006187420502305031,0.055685240680730885,-1.821314759319241
0,0,0.0014480507234111428,-0.0005519492765888572,0.05713329140414203,-1.8218667085958298
1,0,0.00003370783815626055,0.00003370783815626055,0.05716699924229829,-1.8218330007576735
1,2,0.0006262793322093785,-0.0013737206677906216,0.05779327857450767,-1.8232067214254641
1,2,-0.000712484703399241,-0.000712484703399241,0.057080793871108426,-1.8239192061288634
2,2,0.0029853051528334618,0.0029853051528334618,0.06006609902394189,-1.82093390097603
1,0,-0.00017636323173064739,-0.0021763632317306474,0.05988973579221124,-1.8231102642077606
2,0,-0.005321089643985033,-0.005321089643985033,0.05456864614822621,-1.8284313538517456
0,0,0.001916774082928896,0.001916774082928896,0.0564854202311551,-1.8265145797688167
0,0,0.008513323962688446,0.008513323962688446,0.06499874419384355,-1.8180012558061283
2,2,0.00122035201638937,-0.0007796479836106301,0.06621909621023292,-1.818780903789739
0,2,-0.003384107258170843,-0.003384107258170843,0.06283498895206208,-1.8221650110479097
2,2,0.0011593516683205962,0.0011593516683205962,0.06399434062038267,-1.8210056593795891
0,2,-0.010075275786221027,-0.010075275786221027,0.053919064834161645,-1.8310809351658102
0,2,-0.0036969727370887995,-0.0036969727370887995,0.050222092097072846,-1.834777907902899
2,2,0.0014126473106443882,0.0014126473106443882,0.051634739407717234,-1.8333652605922546
0,2,-0.0032698335126042366,-0.0032698335126042366,0.048364905895113,-1.8366350941048588
1,2,-0.00031520240008831024,-0.00031520240008831024,0.04804970349502469,-1.8369502965049471
1,2,0.0007442454225383699,0.0007442454225383699,0.04879394891756306,-1.8362060510824088
0,2,-0.006234507542103529,-0.006234507542103529,0.04255944137545953,-1.8424405586245123
2,2,0.007226257119327784,0.007226257119327784,0.04978569849478731,-1.8352143015051845
1,0,-0.0008286777301691473,-0.0028286777301691473,0.048957020764618164,-1.8380429792353536
2,0,-0.010852780193090439,-0.010852780193090439,0.038104240571527725,-1.848895759428444
0,0,0.005492967553436756,0.005492967553436756,0.04359720812496448,-1.8434027918750073
2,2,0.0021941126324236393,0.00019411263242363926,0.04579132075738812,-1.8432086792425837
2,1,0.0,-0.001,0.04579132075738812,-1.8442086792425836
0,1,-0.0,-0.0,0.04579132075738812,-1.8442086792425836
1,1,0.0,0.0,0.04579132075738812,-1.8442086792425836
2,1,0.0,0.0,0.04579132075738812,-1.8442086792425836
2,1,0.0,0.0,0.04579132075738812,-1.8442086792425836
1,0,0.0003629370767157525,-0.0006370629232842475,0.04615425783410387,-1.8448457421658677
1,1,0.0,-0.001,0.04615425783410387,-1.8458457421658676
1,1,-0.0,-0.0,0.04615425783410387,-1.8458457421658676
1,1,-0.0,-0.0,0.04615425783410387,-1.8458457421658676
0,1,-0.0,-0.0,0.04615425783410387,-1.8458457421658676
0,2,-0.014291209168732166,-0.015291209168732167,0.03186304866537171,-1.8611369513345997
2,2,0.008578803390264511,0.008578803390264511,0.04044185205563622,-1.8525581479443352
0,2,-0.008580080233514309,-0.008580080233514309,0.03186177182212191,-1.8611382281778495
2,2,0.003679166780784726,0.003679166780784726,0.035540938602906635,-1.8574590613970647
0,2,-0.01644855923950672,-0.01644855923950672,0.019092379363399914,-1.8739076206365715
0,2,-0.0023579131811857224,-0.0023579131811857224,0.01673446618221419,-1.8762655338177572
0,2,-0.009445760399103165,-0.009445760399103165,0.007288705783111027,-1.8857112942168603
2,2,0.0026324703358113766,0.0026324703358113766,0.009921176118922403,-1.883078823881049
1,2,0.0004254941886756569,0.0004254941886756569,0.01034667030759806,-1.8826533296923733
2,2,0.003126045223325491,0.003126045223325491,0.013472715530923551,-1.8795272844690478
1,0,0.000352266215486452,-0.001647733784513548,0.013824981746410003,-1.8811750182535614
1,1,-0.0,-0.001,0.013824981746410003,-1.8821750182535613
0,1,-0.0,-0.0,0.013824981746410003,-1.8821750182535613
0,2,-0.009292197413742542,-0.010292197413742543,0.004532784332667461,-1.892467215667304
1,2,-0.00025634432677179575,-0.00025634432677179575,0.004276440005895665,-1.8927235599940757
0,2,-0.008410402573645115,-0.008410402573645115,-0.00413396256774945,-1.9011339625677208
1,2,0.0015466171316802502,0.0015466171316802502,-0.0025873454360691994,-1.8995873454360406
0,2,-0.006338173057883978,-0.006338173057883978,-0.008925518493953177,-1.9059255184939246
2,2,0.009555842727422714,0.009555842727422714,0.0006303242334695369,-1.8963696757665018
2,1,0.0,-0.001,0.0006303242334695369,-1.8973696757665017
1,1,0.0,0.0,0.0006303242334695369,-1.8973696757665017
1,1,0.0,0.0,0.0006303242334695369,-1.8973696757665017
1,1,-0.0,-0.0,0.0006303242334695369,-1.8973696757665017
1,1,0.0,0.0,0.0006303242334695369,-1.8973696757665017
1,1,-0.0,-0.0,0.0006303242334695369,-1.8973696757665017
1,1,-0.0,-0.0,0.0006303242334695369,-1.8973696757665017
2,1,0.0,0.0,0.0006303242334695369,-1.8973696757665017
2,0,-0.006320093292742968,-0.007320093292742968,-0.005689769059273431,-1.9046897690592446
0,0,0.0025941873900592327,0.0025941873900592327,-0.003095581669214198,-1.9020955816691854
1,2,0.0007949064602144063,-0.0012050935397855938,-0.0023006752089997917,-1.903300675208971
1,1,-0.0,-0.001,-0.0023006752089997917,-1.9043006752089708
0,1,-0.0,-0.0,-0.0023006752089997917,-1.9043006752089708
0,1,-0.0,-0.0,-0.0023006752089997917,-1.9043006752089708
2,1,0.0,0.0,-0.0023006752089997917,-1.9043006752089708
0,1,-0.0,-0.0,-0.0023006752089997917,-1.9043006752089708
0,1,-0.0,-0.0,-0.0023006752089997917,-1.9043006752089708
1,1,0.0,0.0,-0.0023006752089997917,-1.9043006752089708
1,1,0.0,0.0,-0.0023006752089997917,-1.9043006752089708
0,1,-0.0,-0.0,-0.0023006752089997917,-1.9043006752089708
0,1,-0.0,-0.0,-0.0023006752089997917,-1.9043006752089708
0,2,-0.007743653375655413,-0.008743653375655414,-0.010044328584655204,-1.9130443285846264
2,2,0.005851518362760544,0.005851518362760544,-0.004192810221894661,-1.9071928102218658
2,1,0.0,-0.001,-0.004192810221894661,-1.9081928102218657
0,0,0.004289443604648113,0.0032894436046481132,0.00009663338275345268,-1.9049033666172175
1,1,0.0,-0.001,0.00009663338275345268,-1.9059033666172174
0,1,-0.0,-0.0,0.00009663338275345268,-1.9059033666172174
1,1,0.0,0.0,0.00009663338275345268,-1.9059033666172174
2,1,0.0,0.0,0.00009663338275345268,-1.9059033666172174
0,1,-0.0,-0.0,0.00009663338275345268,-1.9059033666172174
2,2,0.003368532983586192,0.002368532983586192,0.003465166366339645,-1.903534833633631
0,2,-0.01939607411623001,-0.01939607411623001,-0.015930907749890366,-1.922930907749861
1,2,-0.0005106265307404101,-0.0005106265307404101,-0.016441534280630776,-1.9234415342806015
0,2,-0.004523496143519878,-0.004523496143519878,-0.020965030424150655,-1.9279650304241214
0,2,-0.0029336842708289623,-0.0029336842708289623,-0.023898714694979617,-1.9308987146949503
0,2,-0.003966603893786669,-0.003966603893786669,-0.027865318588766286,-1.934865318588737
2,2,0.007089097052812576,0.007089097052812576,-0.02077622153595371,-1.9277762215359244
2,1,0.0,-0.001,-0.02077622153595371,-1.9287762215359243
1,0,0.0013266975292935967,0.0003266975292935967,-0.019449524006660113,-1.9284495240066306
2,1,0.0,-0.001,-0.019449524006660113,-1.9294495240066305
2,1,0.0,0.0,-0.019449524006660113,-1.9294495240066305
2,1,0.0,0.0,-0.019449524006660113,-1.9294495240066305
1,1,0.0,0.0,-0.019449524006660113,-1.9294495240066305
1,1,-0.0,-0.0,-0.019449524006660113,-1.9294495240066305
2,1,0.0,0.0,-0.019449524006660113,-1.9294495240066305
0,1,-0.0,-0.0,-0.019449524006660113,-1.9294495240066305
0,1,-0.0,-0.0,-0.019449524006660113,-1.9294495240066305
2,1,0.0,0.0,-0.019449524006660113,-1.9294495240066305
1,1,-0.0,-0.0,-0.019449524006660113,-1.9294495240066305
1,1,-0.0,-0.0,-0.019449524006660113,-1.9294495240066305
1,1,-0.0,-0.0,-0.019449524006660113,-1.9294495240066305
1,1,0.0,0.0,-0.019449524006660113,-1.9294495240066305
1,1,-0.0,-0.0,-0.019449524006660113,-1.9294495240066305
0,1,-0.0,-0.0,-0.019449524006660113,-1.9294495240066305
0,2,-0.004666975233703852,-0.005666975233703852,-0.024116499240363964,-1.9351164992403342
0,2,-0.013629973866045475,-0.013629973866045475,-0.03774647310640944,-1.9487464731063797
0,2,-0.022412220016121864,-0.022412220016121864,-0.060158693122531304,-1.9711586931225016
0,2,-0.00735864182934165,-0.00735864182934165,-0.06751733495187295,-1.9785173349518432
0,2,-0.008606311865150928,-0.008606311865150928,-0.07612364681702388,-1.9871236468169942
2,2,0.0050172084011137486,0.0050172084011137486,-0.07110643841591013,-1.9821064384158804
0,2,-0.005286651663482189,-0.005286651663482189,-0.07639309007939232,-1.9873930900793626
2,2,0.009434900246560574,0.009434900246560574,-0.06695818983283175,-1.977958189832802
2,2,0.00893506221473217,0.00893506221473217,-0.05802312761809958,-1.9690231276180699
0,0,0.016356561332941055,0.014356561332941055,-0.041666566285158524,-1.9546665662851288
2,2,0.007451745681464672,0.005451745681464672,-0.03421482060369385,-1.9492148206036641
0,1,-0.0,-0.001,-0.03421482060369385,-1.950214820603664
0,2,-0.018608983606100082,-0.019608983606100083,-0.052823804209793934,-1.969823804209764
2,2,0.004395618569105864,0.004395618569105864,-0.04842818564068807,-1.9654281856406581
2,2,0.0026967378798872232,0.0026967378798872232,-0.04573144776080085,-1.962731447760771
1,1,0.0,-0.001,-0.04573144776080085,-1.9637314477607708
0,1,-0.0,-0.0,-0.04573144776080085,-1.9637314477607708
0,2,-0.018062198534607887,-0.019062198534607888,-0.06379364629540873,-1.9827936462953786
0,2,-0.004841480404138565,-0.004841480404138565,-0.0686351266995473,-1.9876351266995171
0,2,-0.017312446609139442,-0.017312446609139442,-0.08594757330868674,-2.0049475733086566
2,2,0.0060125780291855335,0.0060125780291855335,-0.07993499527950121,-1.998934995279471
0,2,-0.004774776753038168,-0.004774776753038168,-0.08470977203253938,-2.003709772032509
2,2,0.011784187518060207,0.011784187518060207,-0.07292558451447917,-1.991925584514449
2,2,0.009915575385093689,0.009915575385093689,-0.06301000912938548,-1.9820100091293553
2,1,0.0,-0.001,-0.06301000912938548,-1.9830100091293552
0,1,-0.0,-0.0,-0.06301000912938548,-1.9830100091293552
2,2,0.023678146302700043,0.022678146302700042,-0.03933186282668544,-1.960331862826655
1,1,-0.0,-0.001,-0.03933186282668544,-1.961331862826655
1,1,-0.0,-0.0,-0.03933186282668544,-1.961331862826655
0,1,-0.0,-0.0,-0.03933186282668544,-1.961331862826655
2,1,0.0,0.0,-0.03933186282668544,-1.961331862826655
2,1,0.0,0.0,-0.03933186282668544,-1.961331862826655
0,1,-0.0,-0.0,-0.03933186282668544,-1.961331862826655
2,1,0.0,0.0,-0.03933186282668544,-1.961331862826655
0,1,-0.0,-0.0,-0.03933186282668544,-1.961331862826655
2,1,0.0,0.0,-0.03933186282668544,-1.961331862826655
0,1,-0.0,-0.0,-0.03933186282668544,-1.961331862826655
1,1,-0.0,-0.0,-0.03933186282668544,-1.961331862826655
1,1,-0.0,-0.0,-0.03933186282668544,-1.961331862826655
1,1,0.0,0.0,-0.03933186282668544,-1.961331862826655
2,1,0.0,0.0,-0.03933186282668544,-1.961331862826655
1,1,-0.0,-0.0,-0.03933186282668544,-1.961331862826655
0,1,-0.0,-0.0,-0.03933186282668544,-1.961331862826655
1,1,-0.0,-0.0,-0.03933186282668544,-1.961331862826655
0,1,-0.0,-0.0,-0.03933186282668544,-1.961331862826655
2,1,0.0,0.0,-0.03933186282668544,-1.961331862826655
0,1,-0.0,-0.0,-0.03933186282668544,-1.961331862826655
1,1,0.0,0.0,-0.03933186282668544,-1.961331862826655
2,1,0.0,0.0,-0.03933186282668544,-1.961331862826655
0,0,0.00249309279024601,0.0014930927902460098,-0.03683877003643943,-1.9598387700364088
2,1,0.0,-0.001,-0.03683877003643943,-1.9608387700364087
0,1,-0.0,-0.0,-0.03683877003643943,-1.9608387700364087
1,1,0.0,0.0,-0.03683877003643943,-1.9608387700364087
1,1,-0.0,-0.0,-0.03683877003643943,-1.9608387700364087
0,1,-0.0,-0.0,-0.03683877003643943,-1.9608387700364087
1,1,-0.0,-0.0,-0.03683877003643943,-1.9608387700364087
2,2,0.007807021960616112,0.006807021960616112,-0.029031748075823316,-1.9540317480757925
0,0,0.003923623822629452,0.0019236238226294517,-0.025108124253193864,-1.952108124253163
2,2,0.002734053647145629,0.0007340536471456289,-0.022374070606048235,-1.9513740706060174
2,2,0.010630263015627861,0.010630263015627861,-0.011743807590420374,-1.9407438075903896
2,0,-0.0014022561954334378,-0.003402256195433438,-0.013146063785853812,-1.944146063785823
2,0,-0.0035773005802184343,-0.0035773005802184343,-0.016723364366072246,-1.9477233643660414
2,0,-0.002772933803498745,-0.002772933803498745,-0.01949629816957099,-1.9504962981695402
0,0,0.002196795307099819,0.002196795307099819,-0.017299502862471172,-1.9482995028624404
0,0,0.005732120014727116,0.005732120014727116,-0.011567382847744057,-1.9425673828477132
1,2,-0.0009611594723537564,-0.0029611594723537565,-0.012528542320097813,-1.945528542320067
2,0,-0.004129848442971706,-0.006129848442971706,-0.01665839076306952,-1.9516583907630387
2,0,-0.0029656277038156986,-0.0029656277038156986,-0.019624018466885218,-1.9546240184668544
0,0,0.0037897692527621984,0.0037897692527621984,-0.01583424921412302,-1.9508342492140922
2,1,0.0,-0.001,-0.01583424921412302,-1.951834249214092
2,1,0.0,0.0,-0.01583424921412302,-1.951834249214092
2,0,-0.004592119250446558,-0.005592119250446558,-0.020426368464569578,-1.9574263684645385
0,0,0.004391515161842108,0.004391515161842108,-0.01603485330272747,-1.9530348533026964
2,0,-0.006220430601388216,-0.006220430601388216,-0.022255283904115686,-1.9592552839040847
0,0,0.004624891560524702,0.004624891560524702,-0.017630392343590984,-1.95463039234356
1,2,0.000702407443895936,-0.001297592556104064,-0.016927984899695048,-1.955927984899664
2,0,-0.0028606881387531757,-0.004860688138753176,-0.019788673038448223,-1.9607886730384172
2,0,-0.00378602952696383,-0.00378602952696383,-0.023574702565412053,-1.964574702565381
2,0,-0.001811698661185801,-0.001811698661185801,-0.025386401226597854,-1.9663864012265668
2,0,-0.005797524470835924,-0.005797524470835924,-0.03118392569743378,-1.9721839256974028
1,0,-0.00013613943883683532,-0.00013613943883683532,-0.031320065136270614,-1.9723200651362396
0,0,0.013430084101855755,0.013430084101855755,-0.01788998103441486,-1.9588899810343838
1,2,-0.0010296673281118274,-0.0030296673281118274,-0.018919648362526686,-1.9619196483624957
2,0,-0.00377276330254972,-0.00577276330254972,-0.022692411665076406,-1.9676924116650454
2,0,-0.005151720251888037,-0.005151720251888037,-0.027844131916964443,-1.9728441319169334
1,0,0.0006652256124652922,0.0006652256124652922,-0.02717890630449915,-1.9721789063044681
0,1,-0.0,-0.001,-0.02717890630449915,-1.973178906304468
2,2,0.0083799809217453,0.0073799809217453,-0.01879892538275385,-1.9657989253827226
0,1,-0.0,-0.001,-0.01879892538275385,-1.9667989253827225
1,1,0.0,0.0,-0.01879892538275385,-1.9667989253827225
1,1,-0.0,-0.0,-0.01879892538275385,-1.9667989253827225
0,1,-0.0,-0.0,-0.01879892538275385,-1.9667989253827225
1,2,0.0012189915869385004,0.00021899158693850038,-0.01757993379581535,-1.9665799337957839
2,2,0.002495206892490387,0.002495206892490387,-0.015084726903324963,-1.9640847269032935
0,1,-0.0,-0.001,-0.015084726903324963,-1.9650847269032934
2,2,0.0018238534685224295,0.0008238534685224294,-0.013260873434802534,-1.9642608734347708
1,1,0.0,-0.001,-0.013260873434802534,-1.9652608734347707
2,2,0.005154317244887352,0.004154317244887352,-0.008106556189915182,-1.9611065561898833
2,0,-0.006422221194952726,-0.008422221194952726,-0.014528777384867908,-1.969528777384836
2,0,-0.01361966971307993,-0.01361966971307993,-0.028148447097947837,-1.983148447097916
2,0,-0.0039009517058730125,-0.0039009517058730125,-0.03204939880382085,-1.987049398803789
0,0,0.004383358638733625,0.004383358638733625,-0.027666040165087225,-1.9826660401650553
2,0,-0.008587423712015152,-0.008587423712015152,-0.036253463877102377,-1.9912534638770705
0,0,0.003631159896031022,0.003631159896031022,-0.032622303981071354,-1.9876223039810395
1,0,0.0014611956430599093,0.0014611956430599093,-0.031161108338011445,-1.9861611083379795
0,1,-0.0,-0.001,-0.031161108338011445,-1.9871611083379794
0,1,-0.0,-0.0,-0.031161108338011445,-1.9871611083379794
0,1,-0.0,-0.0,-0.031161108338011445,-1.9871611083379794
2,1,0.0,0.0,-0.031161108338011445,-1.9871611083379794
1,1,-0.0,-0.0,-0.031161108338011445,-1.9871611083379794
2,1,0.0,0.0,-0.031161108338011445,-1.9871611083379794
0,1,-0.0,-0.0,-0.031161108338011445,-1.9871611083379794
1,1,-0.0,-0.0,-0.031161108338011445,-1.9871611083379794
0,1,-0.0,-0.0,-0.031161108338011445,-1.9871611083379794
0,2,-0.004300483036786318,-0.005300483036786318,-0.03546159137479776,-1.9924615913747656
2,2,0.0025474990252405405,0.0025474990252405405,-0.03291409234955722,-1.989914092349525
2,2,0.002052762545645237,0.002052762545645237,-0.030861329803911985,-1.9878613298038799
1,1,-0.0,-0.001,-0.030861329803911985,-1.9888613298038798
2,1,0.0,0.0,-0.030861329803911985,-1.9888613298038798
0,1,-0.0,-0.0,-0.030861329803911985,-1.9888613298038798
0,2,-0.00392879405990243,-0.00492879405990243,-0.034790123863814415,-1.993790123863782
2,2,0.0028479762841016054,0.0028479762841016054,-0.03194214757971281,-1.9909421475796805
2,2,0.001520531135611236,0.001520531135611236,-0.030421616444101574,-1.9894216164440692
2,2,0.005774986930191517,0.005774986930191517,-0.024646629513910057,-1.9836466295138777
0,0,0.004421699326485395,0.0024216993264853954,-0.02022493018742466,-1.9812249301873923
0,1,-0.0,-0.001,-0.02022493018742466,-1.9822249301873922
2,2,0.00573666300624609,0.00473666300624609,-0.014488267181178571,-1.977488267181146
0,0,0.00401720404624939,0.0020172040462493896,-0.010471063134929182,-1.9754710631348966
2,2,0.0069848946295678616,0.0049848946295678615,-0.00348616850536132,-1.9704861685053288
0,1,-0.0,-0.001,-0.00348616850536132,-1.9714861685053287
2,2,0.0023270384408533573,0.0013270384408533573,-0.0011591300645079627,-1.9701591300644752
2,1,0.0,-0.001,-0.0011591300645079627,-1.971159130064475
0,0,0.0023927073925733566,0.0013927073925733566,0.0012335773280653939,-1.9697664226719016
0,1,-0.0,-0.001,0.0012335773280653939,-1.9707664226719015
2,2,0.0012653848389163613,0.0002653848389163613,0.0024989621669817552,-1.970501037832985
2,2,0.003311023348942399,0.003311023348942399,0.005809985515924154,-1.9671900144840426
2,1,0.0,-0.001,0.005809985515924154,-1.9681900144840425
2,0,-0.0016053125727921724,-0.0026053125727921725,0.004204672943131982,-1.9707953270568346
0,0,0.005819478537887335,0.005819478537887335,0.010024151481019317,-1.9649758485189472
0,1,-0.0,-0.001,0.010024151481019317,-1.9659758485189471
2,1,0.0,0.0,0.010024151481019317,-1.9659758485189471
2,1,0.0,0.0,0.010024151481019317,-1.9659758485189471
0,0,0.0052113961428403854,0.004211396142840385,0.015235547623859702,-1.9617644523761066
2,1,0.0,-0.001,0.015235547623859702,-1.9627644523761065
0,0,0.0026292300317436457,0.0016292300317436456,0.017864777655603348,-1.9611352223443628
1,2,0.0009002878796309233,-0.0010997121203690768,0.01876506553523427,-1.9622349344647319
2,2,0.009634166024625301,0.009634166024625301,0.028399231559859572,-1.9526007684401065
2,0,-0.022638410329818726,-0.024638410329818727,0.005760821230040847,-1.9772391787699253
2,0,-0.0034993498120456934,-0.0034993498120456934,0.0022614714179951534,-1.980738528581971
0,0,0.0020913591142743826,0.0020913591142743826,0.004352830532269536,-1.9786471694676966
1,0,0.0010069836862385273,0.0010069836862385273,0.005359814218508063,-1.977640185781458
2,0,-0.0036561726592481136,-0.0036561726592481136,0.0017036415592599496,-1.9812963584407062
2,2,0.002110725035890937,0.00011072503589093681,0.0038143665951508865,-1.9811856334048152
1,1,0.0,-0.001,0.0038143665951508865,-1.9821856334048151
1,1,0.0,0.0,0.0038143665951508865,-1.9821856334048151
2,0,-0.007266717962920666,-0.008266717962920667,-0.0034523513677697792,-1.9904523513677357
2,0,-0.002667216118425131,-0.002667216118425131,-0.00611956748619491,-1.9931195674861608
0,0,0.0032609470654278994,0.0032609470654278994,-0.0028586204207670107,-1.989858620420733
2,1,0.0,-0.001,-0.0028586204207670107,-1.9908586204207328
0,0,0.003396756947040558,0.002396756947040558,0.0005381365262735471,-1.9884618634736921
2,1,0.0,-0.001,0.0005381365262735471,-1.989461863473692
1,1,0.0,0.0,0.0005381365262735471,-1.989461863473692
1,1,0.0,0.0,0.0005381365262735471,-1.989461863473692
1,1,0.0,0.0,0.0005381365262735471,-1.989461863473692
1,1,0.0,0.0,0.0005381365262735471,-1.989461863473692
0,1,-0.0,-0.0,0.0005381365262735471,-1.989461863473692
0,1,-0.0,-0.0,0.0005381365262735471,-1.989461863473692
1,1,-0.0,-0.0,0.0005381365262735471,-1.989461863473692
1,1,-0.0,-0.0,0.0005381365262735471,-1.989461863473692
2,2,0.0018555369460955262,0.0008555369460955262,0.0023936734723690734,-1.9886063265275964
2,2,0.005578513257205486,0.005578513257205486,0.00797218672957456,-1.983027813270391
1,0,-0.0001330444065388292,-0.0021330444065388292,0.00783914232303573,-1.9851608576769297
2,0,-0.003412321675568819,-0.003412321675568819,0.004426820647466911,-1.9885731793524986
0,0,0.0028778081759810448,0.0028778081759810448,0.007304628823447956,-1.9856953711765175
0,1,-0.0,-0.001,0.007304628823447956,-1.9866953711765174
1,1,-0.0,-0.0,0.007304628823447956,-1.9866953711765174
0,2,-0.0010872597340494394,-0.0020872597340494395,0.006217369089398517,-1.9887826309105667
1,2,0.00017848187417257577,0.00017848187417257577,0.0063958509635710925,-1.9886041490363942
0,2,-0.0013871932169422507,-0.0013871932169422507,0.005008657746628842,-1.9899913422533364
0,2,-0.004425871651619673,-0.004425871651619673,0.000582786095009169,-1.994417213904956
2,2,0.0030625525396317244,0.0030625525396317244,0.0036453386346408934,-1.9913546613653244
2,2,0.0013798747677356005,0.0013798747677356005,0.005025213402376494,-1.9899747865975888
2,0,-0.0023563129361718893,-0.004356312936171889,0.0026689004662046045,-1.9943310995337606
2,0,-0.002055005170404911,-0.002055005170404911,0.0006138952957996935,-1.9963861047041656
0,0,0.003404904855415225,0.003404904855415225,0.0040188001512149185,-1.9929811998487503
0,1,-0.0,-0.001,0.0040188001512149185,-1.9939811998487502
2,2,0.008533746004104614,0.007533746004104614,0.012552546155319533,-1.9864474538446455
0,0,0.0009821595158427954,-0.0010178404841572047,0.013534705671162328,-1.9874652943288027
2,0,-0.0027309840079396963,-0.0027309840079396963,0.010803721663222632,-1.9901962783367424
0,0,0.004504936747252941,0.004504936747252941,0.015308658410475573,-1.9856913415894895
1,0,-0.0008281997870653868,-0.0008281997870653868,0.014480458623410186,-1.9865195413765548
2,2,0.009392728097736835,0.0073927280977368354,0.02387318672114702,-1.979126813278818
0,0,0.0013757467968389392,-0.0006242532031610609,0.02524893351798596,-1.979751066481979
2,2,0.0012185524683445692,-0.0007814475316554308,0.02646748598633053,-1.9805325140136345
0,0,0.015562452375888824,0.013562452375888824,0.042029938362219355,-1.9669700616377457
0,2,-0.002998346695676446,-0.004998346695676446,0.03903159166654291,-1.9719684083334221
2,2,0.0018357580993324518,0.0018357580993324518,0.04086734976587536,-1.9701326502340897
2,1,0.0,-0.001,0.04086734976587536,-1.9711326502340896
1,1,0.0,0.0,0.04086734976587536,-1.9711326502340896
0,1,-0.0,-0.0,0.04086734976587536,-1.9711326502340896
2,1,0.0,0.0,0.04086734976587536,-1.9711326502340896
0,1,-0.0,-0.0,0.04086734976587536,-1.9711326502340896
1,1,-0.0,-0.0,0.04086734976587536,-1.9711326502340896
1,1,-0.0,-0.0,0.04086734976587536,-1.9711326502340896
1,1,-0.0,-0.0,0.04086734976587536,-1.9711326502340896
1,1,-0.0,-0.0,0.04086734976587536,-1.9711326502340896
2,1,0.0,0.0,0.04086734976587536,-1.9711326502340896
0,1,-0.0,-0.0,0.04086734976587536,-1.9711326502340896
0,1,-0.0,-0.0,0.04086734976587536,-1.9711326502340896
1,1,0.0,0.0,0.04086734976587536,-1.9711326502340896
1,1,0.0,0.0,0.04086734976587536,-1.9711326502340896
1,1,-0.0,-0.0,0.04086734976587536,-1.9711326502340896
1,1,-0.0,-0.0,0.04086734976587536,-1.9711326502340896
2,1,0.0,0.0,0.04086734976587536,-1.9711326502340896
1,1,-0.0,-0.0,0.04086734976587536,-1.9711326502340896
2,2,0.0018430077470839024,0.0008430077470839023,0.04271035751295926,-1.9702896424870056
0,0,0.001779996557161212,-0.00022000344283878807,0.044490354070120475,-1.9705096459298443
2,0,-0.004863145761191845,-0.004863145761191845,0.03962720830892863,-1.9753727916910362
0,0,0.0006532741244882345,0.0006532741244882345,0.040280482433416864,-1.974719517566548
0,0,0.006424927618354559,0.006424927618354559,0.04670541005177142,-1.9682945899481934
2,2,0.002977496013045311,0.000977496013045311,0.049682906064816734,-1.967317093935148
1,0,0.000552137556951493,-0.001447862443048507,0.05023504362176823,-1.9687649563781966
2,0,-0.0035517963115125895,-0.0035517963115125895,0.04668324731025564,-1.9723167526897092
1,0,-0.0004988680593669415,-0.0004988680593669415,0.046184379250888696,-1.9728156207490761
0,0,0.002813135739415884,0.002813135739415884,0.04899751499030458,-1.9700024850096602
1,1,0.0,-0.001,0.04899751499030458,-1.9710024850096601
2,2,0.0010071748401969671,7.174840196967104e-6,0.05000468983050155,-1.970995310169463
1,0,-0.00021308280702214688,-0.002213082807022147,0.0497916070234794,-1.9732083929764852
0,1,-0.0,-0.001,0.0497916070234794,-1.974208392976485
2,0,-0.0012530211824923754,-0.0022530211824923754,0.048538585840987025,-1.9764614141589774
1,0,0.0005650079692713916,0.0005650079692713916,0.04910359381025842,-1.975896406189706
0,2,-0.0008175433613359928,-0.002817543361335993,0.048286050448922424,-1.978713949551042
2,0,-0.0012651748256757855,-0.0032651748256757856,0.04702087562324664,-1.9819791243767177
2,1,0.0,-0.001,0.04702087562324664,-1.9829791243767176
2,0,-0.002374822972342372,-0.003374822972342372,0.04464605265090427,-1.98635394734906
2,0,-0.00250408798456192,-0.00250408798456192,0.042141964666342346,-1.9888580353336218
0,0,0.001957433531060815,0.001957433531060815,0.04409939819740316,-1.986900601802561
0,0,0.002035625511780381,0.002035625511780381,0.04613502370918354,-1.9848649762907806
2,0,-0.0046102856285870075,-0.0046102856285870075,0.041524738080596535,-1.9894752619193676
2,0,-0.0032796452287584543,-0.0032796452287584543,0.03824509285183808,-1.992754907148126
0,0,0.0029464748222380877,0.0029464748222380877,0.04119156767407617,-1.989808432325888
0,0,0.0007071353029459715,0.0007071353029459715,0.04189870297702214,-1.989101297022942
2,0,-0.004254824016243219,-0.004254824016243219,0.03764387896077892,-1.9933561210391852
0,0,0.0036766589619219303,0.0036766589619219303,0.04132053792270085,-1.9896794620772633
1,0,0.0003092680708505213,0.0003092680708505213,0.04162980599355137,-1.9893701940064128
1,2,9.730993042467162e-6,-0.001990269006957533,0.04163953698659384,-1.9913604630133703
0,2,-0.0015887175686657429,-0.0015887175686657429,0.040050819417928096,-1.992949180582036
0,2,-0.001549456617794931,-0.001549456617794931,0.038501362800133165,-1.994498637199831
1,2,0.0005598699790425599,0.0005598699790425599,0.039061232779175725,-1.9939387672207884
0,2,-0.009530359879136086,-0.009530359879136086,0.02953087290003964,-2.0034691270999243
0,2,-0.03789357468485832,-0.03789357468485832,-0.008362701784818682,-2.0413627017847826
1,2,0.0019396119751036167,0.0019396119751036167,-0.006423089809715066,-2.039423089809679
0,2,-0.0051367864944040775,-0.0051367864944040775,-0.011559876304119143,-2.044559876304083
0,2,-0.004346958361566067,-0.004346958361566067,-0.01590683466568521,-2.048906834665649
0,2,-0.006332974880933762,-0.006332974880933762,-0.02223980954661897,-2.055239809546583
1,2,0.002328843344002962,0.002328843344002962,-0.01991096620261601,-2.05291096620258
2,2,0.0027065325994044542,0.0027065325994044542,-0.017204433603211555,-2.0502044336031755
2,2,0.0036593610420823097,0.0036593610420823097,-0.013545072561129246,-2.046545072561093
2,2,0.003681359812617302,0.003681359812617302,-0.009863712748511944,-2.042863712748476
1,1,-0.0,-0.001,-0.009863712748511944,-2.043863712748476
1,2,-0.0006591191049665213,-0.0016591191049665213,-0.010522831853478465,-2.045522831853442
0,1,-0.0,-0.001,-0.010522831853478465,-2.046522831853442
0,2,-0.008375277742743492,-0.009375277742743493,-0.018898109596221957,-2.0558981095961855
2,2,0.006489559076726437,0.006489559076726437,-0.01240855051949552,-2.049408550519459
1,1,0.0,-0.001,-0.01240855051949552,-2.050408550519459
0,2,-0.016282226890325546,-0.017282226890325547,-0.028690777409821067,-2.0676907774097844
1,2,-0.0012534146662801504,-0.0012534146662801504,-0.029944192076101217,-2.0689441920760645
2,2,0.00411229208111763,0.00411229208111763,-0.025831899994983587,-2.064831899994947
2,2,0.0032821609638631344,0.0032821609638631344,-0.022549739031120453,-2.0615497390310837
1,1,-0.0,-0.001,-0.022549739031120453,-2.0625497390310836
2,1,0.0,0.0,-0.022549739031120453,-2.0625497390310836
2,1,0.0,0.0,-0.022549739031120453,-2.0625497390310836
1,1,0.0,0.0,-0.022549739031120453,-2.0625497390310836
0,2,-0.0033164697233587503,-0.00431646972335875,-0.025866208754479203,-2.0668662087544423
2,1,0.0,-0.001,-0.025866208754479203,-2.067866208754442
1,1,-0.0,-0.0,-0.025866208754479203,-2.067866208754442
1,2,0.0011506890878081322,0.00015068908780813215,-0.02471551966667107,-2.067715519666634
2,1,0.0,-0.001,-0.02471551966667107,-2.068715519666634
1,2,-0.0000771498162066564,-0.0010771498162066564,-0.024792669482877727,-2.0697926694828404
1,1,0.0,-0.001,-0.024792669482877727,-2.0707926694828402
1,1,0.0,0.0,-0.024792669482877727,-2.0707926694828402
1,1,-0.0,-0.0,-0.024792669482877727,-2.0707926694828402
0,1,-0.0,-0.0,-0.024792669482877727,-2.0707926694828402
2,1,0.0,0.0,-0.024792669482877727,-2.0707926694828402
2,1,0.0,0.0,-0.024792669482877727,-2.0707926694828402
1,1,0.0,0.0,-0.024792669482877727,-2.0707926694828402
0,1,-0.0,-0.0,-0.024792669482877727,-2.0707926694828402
2,2,0.005339689552783966,0.004339689552783966,-0.01945297993009376,-2.066452979930056
2,0,-0.017407787963747978,-0.01940778796374798,-0.03686076789384174,-2.085860767893804
2,0,-0.01752212829887867,-0.01752212829887867,-0.05438289619272041,-2.1033828961926826
1,0,0.00100061041302979,0.00100061041302979,-0.05338228577969062,-2.102382285779653
2,0,-0.007674929685890675,-0.007674929685890675,-0.061057215465581294,-2.1100572154655435
2,0,-0.005409556441009045,-0.005409556441009045,-0.06646677190659034,-2.1154667719065525
1,0,0.000555864127818495,0.000555864127818495,-0.06591090777877184,-2.114910907778734
0,0,0.009585375897586346,0.009585375897586346,-0.0563255318811855,-2.1053255318811477
2,2,0.0058684940449893475,0.0038684940449893474,-0.05045703783619615,-2.101457037836158
2,0,-0.004570892546325922,-0.006570892546325922,-0.05502793038252207,-2.108027930382484
0,0,0.0076834470964968204,0.0076834470964968204,-0.04734448328602525,-2.100344483285987
2,1,0.0,-0.001,-0.04734448328602525,-2.101344483285987
2,1,0.0,0.0,-0.04734448328602525,-2.101344483285987
2,0,-0.0061197723262012005,-0.0071197723262012005,-0.05346425561222645,-2.108464255612188
1,0,0.00203842855989933,0.00203842855989933,-0.05142582705232712,-2.1064258270522886
2,1,0.0,-0.001,-0.05142582705232712,-2.1074258270522885
2,1,0.0,0.0,-0.05142582705232712,-2.1074258270522885
0,0,0.002257067011669278,0.0012570670116692781,-0.049168760040657844,-2.106168760040619
0,1,-0.0,-0.001,-0.049168760040657844,-2.107168760040619
0,1,-0.0,-0.0,-0.049168760040657844,-2.107168760040619
2,1,0.0,0.0,-0.049168760040657844,-2.107168760040619
0,1,-0.0,-0.0,-0.049168760040657844,-2.107168760040619
1,1,0.0,0.0,-0.049168760040657844,-2.107168760040619
1,1,-0.0,-0.0,-0.049168760040657844,-2.107168760040619
2,1,0.0,0.0,-0.049168760040657844,-2.107168760040619
0,1,-0.0,-0.0,-0.049168760040657844,-2.107168760040619
1,2,0.00017062663391698152,-0.0008293733660830185,-0.04899813340674086,-2.107998133406702
1,2,-0.0014198157005012035,-0.0014198157005012035,-0.050417949107242066,-2.109417949107203
2,2,0.0077104694209992886,0.0077104694209992886,-0.04270747968624278,-2.101707479686204
0,0,0.0035818538162857294,0.0015818538162857294,-0.03912562586995705,-2.100125625869918
2,2,0.004321390762925148,0.002321390762925148,-0.0348042351070319,-2.0978042351069925
1,1,-0.0,-0.001,-0.0348042351070319,-2.0988042351069924
2,2,0.0077091483399271965,0.0067091483399271965,-0.027095086767104704,-2.092095086767065
1,0,-0.0008641942404210567,-0.002864194240421057,-0.02795928100752576,-2.094959281007486
0,0,0.003750425763428211,0.003750425763428211,-0.02420885524409755,-2.0912088552440578
0,2,-0.004022745881229639,-0.006022745881229639,-0.028231601125327188,-2.097231601125287
2,2,0.0015056115807965398,0.0015056115807965398,-0.02672598954453065,-2.0957259895444906
2,2,0.007995947264134884,0.007995947264134884,-0.018730042280395764,-2.0877300422803557
0,0,0.004269118886440992,0.0022691188864409923,-0.014460923393954772,-2.0854609233939145
0,0,0.0019524507224559784,0.0019524507224559784,-0.012508472671498794,-2.0835084726714586
0,1,-0.0,-0.001,-0.012508472671498794,-2.0845084726714584
2,2,0.0017353325383737683,0.0007353325383737683,-0.010773140133125025,-2.0837731401330846
2,2,0.002754715969786048,0.002754715969786048,-0.008018424163338977,-2.0810184241632985
0,1,-0.0,-0.001,-0.008018424163338977,-2.0820184241632984
2,1,0.0,0.0,-0.008018424163338977,-2.0820184241632984
0,1,-0.0,-0.0,-0.008018424163338977,-2.0820184241632984
0,1,-0.0,-0.0,-0.008018424163338977,-2.0820184241632984
1,2,0.000450363993877545,-0.000549636006122455,-0.0075680601694614325,-2.0825680601694208
0,2,-0.0051081860437989235,-0.0051081860437989235,-0.012676246213260356,-2.0876762462132197
0,2,-0.006749862339347601,-0.006749862339347601,-0.019426108552607957,-2.0944261085525673
2,2,0.011657039634883404,0.011657039634883404,-0.007769068917724553,-2.082769068917684
0,0,0.005822677165269852,0.0038226771652698516,-0.0019463917524547014,-2.078946391752414
1,2,-0.00005366267214412801,-0.002053662672144128,-0.0020000544245988294,-2.0810000544245577
0,2,-0.0032428428530693054,-0.0032428428530693054,-0.005242897277668135,-2.084242897277627
0,2,-0.0016521193319931626,-0.0016521193319931626,-0.0068950166096612975,-2.08589501660962
2,2,0.0054302699863910675,0.0054302699863910675,-0.00146474662327023,-2.080464746623229
0,1,-0.0,-0.001,-0.00146474662327023,-2.081464746623229
2,2,0.002065504901111126,0.001065504901111126,0.000600758277840896,-2.0803992417221178
0,1,-0.0,-0.001,0.000600758277840896,-2.0813992417221177
2,2,0.002397478325292468,0.001397478325292468,0.002998236603133364,-2.080001763396825
1,1,0.0,-0.001,0.002998236603133364,-2.081001763396825
2,1,0.0,0.0,0.002998236603133364,-2.081001763396825
0,1,-0.0,-0.0,0.002998236603133364,-2.081001763396825
1,2,-0.001244605053216219,-0.002244605053216219,0.001753631549917145,-2.083246368450041
1,2,-0.0010359806474298239,-0.0010359806474298239,0.0007176509024873212,-2.084282349097471
2,2,0.003717647399753332,0.003717647399753332,0.004435298302240653,-2.0805647016977176
1,1,-0.0,-0.001,0.004435298302240653,-2.0815647016977175
0,2,-0.0015903832390904427,-0.0025903832390904427,0.0028449150631502107,-2.084155084936808
0,1,-0.0,-0.001,0.0028449150631502107,-2.0851550849368077
2,2,0.001582115306518972,0.0005821153065189719,0.004427030369669183,-2.0845729696302886
1,2,0.0008605647017247975,0.0008605647017247975,0.00528759507139398,-2.083712404928564
0,2,-0.0011942354030907154,-0.0011942354030907154,0.004093359668303265,-2.0849066403316545
0,2,-0.00855511799454689,-0.00855511799454689,-0.0044617583262436256,-2.0934617583262014
0,2,-0.0019636768847703934,-0.0019636768847703934,-0.006425435211014019,-2.095425435210972
2,2,0.0018996723229065537,0.0018996723229065537,-0.004525762888107465,-2.0935257628880652
0,2,-0.01839129999279976,-0.01839129999279976,-0.022917062880907224,-2.111917062880865
2,2,0.005896719638258219,0.005896719638258219,-0.017020343242649005,-2.106020343242607
0,2,-0.0044885375536978245,-0.0044885375536978245,-0.02150888079634683,-2.1105088807963046
2,2,0.007764369249343872,0.007764369249343872,-0.013744511547002958,-2.1027445115469607
0,2,-0.003660744521766901,-0.003660744521766901,-0.01740525606876986,-2.1064052560687276
1,2,-0.0013903004582971334,-0.0013903004582971334,-0.018795556527066992,-2.1077955565270248
1,2,0.0006142027559690177,0.0006142027559690177,-0.018181353771097974,-2.1071813537710558
1,2,0.0010928387055173516,0.0010928387055173516,-0.017088515065580623,-2.1060885150655384
1,1,0.0,-0.001,-0.017088515065580623,-2.1070885150655383
1,1,-0.0,-0.0,-0.017088515065580623,-2.1070885150655383
1,1,0.0,0.0,-0.017088515065580623,-2.1070885150655383
2,1,0.0,0.0,-0.017088515065580623,-2.1070885150655383
1,1,-0.0,-0.0,-0.017088515065580623,-2.1070885150655383
1,1,-0.0,-0.0,-0.017088515065580623,-2.1070885150655383
1,1,0.0,0.0,-0.017088515065580623,-2.1070885150655383
1,1,-0.0,-0.0,-0.017088515065580623,-2.1070885150655383
0,1,-0.0,-0.0,-0.017088515065580623,-2.1070885150655383
2,1,0.0,0.0,-0.017088515065580623,-2.1070885150655383
1,1,-0.0,-0.0,-0.017088515065580623,-2.1070885150655383
1,1,0.0,0.0,-0.017088515065580623,-2.1070885150655383
1,1,-0.0,-0.0,-0.017088515065580623,-2.1070885150655383
2,1,0.0,0.0,-0.017088515065580623,-2.1070885150655383
2,2,0.003684696741402149,0.002684696741402149,-0.013403818324178474,-2.104403818324136
0,0,0.0027368194423615932,0.0007368194423615932,-0.01066699888181688,-2.103666998881774
1,0,0.0005680166650563478,0.0005680166650563478,-0.010098982216760533,-2.103098982216718
1,2,0.00005629229417536408,-0.001943707705824636,-0.010042689922585168,-2.1050426899225423
0,0,0.0007375130080617964,-0.0012624869919382036,-0.009305176914523372,-2.1063051769144803
0,2,-0.002692733658477664,-0.004692733658477664,-0.011997910573001036,-2.1109979105729577
2,0,-0.0016008539823815227,-0.0036008539823815227,-0.013598764555382559,-2.114598764555339
0,0,0.0014371193246915936,0.0014371193246915936,-0.012161645230690965,-2.1131616452306474
0,2,-0.0015034733805805445,-0.0035034733805805445,-0.01366511861127151,-2.1166651186112277
1,2,-0.000550630153156817,-0.000550630153156817,-0.014215748764428326,-2.1172157487643846
2,0,-0.001742157037369907,-0.003742157037369907,-0.015957905801798233,-2.1209579058017543
0,2,-0.0010340675944462419,-0.003034067594446242,-0.016991973396244475,-2.1239919733962003
2,2,0.003598891431465745,0.003598891431465745,-0.01339308196477873,-2.1203930819647345
2,0,-0.0011197455460205674,-0.0031197455460205675,-0.014512827510799298,-2.123512827510755
0,0,0.0020799043122678995,0.0020799043122678995,-0.012432923198531398,-2.121432923198487
1,1,-0.0,-0.001,-0.012432923198531398,-2.122432923198487
2,0,-0.0021758133079856634,-0.0031758133079856634,-0.014608736506517062,-2.1256087365064724
0,0,0.003688323311507702,0.003688323311507702,-0.01092041319500936,-2.1219204131949647
0,1,-0.0,-0.001,-0.01092041319500936,-2.1229204131949646
0,2,-0.0023806646931916475,-0.0033806646931916476,-0.013301077888201007,-2.126301077888156
2,2,0.0015245785471051931,0.0015245785471051931,-0.011776499341095814,-2.124776499341051
0,2,-0.0010202403645962477,-0.0010202403645962477,-0.012796739705692062,-2.125796739705647
2,2,0.003658168949186802,0.003658168949186802,-0.00913857075650526,-2.1221385707564604
0,0,0.004729307722300291,0.002729307722300291,-0.004409263034204969,-2.11940926303416
0,2,-0.009400305338203907,-0.011400305338203907,-0.013809568372408876,-2.1308095683723636
2,2,0.015007899142801762,0.015007899142801762,0.0011983307703928858,-2.115801669229562
2,0,-0.003776699537411332,-0.005776699537411332,-0.0025783687670184463,-2.121578368766973
2,0,-0.011632496491074562,-0.011632496491074562,-0.014210865258093008,-2.1332108652580475
2,0,-0.004592322278767824,-0.004592322278767824,-0.018803187536860833,-2.1378031875368153
1,0,-0.0006755319191142917,-0.0006755319191142917,-0.019478719455975124,-2.1384787194559296
1,0,-0.0001478689955547452,-0.0001478689955547452,-0.01962658845152987,-2.1386265884514843
0,1,-0.0,-0.001,-0.01962658845152987,-2.1396265884514842
0,2,-0.007054422982037067,-0.008054422982037068,-0.026681011433566937,-2.147681011433521
2,2,0.00887021329253912,0.00887021329253912,-0.017810798141027817,-2.138810798140982
1,1,-0.0,-0.001,-0.017810798141027817,-2.139810798140982
2,1,0.0,0.0,-0.017810798141027817,-2.139810798140982
2,1,0.0,0.0,-0.017810798141027817,-2.139810798140982
0,0,0.003243833314627409,0.002243833314627409,-0.014566964826400408,-2.1375669648263544
2,1,0.0,-0.001,-0.014566964826400408,-2.1385669648263543
1,1,0.0,0.0,-0.014566964826400408,-2.1385669648263543
1,1,0.0,0.0,-0.014566964826400408,-2.1385669648263543
1,1,0.0,0.0,-0.014566964826400408,-2.1385669648263543
2,1,0.0,0.0,-0.014566964826400408,-2.1385669648263543
1,1,0.0,0.0,-0.014566964826400408,-2.1385669648263543
2,1,0.0,0.0,-0.014566964826400408,-2.1385669648263543
1,1,-0.0,-0.0,-0.014566964826400408,-2.1385669648263543
0,1,-0.0,-0.0,-0.014566964826400408,-2.1385669648263543
0,1,-0.0,-0.0,-0.014566964826400408,-2.1385669648263543
0,2,-0.006749243475496769,-0.007749243475496769,-0.021316208301897177,-2.146316208301851
0,2,-0.009857616387307644,-0.009857616387307644,-0.03117382468920482,-2.1561738246891586
1,2,0.00019017465820070356,0.00019017465820070356,-0.030983650031004117,-2.155983650030958
2,2,0.0031014836858958006,0.0031014836858958006,-0.027882166345108317,-2.152882166345062
0,2,-0.0037329450715333223,-0.0037329450715333223,-0.03161511141664164,-2.1566151114165955
2,2,0.002252756617963314,0.002252756617963314,-0.029362354798678325,-2.154362354798632
2,1,0.0,-0.001,-0.029362354798678325,-2.155362354798632
2,0,-0.005667723715305328,-0.006667723715305328,-0.03503007851398365,-2.1620300785139372
0,0,0.005294004455208778,0.005294004455208778,-0.029736074058774875,-2.1567360740587285
0,2,-0.0021989536471664906,-0.004198953647166491,-0.031935027705941366,-2.1609350277058947
0,2,-0.0026250758673995733,-0.0026250758673995733,-0.03456010357334094,-2.1635601035732943
0,2,-0.003778615966439247,-0.003778615966439247,-0.038338719539780186,-2.1673387195397336
1,2,0.00013768293138127774,0.00013768293138127774,-0.03820103660839891,-2.1672010366083523
2,2,0.0037325250450521708,0.0037325250450521708,-0.03446851156334674,-2.1634685115633
0,2,-0.005406769458204508,-0.005406769458204508,-0.039875281021551245,-2.1688752810215046
1,2,-0.00020220571605022997,-0.00020220571605022997,-0.040077486737601475,-2.169077486737555
2,2,0.002971020760014653,0.002971020760014653,-0.03710646597758682,-2.16610646597754
2,1,0.0,-0.001,-0.03710646597758682,-2.16710646597754
1,0,-0.00002121599391102791,-0.001021215993911028,-0.03712768197149785,-2.168127681971451
0,1,-0.0,-0.001,-0.03712768197149785,-2.169127681971451
2,1,0.0,0.0,-0.03712768197149785,-2.169127681971451
1,1,0.0,0.0,-0.03712768197149785,-2.169127681971451
2,1,0.0,0.0,-0.03712768197149785,-2.169127681971451
0,0,0.0016459773760288954,0.0006459773760288954,-0.035481704595468955,-2.168481704595422
1,1,-0.0,-0.001,-0.035481704595468955,-2.169481704595422
2,0,-0.02567446231842041,-0.02667446231842041,-0.061156166913889365,-2.196156166913842
2,0,-0.01584128476679325,-0.01584128476679325,-0.07699745168068262,-2.2119974516806353
0,0,0.002868812996894121,0.002868812996894121,-0.0741286386837885,-2.209128638683741
1,0,-0.00002651214163051918,-0.00002651214163051918,-0.07415515082541901,-2.2091551508253717
1,2,-0.0012747622095048428,-0.003274762209504843,-0.07542991303492386,-2.2124299130348763
0,2,-0.0073195151053369045,-0.0073195151053369045,-0.08274942814026076,-2.2197494281402133
0,2,-0.005133175756782293,-0.005133175756782293,-0.08788260389704305,-2.2248826038969955
2,1,0.0,-0.001,-0.08788260389704305,-2.2258826038969954
1,1,-0.0,-0.0,-0.08788260389704305,-2.2258826038969954
0,1,-0.0,-0.0,-0.08788260389704305,-2.2258826038969954
1,1,0.0,0.0,-0.08788260389704305,-2.2258826038969954
1,1,0.0,0.0,-0.08788260389704305,-2.2258826038969954
1,1,-0.0,-0.0,-0.08788260389704305,-2.2258826038969954
1,1,0.0,0.0,-0.08788260389704305,-2.2258826038969954
1,1,0.0,0.0,-0.08788260389704305,-2.2258826038969954
1,1,0.0,0.0,-0.08788260389704305,-2.2258826038969954
1,1,0.0,0.0,-0.08788260389704305,-2.2258826038969954
1,1,-0.0,-0.0,-0.08788260389704305,-2.2258826038969954
2,1,0.0,0.0,-0.08788260389704305,-2.2258826038969954
0,1,-0.0,-0.0,-0.08788260389704305,-2.2258826038969954
1,1,-0.0,-0.0,-0.08788260389704305,-2.2258826038969954
1,1,-0.0,-0.0,-0.08788260389704305,-2.2258826038969954
2,2,0.0011564482701942325,0.00015644827019423244,-0.08672615562684882,-2.225726155626801
0,2,-0.0028535579331219196,-0.0028535579331219196,-0.08957971355997074,-2.228579713559923
2,2,0.00252807536162436,0.00252807536162436,-0.08705163819834638,-2.2260516381982987
2,0,-0.0011986683821305633,-0.0031986683821305633,-0.08825030658047694,-2.229250306580429
2,0,-0.002406888408586383,-0.002406888408586383,-0.09065719498906333,-2.2316571949890154
2,0,-0.0011600884608924389,-0.0011600884608924389,-0.09181728344995577,-2.232817283449908
2,0,-0.004897962789982557,-0.004897962789982557,-0.09671524623993832,-2.2377152462398904
0,0,0.005434194579720497,0.005434194579720497,-0.09128105166021783,-2.23228105166017
0,2,-0.001055244472809136,-0.003055244472809136,-0.09233629613302696,-2.235336296132979
2,0,-0.0016613089246675372,-0.0036613089246675373,-0.0939976050576945,-2.238997605057646
0,0,0.005360469687730074,0.005360469687730074,-0.08863713536996443,-2.233637135369916
0,2,-0.006861474364995956,-0.008861474364995956,-0.09549860973496038,-2.2424986097349118
0,2,-0.007815335877239704,-0.007815335877239704,-0.10331394561220009,-2.2503139456121515
0,2,-0.006647263187915087,-0.006647263187915087,-0.10996120880011517,-2.2569612088000666
0,2,-0.002155996160581708,-0.002155996160581708,-0.11211720496069688,-2.2591172049606483
2,2,0.006172941066324711,0.006172941066324711,-0.10594426389437217,-2.2529442638943236
0,1,-0.0,-0.001,-0.10594426389437217,-2.2539442638943235
1,0,0.00017019337974488735,-0.0008298066202551127,-0.10577407051462728,-2.2547740705145785
1,1,-0.0,-0.001,-0.10577407051462728,-2.2557740705145783
1,1,-0.0,-0.0,-0.10577407051462728,-2.2557740705145783
1,2,0.0005595897091552615,-0.0004404102908447385,-0.10521448080547202,-2.256214480805423
1,2,0.0009521787869744003,0.0009521787869744003,-0.10426230201849762,-2.2552623020184486
1,1,-0.0,-0.001,-0.10426230201849762,-2.2562623020184485
0,2,-0.002330223098397255,-0.003330223098397255,-0.10659252511689488,-2.2595925251168456
1,2,0.0007907366380095482,0.0007907366380095482,-0.10580178847888533,-2.258801788478836
0,2,-0.006215370260179043,-0.006215370260179043,-0.11201715873906437,-2.265017158739015
2,2,0.003648138139396906,0.003648138139396906,-0.10836902059966746,-2.261369020599618
0,2,-0.0015077146235853434,-0.0015077146235853434,-0.10987673522325281,-2.2628767352232035
2,2,0.002738923765718937,0.002738923765718937,-0.10713781145753387,-2.2601378114574846
2,2,0.008049797266721725,0.008049797266721725,-0.09908801419081215,-2.252088014190763
2,0,-0.0014245089842006564,-0.0034245089842006565,-0.1005125231750128,-2.2555125231749633
2,0,-0.01043830718845129,-0.01043830718845129,-0.11095083036346409,-2.2659508303634146
2,0,-0.011539711616933346,-0.011539711616933346,-0.12249054198039744,-2.277490541980348
0,0,0.005468281451612711,0.005468281451612711,-0.11702226052878473,-2.2720222605287352
2,0,-0.0017459195805713534,-0.0017459195805713534,-0.11876818010935608,-2.2737681801093066
0,2,-0.010207204148173332,-0.012207204148173332,-0.1289753842575294,-2.2859753842574797
2,2,0.006488619837909937,0.006488619837909937,-0.12248676441961948,-2.2794867644195698
2,2,0.004533377941697836,0.004533377941697836,-0.11795338647792164,-2.274953386477872
0,0,0.0033037990797311068,0.0013037990797311067,-0.11464958739819053,-2.2736495873981406
1,1,0.0,-0.001,-0.11464958739819053,-2.2746495873981405
1,1,0.0,0.0,-0.11464958739819053,-2.2746495873981405
1,0,-0.0007452512509189546,-0.0017452512509189546,-0.11539483864910949,-2.2763948386490593
1,1,-0.0,-0.001,-0.11539483864910949,-2.2773948386490592
1,1,-0.0,-0.0,-0.11539483864910949,-2.2773948386490592
2,1,0.0,0.0,-0.11539483864910949,-2.2773948386490592
1,1,-0.0,-0.0,-0.11539483864910949,-2.2773948386490592
1,1,-0.0,-0.0,-0.11539483864910949,-2.2773948386490592
1,1,0.0,0.0,-0.11539483864910949,-2.2773948386490592
1,1,-0.0,-0.0,-0.11539483864910949,-2.2773948386490592
1,1,0.0,0.0,-0.11539483864910949,-2.2773948386490592
0,1,-0.0,-0.0,-0.11539483864910949,-2.2773948386490592
1,2,0.001237903954461217,0.0002379039544612169,-0.11415693469464827,-2.277156934694598
1,2,0.0004058188642375171,0.0004058188642375171,-0.11375111583041075,-2.2767511158303604
2,2,0.003202018328011036,0.003202018328011036,-0.11054909750239972,-2.2735490975023493
1,2,-0.0019247919553890824,-0.0019247919553890824,-0.1124738894577888,-2.2754738894577384
1,2,0.00017581949941813946,0.00017581949941813946,-0.11229806995837066,-2.2752980699583203
1,1,-0.0,-0.001,-0.11229806995837066,-2.27629806995832
1,1,0.0,0.0,-0.11229806995837066,-2.27629806995832
1,1,-0.0,-0.0,-0.11229806995837066,-2.27629806995832
1,2,0.0006045691552571952,-0.0003954308447428048,-0.11169350080311347,-2.276693500803063
1,1,-0.0,-0.001,-0.11169350080311347,-2.2776935008030628
1,2,0.00003169630508637056,-0.0009683036949136295,-0.1116618044980271,-2.2786618044979763
1,1,0.0,-0.001,-0.1116618044980271,-2.279661804497976
1,1,0.0,0.0,-0.1116618044980271,-2.279661804497976
1,1,-0.0,-0.0,-0.1116618044980271,-2.279661804497976
1,1,0.0,0.0,-0.1116618044980271,-2.279661804497976
1,1,-0.0,-0.0,-0.1116618044980271,-2.279661804497976
1,1,0.0,0.0,-0.1116618044980271,-2.279661804497976
1,1,-0.0,-0.0,-0.1116618044980271,-2.279661804497976
2,1,0.0,0.0,-0.1116618044980271,-2.279661804497976
0,1,-0.0,-0.0,-0.1116618044980271,-2.279661804497976
1,1,0.0,0.0,-0.1116618044980271,-2.279661804497976
0,2,-0.0010541185038164258,-0.002054118503816426,-0.11271592300184352,-2.2817159230017925
0,0,0.0018430004129186273,-0.00015699958708137278,-0.1108729225889249,-2.2818729225888736
1,0,-0.00013831238902639598,-0.00013831238902639598,-0.11101123497795129,-2.2820112349779
1,2,-0.00005416822386905551,-0.0020541682238690556,-0.11106540320182035,-2.284065403201769
0,0,0.0003849230706691742,-0.0016150769293308258,-0.11068048013115117,-2.2856804801310995
2,0,-0.000746839854400605,-0.000746839854400605,-0.11142731998555178,-2.2864273199855
2,2,0.0006463741883635521,-0.001353625811636448,-0.11078094579718822,-2.2877809457971363
0,0,0.0009968576487153769,-0.0010031423512846232,-0.10978408814847285,-2.2887840881484207
2,0,-0.0009725721320137382,-0.0009725721320137382,-0.11075666028048659,-2.2897566602804345
0,0,0.00039785695844329894,0.00039785695844329894,-0.11035880332204329,-2.289358803321991
2,0,-0.0011077718809247017,-0.0011077718809247017,-0.11146657520296799,-2.290466575202916
2,0,-0.0011074317153543234,-0.0011074317153543234,-0.11257400691832231,-2.29157400691827
0,0,0.000517180422320962,0.000517180422320962,-0.11205682649600135,-2.291056826495949
1,0,0.00003455466139712371,0.00003455466139712371,-0.11202227183460423,-2.291022271834552
0,0,0.00034550149575807154,0.00034550149575807154,-0.11167677033884615,-2.290676770338794
0,0,0.000637036981061101,0.000637036981061101,-0.11103973335778505,-2.290039733357733
1,2,-0.00002705091355892364,-0.0020270509135589237,-0.11106678427134398,-2.2920667842712916
0,2,-0.0005966364988125861,-0.0005966364988125861,-0.11166342077015656,-2.292663420770104
2,2,0.0011124733136966825,0.0011124733136966825,-0.11055094745645988,-2.2915509474564075
0,0,0.0015227842377498746,-0.00047721576225012545,-0.10902816321871,-2.2920281632186574
0,2,-0.0009795238729566336,-0.0029795238729566336,-0.11000768709166664,-2.295007687091614
0,2,-0.0018498535500839353,-0.0018498535500839353,-0.11185754064175057,-2.296857540641698
0,2,-0.005509526003152132,-0.005509526003152132,-0.1173670666449027,-2.30236706664485
2,0,-0.0008014916093088686,-0.0028014916093088687,-0.11816855825421158,-2.3051685582541586
2,0,-0.0006466535851359367,-0.0006466535851359367,-0.11881521183934751,-2.3058152118392945
0,0,0.004159516654908657,0.004159516654908657,-0.11465569518443885,-2.301655695184386
0,0,0.0010680308332666755,0.0010680308332666755,-0.11358766435117218,-2.300587664351119
0,0,0.0020907477010041475,0.0020907477010041475,-0.11149691665016803,-2.298496916650115
1,0,0.00029620432178489864,0.00029620432178489864,-0.11120071232838313,-2.29820071232833
2,0,-0.002099007135257125,-0.002099007135257125,-0.11329971946364026,-2.3002997194635872
0,0,0.003967531956732273,0.003967531956732273,-0.10933218750690799,-2.296332187506855
0,0,0.000969617860391736,0.000969617860391736,-0.10836256964651625,-2.2953625696464632
0,2,-0.0013007704401388764,-0.0033007704401388765,-0.10966334008665513,-2.298663340086602
1,2,-0.0003229689027648419,-0.0003229689027648419,-0.10998630898941997,-2.2989863089893667
0,2,-0.002753538079559803,-0.002753538079559803,-0.11273984706897977,-2.3017398470689265
2,2,0.0033257866743952036,0.0033257866743952036,-0.10941406039458457,-2.2984140603945313
2,0,-0.00873819924890995,-0.01073819924890995,-0.11815225964349452,-2.309152259643441
1,0,-0.0008907722658477724,-0.0008907722658477724,-0.11904303190934229,-2.310043031909289
1,2,-0.00043951874249614775,-0.002439518742496148,-0.11948255065183844,-2.3124825506517848
2,2,0.004303325898945332,0.004303325898945332,-0.1151792247528931,-2.3081792247528394
1,0,0.0005845510750077665,-0.0014154489249922336,-0.11459467367788534,-2.3095946736778314
2,1,0.0,-0.001,-0.11459467367788534,-2.3105946736778313
1,2,0.00019544341193977743,-0.0008045565880602226,-0.11439923026594556,-2.3113992302658914
1,0,-0.00018482266750652343,-0.0021848226675065235,-0.11458405293345209,-2.3135840529333977
2,1,0.0,-0.001,-0.11458405293345209,-2.3145840529333976
1,1,-0.0,-0.0,-0.11458405293345209,-2.3145840529333976
0,0,0.0024252906441688538,0.0014252906441688537,-0.11215876228928323,-2.3131587622892287
1,2,0.0006074596312828362,-0.0013925403687171638,-0.1115513026580004,-2.3145513026579456
0,0,0.00294482777826488,0.0009448277782648801,-0.10860647487973552,-2.3136064748796805
0,2,-0.015573611482977867,-0.01757361148297787,-0.12418008636271338,-2.331180086362658
0,2,-0.01161506399512291,-0.01161506399512291,-0.1357951503578363,-2.342795150357781
0,2,-0.00730209331959486,-0.00730209331959486,-0.14309724367743115,-2.350097243677376
0,2,-0.007401629351079464,-0.007401629351079464,-0.15049887302851062,-2.3574988730284554
2,2,0.0049145114608109,0.0049145114608109,-0.14558436156769972,-2.3525843615676445
1,2,-0.0004111750749871135,-0.0004111750749871135,-0.14599553664268683,-2.3529955366426316
0,2,-0.004221552517265081,-0.004221552517265081,-0.1502170891599519,-2.3572170891598967
2,2,0.00530999107286334,0.00530999107286334,-0.14490709808708857,-2.3519070980870334
1,2,0.00018005474703386426,0.00018005474703386426,-0.1447270433400547,-2.3517270433399995
2,1,0.0,-0.001,-0.1447270433400547,-2.3527270433399994
0,1,-0.0,-0.0,-0.1447270433400547,-2.3527270433399994
1,2,0.0002973977825604379,-0.0007026022174395621,-0.14442964555749427,-2.353429645557439
1,2,0.0006167543469928205,0.0006167543469928205,-0.14381289121050145,-2.352812891210446
1,2,-0.0007925739628262818,-0.0007925739628262818,-0.14460546517332773,-2.3536054651732723
1,2,-0.00043572342838160694,-0.00043572342838160694,-0.14504118860170934,-2.354041188601654
2,1,0.0,-0.001,-0.14504118860170934,-2.355041188601654
2,1,0.0,0.0,-0.14504118860170934,-2.355041188601654
0,1,-0.0,-0.0,-0.14504118860170934,-2.355041188601654
2,1,0.0,0.0,-0.14504118860170934,-2.355041188601654
1,1,0.0,0.0,-0.14504118860170934,-2.355041188601654
2,1,0.0,0.0,-0.14504118860170934,-2.355041188601654
2,1,0.0,0.0,-0.14504118860170934,-2.355041188601654
1,0,0.0005556115065701306,-0.00044438849342986943,-0.1444855770951392,-2.3554855770950835
0,0,0.008867704309523106,0.008867704309523106,-0.1356178727856161,-2.3466178727855604
2,2,0.009841970168054104,0.007841970168054104,-0.125775902617562,-2.338775902617506
2,0,-0.007752865552902222,-0.009752865552902222,-0.13352876817046422,-2.348528768170408
0,0,0.004433333408087492,0.004433333408087492,-0.12909543476237673,-2.3440954347623206
0,2,-0.0052228751592338085,-0.0072228751592338086,-0.13431830992161053,-2.351318309921554
2,2,0.007424968294799328,0.007424968294799328,-0.1268933416268112,-2.343893341626755
0,0,0.002230521757155657,0.00023052175715565677,-0.12466281986965555,-2.343662819869599
1,1,-0.0,-0.001,-0.12466281986965555,-2.344662819869599
2,1,0.0,0.0,-0.12466281986965555,-2.344662819869599
1,1,0.0,0.0,-0.12466281986965555,-2.344662819869599
1,1,0.0,0.0,-0.12466281986965555,-2.344662819869599
0,1,-0.0,-0.0,-0.12466281986965555,-2.344662819869599
1,1,0.0,0.0,-0.12466281986965555,-2.344662819869599
1,1,-0.0,-0.0,-0.12466281986965555,-2.344662819869599
0,1,-0.0,-0.0,-0.12466281986965555,-2.344662819869599
0,1,-0.0,-0.0,-0.12466281986965555,-2.344662819869599
1,1,-0.0,-0.0,-0.12466281986965555,-2.344662819869599
2,1,0.0,0.0,-0.12466281986965555,-2.344662819869599
2,1,0.0,0.0,-0.12466281986965555,-2.344662819869599
0,1,-0.0,-0.0,-0.12466281986965555,-2.344662819869599
1,2,0.00025229566381312907,-0.000747704336186871,-0.12441052420584242,-2.3454105242057857
2,2,0.0023928312584757805,0.0023928312584757805,-0.12201769294736664,-2.34301769294731
2,1,0.0,-0.001,-0.12201769294736664,-2.3440176929473098
1,0,-0.0005320298369042575,-0.0015320298369042576,-0.1225497227842709,-2.345549722784214
2,0,-0.006891322787851095,-0.006891322787851095,-0.129441045572122,-2.352441045572065
2,0,-0.023062463849782944,-0.023062463849782944,-0.15250350942190494,-2.375503509421848
0,0,0.02761375904083252,0.02761375904083252,-0.12488975038107242,-2.3478897503810154
0,2,-0.0028346944600343704,-0.0048346944600343705,-0.1277244448411068,-2.3527244448410496
0,2,-0.006451533641666174,-0.006451533641666174,-0.13417597848277296,-2.3591759784827158
0,1,-0.0,-0.001,-0.13417597848277296,-2.3601759784827157
1,1,0.0,0.0,-0.13417597848277296,-2.3601759784827157
1,1,-0.0,-0.0,-0.13417597848277296,-2.3601759784827157
1,1,0.0,0.0,-0.13417597848277296,-2.3601759784827157
2,1,0.0,0.0,-0.13417597848277296,-2.3601759784827157
1,1,-0.0,-0.0,-0.13417597848277296,-2.3601759784827157
1,1,-0.0,-0.0,-0.13417597848277296,-2.3601759784827157
1,1,-0.0,-0.0,-0.13417597848277296,-2.3601759784827157
2,1,0.0,0.0,-0.13417597848277296,-2.3601759784827157
1,1,-0.0,-0.0,-0.13417597848277296,-2.3601759784827157
1,1,0.0,0.0,-0.13417597848277296,-2.3601759784827157
0,1,-0.0,-0.0,-0.13417597848277296,-2.3601759784827157
1,1,0.0,0.0,-0.13417597848277296,-2.3601759784827157
1,1,0.0,0.0,-0.13417597848277296,-2.3601759784827157
1,1,0.0,0.0,-0.13417597848277296,-2.3601759784827157
2,1,0.0,0.0,-0.13417597848277296,-2.3601759784827157
1,1,0.0,0.0,-0.13417597848277296,-2.3601759784827157
1,1,-0.0,-0.0,-0.13417597848277296,-2.3601759784827157
1,1,-0.0,-0.0,-0.13417597848277296,-2.3601759784827157
2,1,0.0,0.0,-0.13417597848277296,-2.3601759784827157
0,0,0.005716819781810045,0.004716819781810045,-0.12845915870096292,-2.3554591587009055
2,2,0.0019025369547307491,-0.00009746304526925091,-0.12655662174623217,-2.3555566217461745
0,2,-0.005658512003719807,-0.005658512003719807,-0.13221513374995197,-2.3612151337498943
0,2,-0.01754155382514,-0.01754155382514,-0.14975668757509197,-2.3787566875750343
0,2,-0.0059559401124715805,-0.0059559401124715805,-0.15571262768756355,-2.384712627687506
0,2,-0.017438717186450958,-0.017438717186450958,-0.1731513448740145,-2.402151344873957
1,2,0.0011694811983034015,0.0011694811983034015,-0.1719818636757111,-2.4009818636756535
2,2,0.01231762021780014,0.01231762021780014,-0.15966424345791097,-2.3886642434578533
1,1,-0.0,-0.001,-0.15966424345791097,-2.389664243457853
1,1,-0.0,-0.0,-0.15966424345791097,-2.389664243457853
1,1,0.0,0.0,-0.15966424345791097,-2.389664243457853
0,1,-0.0,-0.0,-0.15966424345791097,-2.389664243457853
2,1,0.0,0.0,-0.15966424345791097,-2.389664243457853
2,1,0.0,0.0,-0.15966424345791097,-2.389664243457853
1,1,0.0,0.0,-0.15966424345791097,-2.389664243457853
1,1,0.0,0.0,-0.15966424345791097,-2.389664243457853
2,1,0.0,0.0,-0.15966424345791097,-2.389664243457853
2,1,0.0,0.0,-0.15966424345791097,-2.389664243457853
1,2,0.0016969586722552776,0.0006969586722552776,-0.1579672847856557,-2.388967284785598
1,1,0.0,-0.001,-0.1579672847856557,-2.3899672847855977
1,1,0.0,0.0,-0.1579672847856557,-2.3899672847855977
1,1,-0.0,-0.0,-0.1579672847856557,-2.3899672847855977
0,1,-0.0,-0.0,-0.1579672847856557,-2.3899672847855977
1,1,0.0,0.0,-0.1579672847856557,-2.3899672847855977
2,1,0.0,0.0,-0.1579672847856557,-2.3899672847855977
0,1,-0.0,-0.0,-0.1579672847856557,-2.3899672847855977
1,2,0.0003567224193830043,-0.0006432775806169957,-0.1576105623662727,-2.3906105623662146
0,2,-0.01189084816724062,-0.01189084816724062,-0.1695014105335133,-2.4025014105334552
2,2,0.002437584102153778,0.002437584102153778,-0.16706382643135953,-2.4000638264313015
2,2,0.007891179993748665,0.007891179993748665,-0.15917264643761087,-2.392172646437553
2,0,-0.002883621957153082,-0.004883621957153082,-0.16205626839476395,-2.3970562683947056
0,0,0.0029578455723822117,0.0029578455723822117,-0.15909842282238174,-2.3940984228223234
2,1,0.0,-0.001,-0.15909842282238174,-2.3950984228223233
0,0,0.0023553725332021713,0.0013553725332021713,-0.15674305028917956,-2.393743050289121
0,1,-0.0,-0.001,-0.15674305028917956,-2.394743050289121
1,1,0.0,0.0,-0.15674305028917956,-2.394743050289121
2,1,0.0,0.0,-0.15674305028917956,-2.394743050289121
1,0,-0.0001240229030372575,-0.0011240229030372575,-0.15686707319221682,-2.395867073192158
1,2,0.0009108814992941916,-0.0010891185007058084,-0.15595619169292263,-2.3969561916928637
1,1,-0.0,-0.001,-0.15595619169292263,-2.3979561916928636
1,2,0.00011891204485436901,-0.000881087955145631,-0.15583727964806826,-2.398837279648009
1,2,-0.0003443174937274307,-0.0003443174937274307,-0.1561815971417957,-2.3991815971417365
1,2,-0.00020619419228751212,-0.00020619419228751212,-0.1563877913340832,-2.399387791334024
1,2,-0.00037635734770447016,-0.00037635734770447016,-0.15676414868178767,-2.3997641486817285
1,2,-0.0006804318400099874,-0.0006804318400099874,-0.15744458052179766,-2.4004445805217385
2,2,0.0012884715106338263,0.0012884715106338263,-0.15615610901116384,-2.3991561090111047
1,2,-0.0002444858546368778,-0.0002444858546368778,-0.1564005948658007,-2.3994005948657415
1,2,0.00016212866466958076,0.00016212866466958076,-0.15623846620113113,-2.399238466201072
1,0,0.00010774294787552208,-0.001892257052124478,-0.1561307232532556,-2.401130723253196
0,0,0.0009314236813224852,0.0009314236813224852,-0.15519929957193312,-2.4001992995718737
1,0,0.0003288182197138667,0.0003288182197138667,-0.15487048135221926,-2.39987048135216
1,2,0.00036386007559485734,-0.0016361399244051427,-0.1545066212766244,-2.401506621276565
2,2,0.001489107497036457,0.001489107497036457,-0.15301751377958794,-2.4000175137795283
0,2,-0.0009095640270970762,-0.0009095640270970762,-0.15392707780668502,-2.4009270778066254
2,2,0.0004382890765555203,0.0004382890765555203,-0.1534887887301295,-2.40048878873007
0,2,-0.000712487380951643,-0.000712487380951643,-0.15420127611108114,-2.4012012761110215
2,2,0.0008002807153388858,0.0008002807153388858,-0.15340099539574226,-2.4004009953956826
2,0,-0.0009233456803485751,-0.002923345680348575,-0.15432434107609083,-2.403324341076031
2,0,-0.00030574461561627686,-0.00030574461561627686,-0.1546300856917071,-2.4036300856916473
0,0,0.004264071583747864,0.004264071583747864,-0.15036601410795924,-2.3993660141078994
0,2,-0.0007737179985269904,-0.0027737179985269905,-0.15113973210648624,-2.402139732106426
2,2,0.0014417005004361272,0.0014417005004361272,-0.1496980316060501,-2.40069803160599
1,0,0.00005461674300022423,-0.0019453832569997758,-0.14964341486304988,-2.4026434148629896
2,2,0.0008299434557557106,-0.0011700565442442894,-0.14881347140729417,-2.4038134714072337
0,0,0.0005473539349623024,-0.0014526460650376976,-0.14826611747233187,-2.405266117472271
2,2,0.0009539019665680826,-0.0010460980334319175,-0.1473122155057638,-2.406312215505703
2,0,-0.0041092755272984505,-0.0061092755272984505,-0.15142149103306224,-2.412421491033001
2,0,-0.004001004155725241,-0.004001004155725241,-0.15542249518878748,-2.4164224951887263
0,0,0.002512242179363966,0.002512242179363966,-0.1529102530094235,-2.4139102530093623
0,2,-0.0007695547537878156,-0.0027695547537878156,-0.15367980776321133,-2.41667980776315
1,2,0.0004111948364879936,0.0004111948364879936,-0.15326861292672334,-2.416268612926662
0,2,-0.010979866608977318,-0.010979866608977318,-0.16424847953570065,-2.4272484795356393
2,2,0.004496315959841013,0.004496315959841013,-0.15975216357585964,-2.4227521635757983
1,2,0.00003145348091493361,0.00003145348091493361,-0.1597207100949447,-2.4227207100948833
2,0,-0.0033014225773513317,-0.005301422577351332,-0.16302213267229604,-2.4280221326722344
1,0,0.0003966418735217303,0.0003966418735217303,-0.1626254907987743,-2.4276254907987127
2,0,-0.0013684510486200452,-0.0013684510486200452,-0.16399394184739435,-2.4289939418473327
1,0,-0.0004399502358864993,-0.0004399502358864993,-0.16443389208328085,-2.4294338920832192
0,0,0.0028639358934015036,0.0028639358934015036,-0.16156995618987935,-2.4265699561898177
1,1,-0.0,-0.001,-0.16156995618987935,-2.4275699561898176
2,2,0.003631777362897992,0.002631777362897992,-0.15793817882698136,-2.4249381788269195
2,0,-0.0019784080795943737,-0.003978408079594374,-0.15991658690657573,-2.4289165869065137
1,0,0.0004113237955607474,0.0004113237955607474,-0.15950526311101498,-2.428505263110953
1,2,0.00004411879854160361,-0.0019558812014583964,-0.15946114431247338,-2.430461144312411
0,2,-0.0018978507723659277,-0.0018978507723659277,-0.1613589950848393,-2.432358995084777
2,2,0.0035642506554722786,0.0035642506554722786,-0.15779474442936703,-2.4287947444293048
2,0,-0.001473105396144092,-0.003473105396144092,-0.15926784982551112,-2.4322678498254486
1,0,0.0008287557866424322,0.0008287557866424322,-0.1584390940388687,-2.431439094038806
1,1,0.0,-0.001,-0.1584390940388687,-2.432439094038806
2,1,0.0,0.0,-0.1584390940388687,-2.432439094038806
2,0,-0.0018386116717010736,-0.0028386116717010737,-0.16027770571056976,-2.435277705710507
2,0,-0.005530149210244417,-0.005530149210244417,-0.16580785492081418,-2.4408078549207515
1,0,0.0005641157040372491,0.0005641157040372491,-0.16524373921677693,-2.4402437392167142
2,0,-0.0018527264473959804,-0.0018527264473959804,-0.1670964656641729,-2.44209646566411
2,0,-0.0029202827718108892,-0.0029202827718108892,-0.1700167484359838,-2.445016748435921
0,0,0.003287906525656581,0.003287906525656581,-0.16672884191032722,-2.4417288419102645
2,2,0.0023779328912496567,0.00037793289124965664,-0.16435090901907756,-2.4413509090190146
0,0,0.0044426266103982925,0.0024426266103982925,-0.15990828240867927,-2.438908282408616
0,2,-0.0019737069960683584,-0.0039737069960683585,-0.16188198940474763,-2.4428819894046843
0,2,-0.0026957576628774405,-0.0026957576628774405,-0.16457774706762507,-2.4455777470675617
0,2,-0.0017805779352784157,-0.0017805779352784157,-0.16635832500290348,-2.44735832500284
0,2,-0.012388360686600208,-0.012388360686600208,-0.1787466856895037,-2.4597466856894403
2,2,0.003385424381121993,0.003385424381121993,-0.1753612613083817,-2.4563612613083183
1,2,-0.0008602353627793491,-0.0008602353627793491,-0.17622149667116105,-2.4572214966710977
2,2,0.004351997282356024,0.004351997282356024,-0.17186949938880502,-2.4528694993887417
1,0,0.00044313864782452583,-0.0015568613521754742,-0.1714263607409805,-2.454426360740917
2,2,0.0016875694273039699,-0.0003124305726960302,-0.16973879131367653,-2.4547387913136127
0,1,-0.0,-0.001,-0.16973879131367653,-2.4557387913136126
0,2,-0.003473397810012102,-0.004473397810012102,-0.17321218912368863,-2.4602121891236246
1,2,-0.0004172884509898722,-0.0004172884509898722,-0.1736294775746785,-2.4606294775746145
0,2,-0.002714466769248247,-0.002714466769248247,-0.17634394434392675,-2.4633439443438627
0,2,-0.0018894004169851542,-0.0018894004169851542,-0.1782333447609119,-2.465233344760848
0,2,-0.004167504608631134,-0.004167504608631134,-0.18240084936954304,-2.469400849369479
2,2,0.001997774001210928,0.001997774001210928,-0.1804030753683321,-2.467403075368268
1,2,-0.0011155547108501196,-0.0011155547108501196,-0.18151863007918223,-2.468518630079118
1,2,0.0006251107552088797,0.0006251107552088797,-0.18089351932397335,-2.4678935193239093
1,2,0.0009601035853847861,0.0009601035853847861,-0.17993341573858856,-2.4669334157385245
2,1,0.0,-0.001,-0.17993341573858856,-2.4679334157385244
1,1,-0.0,-0.0,-0.17993341573858856,-2.4679334157385244
0,1,-0.0,-0.0,-0.17993341573858856,-2.4679334157385244
0,2,-0.008512483909726143,-0.009512483909726144,-0.1884458996483147,-2.4774458996482505
2,2,0.0065335058607161045,0.0065335058607161045,-0.1819123937875986,-2.4709123937875344
2,2,0.006385765038430691,0.006385765038430691,-0.1755266287491679,-2.4645266287491037
0,0,0.009403002448379993,0.007403002448379993,-0.16612362630078792,-2.4571236263007235
2,2,0.009077735245227814,0.007077735245227814,-0.1570458910555601,-2.4500458910554954
0,2,-0.0025282285641878843,-0.0025282285641878843,-0.159574119619748,-2.4525741196196833
1,2,-0.00069959502434358,-0.00069959502434358,-0.16027371464409157,-2.453273714644027
1,2,0.00035789539106190205,0.00035789539106190205,-0.15991581925302967,-2.452915819252965
0,2,-0.0036938791163265705,-0.0036938791163265705,-0.16360969836935624,-2.4566096983692916
1,2,0.0009897907730191946,0.0009897907730191946,-0.16261990759633704,-2.4556199075962724
2,2,0.0019922759383916855,0.0019922759383916855,-0.16062763165794536,-2.4536276316578807
1,1,-0.0,-0.001,-0.16062763165794536,-2.4546276316578806
0,1,-0.0,-0.0,-0.16062763165794536,-2.4546276316578806
2,2,0.0023137431126087904,0.0013137431126087904,-0.15831388854533657,-2.4533138885452717
0,2,-0.002161575946956873,-0.002161575946956873,-0.16047546449229344,-2.4554754644922285
0,1,-0.0,-0.001,-0.16047546449229344,-2.4564754644922284
1,1,0.0,0.0,-0.16047546449229344,-2.4564754644922284
1,1,-0.0,-0.0,-0.16047546449229344,-2.4564754644922284
1,2,-0.0013352364767342806,-0.0023352364767342806,-0.16181070096902772,-2.4588107009689626
1,2,0.00019860794418491423,0.00019860794418491423,-0.1616120930248428,-2.4586120930247777
2,2,0.0030462879221886396,0.0030462879221886396,-0.15856580510265417,-2.455565805102589
2,1,0.0,-0.001,-0.15856580510265417,-2.456565805102589
2,1,0.0,0.0,-0.15856580510265417,-2.456565805102589
0,1,-0.0,-0.0,-0.15856580510265417,-2.456565805102589
0,1,-0.0,-0.0,-0.15856580510265417,-2.456565805102589
1,0,-0.0006353540811687708,-0.0016353540811687708,-0.15920115918382294,-2.4582011591837576
2,0,-0.0026757968589663506,-0.0026757968589663506,-0.1618769560427893,-2.460876956042724
1,0,-0.0004529053985606879,-0.0004529053985606879,-0.16232986144134998,-2.4613298614412846
2,2,0.0016920549096539617,-0.0003079450903460384,-0.16063780653169601,-2.4616378065316304
2,0,-0.001090171397663653,-0.003090171397663653,-0.16172797792935967,-2.464727977929294
1,0,0.00011260704195592552,0.00011260704195592552,-0.16161537088740374,-2.464615370887338
2,0,-0.0015991784166544676,-0.0015991784166544676,-0.1632145493040582,-2.4662145493039924
2,1,0.0,-0.001,-0.1632145493040582,-2.4672145493039923
0,0,0.003874793415889144,0.002874793415889144,-0.15933975588816907,-2.464339755888103
0,1,-0.0,-0.001,-0.15933975588816907,-2.465339755888103
2,0,-0.0015019256388768554,-0.0025019256388768554,-0.16084168152704592,-2.4678416815269797
2,0,-0.0021945119369775057,-0.0021945119369775057,-0.16303619346402343,-2.470036193463957
1,0,0.0005945380544289947,0.0005945380544289947,-0.16244165540959443,-2.469441655409528
0,1,-0.0,-0.001,-0.16244165540959443,-2.470441655409528
1,1,-0.0,-0.0,-0.16244165540959443,-2.470441655409528
2,1,0.0,0.0,-0.16244165540959443,-2.470441655409528
1,0,-0.000013320126527105458,-0.0010133201265271055,-0.16245497553612154,-2.471454975536055
0,0,0.002883786801248789,0.002883786801248789,-0.15957118873487275,-2.4685711887348063
0,0,0.0006643781089223921,0.0006643781089223921,-0.15890681062595036,-2.467906810625884
0,2,-0.0012843216536566615,-0.0032843216536566616,-0.16019113227960702,-2.4711911322795403
2,0,-0.0012038856511935592,-0.003203885651193559,-0.16139501793080058,-2.4743950179307337
1,0,-0.000531854631844908,-0.000531854631844908,-0.16192687256264549,-2.4749268725625786
2,0,-0.0008247517398558557,-0.0008247517398558557,-0.16275162430250134,-2.4757516243024345
2,0,-0.0009119710302911699,-0.0009119710302911699,-0.1636635953327925,-2.4766635953327256
2,0,-0.007417399436235428,-0.007417399436235428,-0.17108099476902794,-2.484080994768961
0,0,0.003225133055821061,0.003225133055821061,-0.16785586171320688,-2.48085586171314
1,0,-0.0005942376446910203,-0.0005942376446910203,-0.1684500993578979,-2.481450099357831
2,0,-0.001158632687292993,-0.001158632687292993,-0.1696087320451909,-2.482608732045124
0,0,0.0010213589994236827,0.0010213589994236827,-0.1685873730457672,-2.4815873730457003
0,0,0.0029366565868258476,0.0029366565868258476,-0.16565071645894136,-2.4786507164588745
1,1,0.0,-0.001,-0.16565071645894136,-2.4796507164588744
0,2,-0.0028619589284062386,-0.0038619589284062386,-0.1685126753873476,-2.4835126753872805
0,2,-0.004857528954744339,-0.004857528954744339,-0.17337020434209194,-2.488370204342025
0,2,-0.0012076038401573896,-0.0012076038401573896,-0.17457780818224933,-2.489577808182182
2,2,0.003577843541279435,0.003577843541279435,-0.1709999646409699,-2.485999964640903
2,0,-0.020016605034470558,-0.02201660503447056,-0.19101656967544045,-2.508016569675373
0,0,0.003989112097769976,0.003989112097769976,-0.18702745757767048,-2.504027457577603
1,2,0.0013988768914714456,-0.0006011231085285545,-0.18562858068619903,-2.5046285806861315
1,2,0.0003072500112466514,0.0003072500112466514,-0.18532133067495238,-2.504321330674885
1,1,0.0,-0.001,-0.18532133067495238,-2.5053213306748847
0,1,-0.0,-0.0,-0.18532133067495238,-2.5053213306748847
2,2,0.003064449643716216,0.002064449643716216,-0.18225688103123616,-2.5032568810311684
1,1,0.0,-0.001,-0.18225688103123616,-2.5042568810311683
1,1,-0.0,-0.0,-0.18225688103123616,-2.5042568810311683
0,1,-0.0,-0.0,-0.18225688103123616,-2.5042568810311683
2,1,0.0,0.0,-0.18225688103123616,-2.5042568810311683
2,1,0.0,0.0,-0.18225688103123616,-2.5042568810311683
0,1,-0.0,-0.0,-0.18225688103123616,-2.5042568810311683
0,2,-0.002780456095933914,-0.003780456095933914,-0.18503733712717008,-2.508037337127102
0,2,-0.0032413857989013195,-0.0032413857989013195,-0.1882787229260714,-2.5112787229260034
2,2,0.005466414615511894,0.005466414615511894,-0.1828123083105595,-2.5058123083104915
1,1,-0.0,-0.001,-0.1828123083105595,-2.5068123083104914
2,1,0.0,0.0,-0.1828123083105595,-2.5068123083104914
1,1,0.0,0.0,-0.1828123083105595,-2.5068123083104914
1,1,-0.0,-0.0,-0.1828123083105595,-2.5068123083104914
1,1,0.0,0.0,-0.1828123083105595,-2.5068123083104914
0,1,-0.0,-0.0,-0.1828123083105595,-2.5068123083104914
1,1,0.0,0.0,-0.1828123083105595,-2.5068123083104914
1,1,0.0,0.0,-0.1828123083105595,-2.5068123083104914
1,1,-0.0,-0.0,-0.1828123083105595,-2.5068123083104914
1,1,0.0,0.0,-0.1828123083105595,-2.5068123083104914
1,1,-0.0,-0.0,-0.1828123083105595,-2.5068123083104914
1,1,0.0,0.0,-0.1828123083105595,-2.5068123083104914
1,1,-0.0,-0.0,-0.1828123083105595,-2.5068123083104914
1,1,0.0,0.0,-0.1828123083105595,-2.5068123083104914
1,1,0.0,0.0,-0.1828123083105595,-2.5068123083104914
1,1,0.0,0.0,-0.1828123083105595,-2.5068123083104914
1,1,-0.0,-0.0,-0.1828123083105595,-2.5068123083104914
1,1,-0.0,-0.0,-0.1828123083105595,-2.5068123083104914
1,2,-0.000019434095520409755,-0.0010194340955204098,-0.1828317424060799,-2.5078317424060117
1,2,-0.00024581674369983375,-0.00024581674369983375,-0.18307755914977974,-2.5080775591497115
2,2,0.001052814070135355,0.001052814070135355,-0.1820247450796444,-2.507024745079576
1,0,-0.00007253157673403621,-0.0020725315767340362,-0.18209727665637843,-2.50909727665631
0,0,0.0006037144339643419,0.0006037144339643419,-0.18149356222241408,-2.5084935622223457
2,2,0.0007331159431487322,-0.0012668840568512679,-0.18076044627926535,-2.5097604462791967
0,0,0.0007148300646804273,-0.0012851699353195727,-0.18004561621458492,-2.511045616214516
2,0,-0.0007925999816507101,-0.0007925999816507101,-0.18083821619623563,-2.5118382161961668
1,0,0.00015383270510938019,0.00015383270510938019,-0.18068438349112625,-2.5116843834910574
2,2,0.0012817870592698455,-0.0007182129407301546,-0.1794025964318564,-2.5124025964317873
0,0,0.001166781410574913,-0.000833218589425087,-0.1782358150212815,-2.513235815021212
2,2,0.00354554271325469,0.0015455427132546901,-0.1746902723080268,-2.5116902723079573
1,0,0.000250950368354097,-0.001749049631645903,-0.1744393219396727,-2.513439321939603
0,0,0.0007856939337216318,0.0007856939337216318,-0.17365362800595108,-2.5126536280058813
1,2,0.00028269318863749504,-0.001717306811362505,-0.17337093481731358,-2.5143709348172436
0,2,-0.0008062624256126583,-0.0008062624256126583,-0.17417719724292624,-2.5151771972428563
1,2,-0.0001725701440591365,-0.0001725701440591365,-0.17434976738698538,-2.5153497673869154
0,2,-0.0007633588393218815,-0.0007633588393218815,-0.17511312622630726,-2.5161131262262373
2,2,0.0008446323336102068,0.0008446323336102068,-0.17426849389269705,-2.515268493892627
1,2,-0.000013108187886246014,-0.000013108187886246014,-0.1742816020805833,-2.5152816020805133
2,0,-0.0008448417065665126,-0.0028448417065665126,-0.1751264437871498,-2.5181264437870796
1,0,0.00005694598803529516,0.00005694598803529516,-0.17506949779911452,-2.5180694977990443
2,2,0.0006479676812887192,-0.0013520323187112809,-0.1744215301178258,-2.5194215301177554
1,2,0.0002997607516590506,0.0002997607516590506,-0.17412176936616675,-2.5191217693660963
0,0,0.00037158463965170085,-0.0016284153603482992,-0.17375018472651504,-2.5207501847264444
2,0,-0.0005233653937466443,-0.0005233653937466443,-0.1742735501202617,-2.521273550120191
1,0,-0.00015255401376634836,-0.00015255401376634836,-0.17442610413402804,-2.5214261041339574
0,2,-0.0008390505681745708,-0.002839050568174571,-0.1752651547022026,-2.5242651547021318
1,2,-0.00025311653735116124,-0.00025311653735116124,-0.17551827123955377,-2.524518271239483
0,0,0.0006155807641334832,-0.0013844192358665169,-0.17490269047542029,-2.525902690475349
0,2,-0.0018420555861666799,-0.00384205558616668,-0.17674474606158697,-2.5297447460615157
0,2,-0.0008878522203303874,-0.0008878522203303874,-0.17763259828191735,-2.530632598281846
1,2,-0.00006844325253041461,-0.00006844325253041461,-0.17770104153444777,-2.5307010415343765
2,2,0.000840761698782444,0.000840761698782444,-0.17686027983566532,-2.529860279835594
2,2,0.003552601905539632,0.003552601905539632,-0.1733076779301257,-2.5263076779300544
2,0,-0.0005984550807625055,-0.0025984550807625056,-0.1739061330108882,-2.5289061330108167
2,0,-0.0038920119404792786,-0.0038920119404792786,-0.17779814495136748,-2.532798144951296
2,0,-0.0016960389912128448,-0.0016960389912128448,-0.17949418394258032,-2.534494183942509
2,0,-0.008081624284386635,-0.008081624284386635,-0.18757580822696696,-2.5425758082268954
2,0,-0.010712547227740288,-0.010712547227740288,-0.19828835545470724,-2.5532883554546357
1,0,-0.0002164571633329615,-0.0002164571633329615,-0.1985048126180402,-2.5535048126179687
0,0,0.001766087138094008,0.001766087138094008,-0.1967387254799462,-2.5517387254798747
0,2,-0.002300162799656391,-0.004300162799656391,-0.1990388882796026,-2.556038888279531
0,2,-0.0017787571996450424,-0.0017787571996450424,-0.20081764547924763,-2.557817645479176
1,2,-0.0006988783716224134,-0.0006988783716224134,-0.20151652385087004,-2.5585165238507983
0,2,-0.016380978748202324,-0.016380978748202324,-0.21789750259907237,-2.5748975025990006
0,2,-0.0036393022164702415,-0.0036393022164702415,-0.2215368048155426,-2.578536804815471
0,2,-0.0024220463819801807,-0.0024220463819801807,-0.2239588511975228,-2.580958851197451
0,2,-0.0019507945980876684,-0.0019507945980876684,-0.22590964579561046,-2.5829096457955387
1,0,0.00010630220640450716,-0.0018936977935954929,-0.22580334358920595,-2.584803343589134
1,2,0.0004833607526961714,-0.0015166392473038286,-0.22531998283650978,-2.5863199828364376
2,2,0.0029883261304348707,0.0029883261304348707,-0.2223316567060749,-2.5833316567060027
1,2,-0.0007359168375842273,-0.0007359168375842273,-0.22306757354365914,-2.584067573543587
2,2,0.0025402759201824665,0.0025402759201824665,-0.22052729762347667,-2.5815272976234045
0,1,-0.0,-0.001,-0.22052729762347667,-2.5825272976234044
1,2,-0.001127260155044496,-0.002127260155044496,-0.22165455777852117,-2.5846545577784488
0,2,-0.0017667728243395686,-0.0017667728243395686,-0.22342133060286073,-2.5864213306027883
1,2,0.0014418804785236716,0.0014418804785236716,-0.22197945012433706,-2.5849794501242647
1,1,0.0,-0.001,-0.22197945012433706,-2.5859794501242646
1,1,-0.0,-0.0,-0.22197945012433706,-2.5859794501242646
1,1,0.0,0.0,-0.22197945012433706,-2.5859794501242646
1,2,0.0006645338144153357,-0.00033546618558466437,-0.22131491630992173,-2.586314916309849
0,1,-0.0,-0.001,-0.22131491630992173,-2.587314916309849
2,1,0.0,0.0,-0.22131491630992173,-2.587314916309849
1,1,-0.0,-0.0,-0.22131491630992173,-2.587314916309849
1,2,-0.0005044800345785916,-0.0015044800345785916,-0.22181939634450032,-2.5888193963444275
2,2,0.002143113873898983,0.002143113873898983,-0.21967628247060134,-2.5866762824705285
2,2,0.0006822675932198763,0.0006822675932198763,-0.21899401487738146,-2.5859940148773086
2,2,0.004217584151774645,0.004217584151774645,-0.21477643072560682,-2.581776430725534
2,0,-0.0013649078318849206,-0.0033649078318849206,-0.21614133855749174,-2.5851413385574187
1,0,0.0004909566487185657,0.0004909566487185657,-0.21565038190877317,-2.5846503819087
1,2,-0.0005188412615098059,-0.002518841261509806,-0.21616922317028298,-2.5871692231702097
2,0,-0.0013602201361209154,-0.0033602201361209155,-0.2175294433064039,-2.5905294433063304
2,0,-0.000981982215307653,-0.000981982215307653,-0.21851142552171154,-2.591511425521638
2,0,-0.008653965778648853,-0.008653965778648853,-0.2271653913003604,-2.600165391300287
2,0,-0.0015798336826264858,-0.0015798336826264858,-0.22874522498298688,-2.6017452249829134
0,0,0.003079678164795041,0.003079678164795041,-0.22566554681819184,-2.5986655468181183
0,2,-0.004192673601210117,-0.006192673601210117,-0.22985822041940196,-2.6048582204193282
1,2,-0.0007623022538609803,-0.0007623022538609803,-0.23062052267326294,-2.605620522673189
0,0,0.0008818890200927854,-0.0011181109799072147,-0.22973863365317015,-2.606738633653096
0,0,0.003167451824992895,0.003167451824992895,-0.22657118182817726,-2.6035711818281033
2,2,0.003859863616526127,0.0018598636165261268,-0.22271131821165113,-2.601711318211577
2,2,0.001617497531697154,0.001617497531697154,-0.22109382067995398,-2.60009382067988
1,0,-0.0006251565646380186,-0.0026251565646380186,-0.221718977244592,-2.6027189772445176
0,1,-0.0,-0.001,-0.221718977244592,-2.6037189772445175
2,1,0.0,0.0,-0.221718977244592,-2.6037189772445175
1,1,0.0,0.0,-0.221718977244592,-2.6037189772445175
0,1,-0.0,-0.0,-0.221718977244592,-2.6037189772445175
0,1,-0.0,-0.0,-0.221718977244592,-2.6037189772445175
2,2,0.001561530283652246,0.000561530283652246,-0.22015744696093975,-2.603157446960865
1,1,0.0,-0.001,-0.22015744696093975,-2.604157446960865
2,1,0.0,0.0,-0.22015744696093975,-2.604157446960865
0,1,-0.0,-0.0,-0.22015744696093975,-2.604157446960865
2,1,0.0,0.0,-0.22015744696093975,-2.604157446960865
2,0,-0.0021087583154439926,-0.0031087583154439926,-0.22226620527638374,-2.607266205276309
2,0,-0.0018470839131623507,-0.0018470839131623507,-0.2241132891895461,-2.6091132891894713
0,0,0.002649907022714615,0.002649907022714615,-0.22146338216683148,-2.6064633821667567
2,0,-0.002429236890748143,-0.002429236890748143,-0.22389261905757962,-2.608892619057505
0,0,0.005768704693764448,0.005768704693764448,-0.21812391436381517,-2.6031239143637404
0,2,-0.005962815135717392,-0.007962815135717392,-0.22408672949953257,-2.6110867294994575
0,2,-0.003382366383448243,-0.003382366383448243,-0.2274690958829808,-2.6144690958829058
1,2,-0.0004126021813135594,-0.0004126021813135594,-0.22788169806429437,-2.6148816980642193
1,2,0.000721599964890629,0.000721599964890629,-0.22716009809940374,-2.6141600980993287
0,2,-0.0016232761554419994,-0.0016232761554419994,-0.22878337425484574,-2.6157833742547707
2,2,0.0013716594548895955,0.0013716594548895955,-0.22741171479995614,-2.614411714799881
2,2,0.0015725346747785807,0.0015725346747785807,-0.22583918012517756,-2.6128391801251025
0,0,0.0008167346240952611,-0.001183265375904739,-0.2250224455010823,-2.614022445501007
0,2,-0.00091312121367082,-0.00291312121367082,-0.22593556671475312,-2.6169355667146776
2,2,0.0018353172345086932,0.0018353172345086932,-0.22410024948024443,-2.615100249480169
2,1,0.0,-0.001,-0.22410024948024443,-2.616100249480169
1,1,-0.0,-0.0,-0.22410024948024443,-2.616100249480169
1,1,-0.0,-0.0,-0.22410024948024443,-2.616100249480169
0,2,-0.0029141062404960394,-0.003914106240496039,-0.22701435572074047,-2.6200143557206648
2,2,0.0013005522778257728,0.0013005522778257728,-0.2257138034429147,-2.618713803442839
1,2,-0.00052907585632056,-0.00052907585632056,-0.22624287929923526,-2.6192428792991596
1,1,-0.0,-0.001,-0.22624287929923526,-2.6202428792991594
2,1,0.0,0.0,-0.22624287929923526,-2.6202428792991594
2,0,-0.001219364581629634,-0.002219364581629634,-0.2274622438808649,-2.622462243880789
1,1,-0.0,-0.001,-0.2274622438808649,-2.623462243880789
2,1,0.0,0.0,-0.2274622438808649,-2.623462243880789
0,0,0.0008483040728606284,-0.00015169592713937165,-0.22661393980800426,-2.623613939807928
1,1,-0.0,-0.001,-0.22661393980800426,-2.624613939807928
2,0,-0.0005049756146036088,-0.0015049756146036089,-0.22711891542260787,-2.6261189154225315
2,0,-0.0007401169277727604,-0.0007401169277727604,-0.22785903235038063,-2.6268590323503043
0,0,0.0004933503805659711,0.0004933503805659711,-0.22736568196981466,-2.6263656819697383
2,0,-0.0037164019886404276,-0.0037164019886404276,-0.2310820839584551,-2.6300820839583787
0,0,0.001387228025123477,0.001387228025123477,-0.2296948559333316,-2.6286948559332552
2,2,0.002233598381280899,0.000233598381280899,-0.2274612575520507,-2.628461257551974
0,0,0.0015061486046761274,-0.0004938513953238726,-0.22595510894737458,-2.628955108947298
2,1,0.0,-0.001,-0.22595510894737458,-2.6299551089472977
2,1,0.0,0.0,-0.22595510894737458,-2.6299551089472977
2,0,-0.002180133480578661,-0.003180133480578661,-0.22813524242795324,-2.633135242427876
1,0,0.000057071134506259114,0.000057071134506259114,-0.22807817129344699,-2.63307817129337
0,0,0.002187139820307493,0.002187139820307493,-0.2258910314731395,-2.6308910314730625
1,0,0.00003226590342819691,0.00003226590342819691,-0.2258587655697113,-2.6308587655696343
2,0,-0.003532005473971367,-0.003532005473971367,-0.22939077104368266,-2.6343907710436056
0,0,0.003525123465806246,0.003525123465806246,-0.22586564757787642,-2.6308656475777994
2,2,0.0014380832435563207,-0.0005619167564436794,-0.2244275643343201,-2.631427564334243
2,2,0.0019115343457087874,0.0019115343457087874,-0.2225160299886113,-2.629516029988534
0,0,0.0008710146648809314,-0.0011289853351190687,-0.22164501532373038,-2.630645015323653
2,2,0.0036006292793899775,0.0016006292793899774,-0.2180443860443404,-2.6290443860442627
2,0,-0.003237588796764612,-0.005237588796764612,-0.221281974841105,-2.634281974841027
2,0,-0.0022214711643755436,-0.0022214711643755436,-0.22350344600548055,-2.6365034460054027
0,0,0.0018233045702800155,0.0018233045702800155,-0.22168014143520054,-2.6346801414351226
0,0,0.0011509034084156156,0.0011509034084156156,-0.22052923802678492,-2.633529238026707
1,2,-0.0005742140347138047,-0.0025742140347138048,-0.22110345206149873,-2.6361034520614206
2,2,0.002585612703114748,0.002585612703114748,-0.21851783935838398,-2.633517839358306
0,2,-0.0018088463693857193,-0.0018088463693857193,-0.2203266857277697,-2.6353266857276916
2,2,0.010656064376235008,0.010656064376235008,-0.2096706213515347,-2.6246706213514566
1,0,0.00006119065074017271,-0.0019388093492598273,-0.20960943070079452,-2.626609430700716
0,2,-0.006632732227444649,-0.008632732227444649,-0.21624216292823917,-2.6352421629281606
2,2,0.001381753128953278,0.001381753128953278,-0.2148604097992859,-2.6338604097992073
0,2,-0.0017505284631624818,-0.0017505284631624818,-0.21661093826244837,-2.63561093826237
2,2,0.0036239137407392263,0.0036239137407392263,-0.21298702452170915,-2.6319870245216306
2,0,-0.0014375810278579593,-0.0034375810278579593,-0.2144246055495671,-2.6354246055494883
0,1,-0.0,-0.001,-0.2144246055495671,-2.636424605549488
2,1,0.0,0.0,-0.2144246055495671,-2.636424605549488
2,0,-0.0014021371025592089,-0.002402137102559209,-0.2158267426521263,-2.6388267426520473
1,0,-0.0006345825386233628,-0.0006345825386233628,-0.21646132519074968,-2.6394613251906707
1,1,-0.0,-0.001,-0.21646132519074968,-2.6404613251906706
0,1,-0.0,-0.0,-0.21646132519074968,-2.6404613251906706
0,1,-0.0,-0.0,-0.21646132519074968,-2.6404613251906706
0,1,-0.0,-0.0,-0.21646132519074968,-2.6404613251906706
0,2,-0.003275823313742876,-0.004275823313742876,-0.21973714850449255,-2.6447371485044133
2,2,0.0010419106110930443,0.0010419106110930443,-0.2186952378933995,-2.6436952378933203
2,2,0.001353820669464767,0.001353820669464767,-0.21734141722393474,-2.6423414172238555
1,2,-0.00041794197750277817,-0.00041794197750277817,-0.21775935920143752,-2.6427593592013583
1,2,-0.000019274992155260406,-0.000019274992155260406,-0.21777863419359278,-2.6427786341935136
2,2,0.003185797482728958,0.003185797482728958,-0.21459283671086382,-2.6395928367107846
1,0,0.00037957369931973517,-0.0016204263006802649,-0.21421326301154409,-2.6412132630114646
2,0,-0.0013441332848742604,-0.0013441332848742604,-0.21555739629641835,-2.642557396296339
0,0,0.00174030102789402,0.00174030102789402,-0.21381709526852433,-2.640817095268445
2,1,0.0,-0.001,-0.21381709526852433,-2.6418170952684448
1,2,-0.00012486179184634238,-0.0011248617918463424,-0.21394195706037067,-2.642941957060291
2,1,0.0,-0.001,-0.21394195706037067,-2.643941957060291
1,0,0.00016753333329688758,-0.0008324666667031124,-0.21377442372707378,-2.644774423726994
2,1,0.0,-0.001,-0.21377442372707378,-2.645774423726994
2,0,-0.002121405676007271,-0.003121405676007271,-0.21589582940308105,-2.648895829403001
1,0,-0.000284067151369527,-0.000284067151369527,-0.21617989655445058,-2.6491798965543705
1,0,-0.0004190531908534467,-0.0004190531908534467,-0.21659894974530403,-2.649598949745224
2,0,-0.00784157495945692,-0.00784157495945692,-0.22444052470476095,-2.657440524704681
0,0,0.0011622505262494087,0.0011622505262494087,-0.22327827417851154,-2.6562782741784314
0,0,0.0012214345624670386,0.0012214345624670386,-0.2220568396160445,-2.6550568396159644
2,0,-0.0012368889292702079,-0.0012368889292702079,-0.2232937285453147,-2.6562937285452346
2,0,-0.0017873732140287757,-0.0017873732140287757,-0.22508110175934348,-2.6580811017592634
2,0,-0.0008753279689699411,-0.0008753279689699411,-0.22595642972831342,-2.6589564297282333
0,0,0.002654261654242873,0.002654261654242873,-0.22330216807407055,-2.6563021680739904
2,2,0.003222093218937516,0.0012220932189375162,-0.22008007485513303,-2.6550800748550527
0,0,0.0017168292542919517,-0.0002831707457080484,-0.21836324560084108,-2.6553632456007605
2,0,-0.0010204368736594915,-0.0010204368736594915,-0.21938368247450057,-2.65638368247442
2,0,-0.0014457947108894587,-0.0014457947108894587,-0.22082947718539003,-2.6578294771853095
0,0,0.003287252504378557,0.003287252504378557,-0.21754222468101148,-2.654542224680931
0,0,0.0016335350228473544,0.0016335350228473544,-0.21590868965816412,-2.6529086896580836
2,2,0.0012391527416184545,-0.0007608472583815456,-0.21466953691654567,-2.653669536916465
2,0,-0.0007928789709694684,-0.0027928789709694684,-0.21546241588751514,-2.656462415887434
1,0,0.0000158755065058358,0.0000158755065058358,-0.2154465403810093,-2.6564465403809283
1,0,0.00015263669774867594,0.00015263669774867594,-0.21529390368326062,-2.6562939036831796
1,2,0.000161286152433604,-0.001838713847566396,-0.21513261753082702,-2.658132617530746
0,2,-0.0014280620962381363,-0.0014280620962381363,-0.21656067962706516,-2.659560679626984
0,2,-0.0007383868214674294,-0.0007383868214674294,-0.21729906644853259,-2.6602990664484514
2,0,-0.0019278499530628324,-0.003927849953062832,-0.21922691640159542,-2.664226916401514
1,0,0.00037186339613981545,0.00037186339613981545,-0.2188550530054556,-2.663855053005374
0,2,-0.0006573150749318302,-0.00265731507493183,-0.21951236808038743,-2.666512368080306
2,0,-0.003389556659385562,-0.005389556659385562,-0.222901924739773,-2.671901924739691
2,0,-0.009522230364382267,-0.009522230364382267,-0.23242415510415526,-2.6814241551040734
2,0,-0.006061535328626633,-0.006061535328626633,-0.2384856904327819,-2.6874856904327
1,0,-0.000707847997546196,-0.000707847997546196,-0.2391935384303281,-2.688193538430246
0,0,0.0016662785783410072,0.0016662785783410072,-0.23752725985198708,-2.686527259851905
0,2,-0.0030532721430063248,-0.005053272143006325,-0.2405805319949934,-2.6915805319949113
0,2,-0.0025420242454856634,-0.0025420242454856634,-0.24312255624047907,-2.694122556240397
2,2,0.001426223898306489,0.001426223898306489,-0.24169633234217258,-2.6926963323420905
1,1,0.0,-0.001,-0.24169633234217258,-2.6936963323420904
1,0,0.0005740908090956509,-0.0004259091909043491,-0.24112224153307693,-2.6941222415329946
2,2,0.002387931803241372,0.00038793180324137207,-0.23873430972983556,-2.693734309729753
2,0,-0.004213850945234299,-0.006213850945234299,-0.24294816067506986,-2.699948160674987
1,0,-0.0005827695713378489,-0.0005827695713378489,-0.2435309302464077,-2.700530930246325
0,0,0.002795357257127762,0.002795357257127762,-0.24073557298927994,-2.697735572989197
0,0,0.001417327206581831,0.001417327206581831,-0.2393182457826981,-2.6963182457826154
2,1,0.0,-0.001,-0.2393182457826981,-2.6973182457826153
2,0,-0.00565391406416893,-0.00665391406416893,-0.24497215984686704,-2.703972159846784
0,0,0.0027328303549438715,0.0027328303549438715,-0.24223932949192317,-2.70123932949184
2,0,-0.006558185443282127,-0.006558185443282127,-0.2487975149352053,-2.7077975149351223
2,0,-0.0013962154043838382,-0.0013962154043838382,-0.25019373033958914,-2.709193730339506
0,0,0.0015493264654651284,0.0015493264654651284,-0.248644403874124,-2.707644403874041
0,0,0.0013307416811585426,0.0013307416811585426,-0.24731366219296547,-2.7063136621928825
1,2,-0.0008733028080314398,-0.00287330280803144,-0.2481869650009969,-2.7091869650009137
1,2,0.0008014150662347674,0.0008014150662347674,-0.24738554993476214,-2.708385549934679
0,0,0.0033133940305560827,0.0013133940305560827,-0.24407215590420606,-2.7070721559041226
1,1,-0.0,-0.001,-0.24407215590420606,-2.7080721559041225
1,2,-0.00047849409747868776,-0.0014784940974786878,-0.24455065000168474,-2.709550650001601
0,2,-0.0016139396466314793,-0.0016139396466314793,-0.24616458964831622,-2.7111645896482326
2,2,0.001586425700224936,0.001586425700224936,-0.2445781639480913,-2.7095781639480077
1,2,0.0003393927472643554,0.0003393927472643554,-0.24423877120082693,-2.7092387712007433
0,2,-0.0021459865383803844,-0.0021459865383803844,-0.24638475773920732,-2.7113847577391237
2,1,0.0,-0.001,-0.24638475773920732,-2.7123847577391236
0,2,-0.005613185930997133,-0.006613185930997133,-0.25199794367020445,-2.7189979436701206
1,2,-0.00015989683743100613,-0.00015989683743100613,-0.25215784050763546,-2.7191578405075516
2,2,0.002384002786129713,0.002384002786129713,-0.24977383772150574,-2.716773837721422
2,1,0.0,-0.001,-0.24977383772150574,-2.717773837721422
2,1,0.0,0.0,-0.24977383772150574,-2.717773837721422
1,0,-0.0003426522889640182,-0.0013426522889640182,-0.25011649001046976,-2.7191164900103857
0,1,-0.0,-0.001,-0.25011649001046976,-2.7201164900103856
2,1,0.0,0.0,-0.25011649001046976,-2.7201164900103856
0,0,0.002003565663471818,0.001003565663471818,-0.24811292434699794,-2.7191129243469137
0,2,-0.010268022306263447,-0.012268022306263447,-0.2583809466532614,-2.731380946653177
0,2,-0.011971823871135712,-0.011971823871135712,-0.2703527705243971,-2.7433527705243126
2,2,0.004845254588872194,0.004845254588872194,-0.2655075159355249,-2.7385075159354404
1,0,-0.0007647501188330352,-0.0027647501188330353,-0.26627226605435794,-2.741272266054273
2,2,0.004342354368418455,0.002342354368418455,-0.2619299116859395,-2.7389299116858545
2,0,-0.008104225620627403,-0.010104225620627403,-0.2700341373065669,-2.7490341373064817
1,0,-0.001121311797760427,-0.001121311797760427,-0.2711554491043273,-2.750155449104242
2,1,0.0,-0.001,-0.2711554491043273,-2.751155449104242
0,0,0.011138847097754478,0.010138847097754478,-0.26001660200657284,-2.7410166020064874
0,2,-0.002961682854220271,-0.004961682854220271,-0.2629782848607931,-2.7459782848607075
2,2,0.005549758672714233,0.005549758672714233,-0.2574285261880789,-2.7404285261879933
1,1,-0.0,-0.001,-0.2574285261880789,-2.741428526187993
1,1,-0.0,-0.0,-0.2574285261880789,-2.741428526187993
1,1,-0.0,-0.0,-0.2574285261880789,-2.741428526187993
1,2,0.0009214431047439575,-0.0000785568952560425,-0.2565070830833349,-2.741507083083249
2,2,0.00284958234988153,0.00284958234988153,-0.2536575007334534,-2.7386575007333676
0,1,-0.0,-0.001,-0.2536575007334534,-2.7396575007333674
0,1,-0.0,-0.0,-0.2536575007334534,-2.7396575007333674
2,2,0.002821798902004957,0.0018217989020049572,-0.25083570183144843,-2.7378357018313624
1,1,0.0,-0.001,-0.25083570183144843,-2.7388357018313623
1,1,-0.0,-0.0,-0.25083570183144843,-2.7388357018313623
1,1,0.0,0.0,-0.25083570183144843,-2.7388357018313623
1,2,-0.0009307421860285103,-0.0019307421860285104,-0.25176644401747694,-2.7407664440173907
0,2,-0.00664541544392705,-0.00664541544392705,-0.258411859461404,-2.7474118594613177
1,2,-0.0009355227230116725,-0.0009355227230116725,-0.25934738218441566,-2.7483473821843294
1,2,-0.00013587799912784249,-0.00013587799912784249,-0.2594832601835435,-2.7484832601834572
0,2,-0.0038511515595018864,-0.0038511515595018864,-0.2633344117430454,-2.752334411742959
2,2,0.0031268515158444643,0.0031268515158444643,-0.26020756022720093,-2.7492075602271147
0,2,-0.0015209056437015533,-0.0015209056437015533,-0.2617284658709025,-2.750728465870816
1,2,0.0004613011551555246,0.0004613011551555246,-0.26126716471574696,-2.7502671647156607
1,2,0.001002357341349125,0.001002357341349125,-0.26026480737439783,-2.7492648073743116
2,2,0.002008381998166442,0.002008381998166442,-0.2582564253762314,-2.747256425376145
1,2,0.0003343202988617122,0.0003343202988617122,-0.2579221050773697,-2.7469221050772834
1,0,-0.0003685529809445143,-0.0023685529809445143,-0.2582906580583142,-2.7492906580582277
0,2,-0.005174892023205757,-0.007174892023205757,-0.26346555008151995,-2.7564655500814332
0,2,-0.001574408495798707,-0.001574408495798707,-0.26503995857731866,-2.758039958577232
2,2,0.0023026233538985252,0.0023026233538985252,-0.26273733522342013,-2.7557373352233334
0,2,-0.0021244718227535486,-0.0021244718227535486,-0.2648618070461737,-2.757861807046087
0,2,-0.010309197939932346,-0.010309197939932346,-0.275171004986106,-2.7681710049860193
2,2,0.007204512134194374,0.007204512134194374,-0.26796649285191165,-2.760966492851825
0,2,-0.0035488298162817955,-0.0035488298162817955,-0.27151532266819345,-2.7645153226681067
0,2,-0.0024107126519083977,-0.0024107126519083977,-0.27392603532010185,-2.766926035320015
2,2,0.004435211420059204,0.004435211420059204,-0.26949082390004264,-2.762490823899956
0,0,0.0020298189483582973,0.000029818948358297306,-0.26746100495168434,-2.7624610049515974
0,2,-0.002636393764987588,-0.004636393764987588,-0.27009739871667193,-2.7670973987165848
1,2,-0.00030085910111665726,-0.00030085910111665726,-0.2703982578177886,-2.7673982578177014
1,2,0.0006874973769299686,0.0006874973769299686,-0.2697107604408586,-2.7667107604407715
2,2,0.008379878476262093,0.008379878476262093,-0.26133088196459653,-2.7583308819645094
2,0,-0.0015989356907084584,-0.0035989356907084585,-0.262929817655305,-2.7619298176552176
2,0,-0.004822459537535906,-0.004822459537535906,-0.2677522771928409,-2.7667522771927535
0,0,0.0027294503524899483,0.0027294503524899483,-0.26502282684035094,-2.7640228268402636
0,1,-0.0,-0.001,-0.26502282684035094,-2.7650228268402635
1,1,-0.0,-0.0,-0.26502282684035094,-2.7650228268402635
2,1,0.0,0.0,-0.26502282684035094,-2.7650228268402635
1,0,0.00044996061478741467,-0.0005500393852125854,-0.26457286622556353,-2.765572866225476
0,1,-0.0,-0.001,-0.26457286622556353,-2.766572866225476
2,1,0.0,0.0,-0.26457286622556353,-2.766572866225476
0,1,-0.0,-0.0,-0.26457286622556353,-2.766572866225476
1,2,-0.0001956126361619681,-0.0011956126361619681,-0.2647684788617255,-2.7677684788616377
2,2,0.0019955167081207037,0.0019955167081207037,-0.2627729621536048,-2.765772962153517
0,0,0.002276536775752902,0.000276536775752902,-0.2604964253778519,-2.765496425377764
1,2,0.0008678528247401118,-0.0011321471752598882,-0.2596285725531118,-2.7666285725530235
1,1,0.0,-0.001,-0.2596285725531118,-2.7676285725530234
0,1,-0.0,-0.0,-0.2596285725531118,-2.7676285725530234
0,1,-0.0,-0.0,-0.2596285725531118,-2.7676285725530234
2,2,0.003381237853318453,0.002381237853318453,-0.2562473346997933,-2.765247334699705
2,2,0.0016304225428029895,0.0016304225428029895,-0.25461691215699034,-2.763616912156902
1,1,-0.0,-0.001,-0.25461691215699034,-2.7646169121569018
1,0,0.00015344447456300259,-0.0008465555254369974,-0.25446346768242734,-2.7654634676823386
2,0,-0.001750058145262301,-0.001750058145262301,-0.25621352582768964,-2.767213525827601
0,2,-0.005063807126134634,-0.007063807126134634,-0.26127733295382427,-2.7742773329537354
2,2,0.011321909725666046,0.011321909725666046,-0.24995542322815822,-2.7629554232280693
2,0,-0.004895186051726341,-0.006895186051726341,-0.25485060927988457,-2.7698506092797954
0,0,0.0022033799905329943,0.0022033799905329943,-0.25264722928935157,-2.7676472292892624
0,2,-0.006605726666748524,-0.008605726666748524,-0.2592529559561001,-2.7762529559560107
0,2,-0.005389506462961435,-0.005389506462961435,-0.26464246241906153,-2.781642462418972
1,2,-0.0003187634574715048,-0.0003187634574715048,-0.26496122587653304,-2.7819612258764437
2,2,0.0026388310361653566,0.0026388310361653566,-0.2623223948403677,-2.7793223948402783
1,1,0.0,-0.001,-0.2623223948403677,-2.780322394840278
1,0,-0.00012357164814602584,-0.0011235716481460259,-0.2624459664885137,-2.781445966488424
1,2,-0.000455525383586064,-0.002455525383586064,-0.26290149187209977,-2.78390149187201
1,2,0.0009708310244604945,0.0009708310244604945,-0.2619306608476393,-2.7829306608475495
1,1,0.0,-0.001,-0.2619306608476393,-2.7839306608475494
1,1,-0.0,-0.0,-0.2619306608476393,-2.7839306608475494
0,1,-0.0,-0.0,-0.2619306608476393,-2.7839306608475494
2,1,0.0,0.0,-0.2619306608476393,-2.7839306608475494
1,1,-0.0,-0.0,-0.2619306608476393,-2.7839306608475494
2,1,0.0,0.0,-0.2619306608476393,-2.7839306608475494
1,1,-0.0,-0.0,-0.2619306608476393,-2.7839306608475494
2,1,0.0,0.0,-0.2619306608476393,-2.7839306608475494
1,1,0.0,0.0,-0.2619306608476393,-2.7839306608475494
0,0,0.0011472204932942986,0.00014722049329429863,-0.260783440354345,-2.783783440354255
1,1,0.0,-0.001,-0.260783440354345,-2.784783440354255
0,1,-0.0,-0.0,-0.260783440354345,-2.784783440354255
0,1,-0.0,-0.0,-0.260783440354345,-2.784783440354255
2,2,0.0008246865472756326,-0.0001753134527243674,-0.25995875380706934,-2.784958753806979
1,0,-0.0001203248612000607,-0.0021203248612000607,-0.2600790786682694,-2.787079078668179
0,0,0.0014534692745655775,0.0014534692745655775,-0.2586256093937038,-2.7856256093936134
2,2,0.0005593445966951549,-0.0014406554033048451,-0.25806626479700867,-2.787066264796918
2,0,-0.0003412386286072433,-0.0023412386286072433,-0.2584075034256159,-2.789407503425525
0,0,0.0005924964789301157,0.0005924964789301157,-0.2578150069466858,-2.788815006946595
0,1,-0.0,-0.001,-0.2578150069466858,-2.789815006946595
0,1,-0.0,-0.0,-0.2578150069466858,-2.789815006946595
2,2,0.0008504831348545849,-0.0001495168651454151,-0.2569645238118312,-2.78996452381174
2,2,0.0014986880123615265,0.0014986880123615265,-0.2554658357994697,-2.7884658357993786
1,0,0.0001347171637462452,-0.0018652828362537548,-0.25533111863572344,-2.790331118635632
2,0,-0.0007805777713656425,-0.0007805777713656425,-0.2561116964070891,-2.7911116964069977
2,0,-0.0003803067374974489,-0.0003803067374974489,-0.25649200314458653,-2.791492003144495
2,0,-0.000572722521610558,-0.000572722521610558,-0.2570647256661971,-2.7920647256661058
1,0,0.00012172290735179558,0.00012172290735179558,-0.2569430027588453,-2.791943002758754
0,0,0.0003352827625349164,0.0003352827625349164,-0.2566077199963104,-2.791607719996219
0,0,0.00036604158231057227,0.00036604158231057227,-0.2562416784139998,-2.7912416784139085
2,0,-0.0008729438413865864,-0.0008729438413865864,-0.2571146222553864,-2.792114622255295
0,0,0.0005507628666236997,0.0005507628666236997,-0.2565638593887627,-2.7915638593886714
1,2,-0.00003691934034577571,-0.0020369193403457758,-0.25660077872910847,-2.793600778729017
1,0,-0.00020188256166875362,-0.0022018825616687537,-0.2568026612907772,-2.7958026612906854
2,0,-0.002015927340835333,-0.002015927340835333,-0.25881858863161256,-2.7978185886315208
0,0,0.00097564427414909,0.00097564427414909,-0.25784294435746347,-2.7968429443573717
2,2,0.0030521529261022806,0.0010521529261022806,-0.2547907914313612,-2.795790791431269
0,0,0.00276226457208395,0.00076226457208395,-0.25202852685927724,-2.795028526859185
2,2,0.001796004711650312,-0.0002039952883496881,-0.2502325221476269,-2.7952325221475345
0,2,-0.0005765116075053811,-0.0005765116075053811,-0.2508090337551323,-2.79580903375504
0,2,-0.0010996663477271795,-0.0010996663477271795,-0.2519087001028595,-2.796908700102767
0,2,-0.0021575370337814093,-0.0021575370337814093,-0.2540662371366409,-2.7990662371365485
1,2,0.0001925037504406646,0.0001925037504406646,-0.25387373338620023,-2.798873733386108
2,2,0.0005378438509069383,0.0005378438509069383,-0.2533358895352933,-2.798335889535201
0,0,0.002548943040892482,0.0005489430408924818,-0.2507869464944008,-2.797786946494308
2,2,0.005372172221541405,0.0033721722215414047,-0.2454147742728594,-2.7944147742727665
2,0,-0.002688287291675806,-0.004688287291675806,-0.2481030615645352,-2.799103061564442
2,0,-0.0016837917501106858,-0.0016837917501106858,-0.2497868533146459,-2.800786853314553
2,0,-0.008617167361080647,-0.008617167361080647,-0.25840402067572654,-2.8094040206756334
0,0,0.004297994542866945,0.004297994542866945,-0.2541060261328596,-2.8051060261327665
2,2,0.0039966595359146595,0.0019966595359146595,-0.25010936659694494,-2.8031093665968516
1,0,0.0006936981808394194,-0.0013063018191605807,-0.24941566841610552,-2.804415668416012
0,0,0.0029956281650811434,0.0029956281650811434,-0.24642004025102437,-2.801420040250931
0,2,-0.004674093332141638,-0.006674093332141638,-0.251094133583166,-2.8080941335830722
0,2,-0.007200499996542931,-0.007200499996542931,-0.25829463357970894,-2.815294633579615
1,2,-0.0007344661862589419,-0.0007344661862589419,-0.2590290997659679,-2.816029099765874
0,2,-0.002784688724204898,-0.002784688724204898,-0.2618137884901728,-2.818813788490079
2,2,0.002071201102808118,0.002071201102808118,-0.25974258738736467,-2.816742587387271
2,2,0.0018566753715276718,0.0018566753715276718,-0.257885912015837,-2.8148859120157432
0,0,0.0016906128730624914,-0.0003093871269375086,-0.2561952991427745,-2.8151952991426805
2,2,0.0030068608466535807,0.0010068608466535806,-0.2531884382961209,-2.8141884382960267
2,0,-0.008282170630991459,-0.010282170630991459,-0.2614706089271124,-2.824470608927018
2,0,-0.0049896580167114735,-0.0049896580167114735,-0.26646026694382385,-2.8294602669437294
0,0,0.006541836075484753,0.006541836075484753,-0.2599184308683391,-2.8229184308682447
2,0,-0.0018445039168000221,-0.0018445039168000221,-0.2617629347851391,-2.8247629347850447
2,2,0.001846550963819027,-0.0001534490361809731,-0.2599163838213201,-2.8249163838212255
0,1,-0.0,-0.001,-0.2599163838213201,-2.8259163838212253
0,1,-0.0,-0.0,-0.2599163838213201,-2.8259163838212253
2,1,0.0,0.0,-0.2599163838213201,-2.8259163838212253
1,1,0.0,0.0,-0.2599163838213201,-2.8259163838212253
2,1,0.0,0.0,-0.2599163838213201,-2.8259163838212253
0,0,0.0032560722902417183,0.0022560722902417183,-0.2566603115310784,-2.8236603115309835
1,1,-0.0,-0.001,-0.2566603115310784,-2.8246603115309834
2,2,0.0031842950265854597,0.0021842950265854597,-0.2534760165044929,-2.822476016504398
1,1,0.0,-0.001,-0.2534760165044929,-2.8234760165043977
2,1,0.0,0.0,-0.2534760165044929,-2.8234760165043977
2,0,-0.0028610811568796635,-0.0038610811568796635,-0.2563370976613726,-2.8273370976612773
0,0,0.0026325415819883347,0.0026325415819883347,-0.25370455607938425,-2.824704556079289
2,1,0.0,-0.001,-0.25370455607938425,-2.825704556079289
2,0,-0.001122561632655561,-0.002122561632655561,-0.2548271177120398,-2.8278271177119443
0,0,0.0015271315351128578,0.0015271315351128578,-0.25329998617692695,-2.8262999861768314
0,2,-0.0013890237314626575,-0.0033890237314626575,-0.2546890099083896,-2.829689009908294
2,2,0.0011798377381637692,0.0011798377381637692,-0.25350917217022584,-2.82850917217013
1,1,-0.0,-0.001,-0.25350917217022584,-2.82950917217013
2,2,0.004182447679340839,0.0031824476793408394,-0.249326724490885,-2.826326724490789
2,0,-0.010628352873027325,-0.012628352873027325,-0.2599550773639123,-2.838955077363816
1,0,0.0006461156299337745,0.0006461156299337745,-0.25930896173397855,-2.8383089617338824
0,0,0.0015821545384824276,0.0015821545384824276,-0.2577268071954961,-2.8367268071954
2,2,0.004192311316728592,0.002192311316728592,-0.25353449587876753,-2.834534495878671
2,0,-0.006314598489552736,-0.008314598489552736,-0.25984909436832027,-2.8428490943682236
2,0,-0.0019281632266938686,-0.0019281632266938686,-0.26177725759501413,-2.8447772575949175
0,0,0.0034108993131667376,0.0034108993131667376,-0.2583663582818474,-2.8413663582817508
2,2,0.017593594267964363,0.015593594267964363,-0.24077276401388303,-2.825772764013786
0,0,0.0035906073171645403,0.0015906073171645402,-0.2371821566967185,-2.8241821566966214
0,0,0.0018584764329716563,0.0018584764329716563,-0.23532368026374684,-2.8223236802636498
1,2,0.00009197698091156781,-0.0019080230190884322,-0.23523170328283527,-2.824231703282738
1,1,0.0,-0.001,-0.23523170328283527,-2.825231703282738
2,1,0.0,0.0,-0.23523170328283527,-2.825231703282738
0,0,0.004983406513929367,0.003983406513929367,-0.2302482967689059,-2.8212482967688084
0,1,-0.0,-0.001,-0.2302482967689059,-2.8222482967688083
1,1,0.0,0.0,-0.2302482967689059,-2.8222482967688083
2,1,0.0,0.0,-0.2302482967689059,-2.8222482967688083
0,0,0.003209700807929039,0.002209700807929039,-0.22703859596097686,-2.820038595960879
2,1,0.0,-0.001,-0.22703859596097686,-2.821038595960879
1,1,0.0,0.0,-0.22703859596097686,-2.821038595960879
0,1,-0.0,-0.0,-0.22703859596097686,-2.821038595960879
2,1,0.0,0.0,-0.22703859596097686,-2.821038595960879
1,1,-0.0,-0.0,-0.22703859596097686,-2.821038595960879
2,1,0.0,0.0,-0.22703859596097686,-2.821038595960879
2,0,-0.0028088935650885105,-0.0038088935650885105,-0.22984748952606537,-2.8248474895259674
2,0,-0.005448596086353064,-0.005448596086353064,-0.23529608561241844,-2.8302960856123205
0,0,0.0034715216606855392,0.0034715216606855392,-0.2318245639517329,-2.826824563951635
1,2,-0.001543332007713616,-0.003543332007713616,-0.23336789595944651,-2.8303678959593483
2,2,0.0047494350001215935,0.0047494350001215935,-0.22861846095932492,-2.8256184609592268
2,0,-0.003979634027928114,-0.005979634027928114,-0.23259809498725303,-2.8315980949871546
1,0,0.0009351536282338202,0.0009351536282338202,-0.23166294135901921,-2.830662941358921
0,1,-0.0,-0.001,-0.23166294135901921,-2.8316629413589207
1,2,0.0007577770156785846,-0.00024222298432141545,-0.23090516434334063,-2.831905164343242
0,2,-0.0030344559345394373,-0.0030344559345394373,-0.23393962027788007,-2.8349396202777815
0,1,-0.0,-0.001,-0.23393962027788007,-2.8359396202777813
1,2,-0.0010934448800981045,-0.0020934448800981045,-0.23503306515797817,-2.8380330651578793
0,1,-0.0,-0.001,-0.23503306515797817,-2.8390330651578792
2,2,0.0034442846663296223,0.0024442846663296222,-0.23158878049164855,-2.8365887804915495
1,1,0.0,-0.001,-0.23158878049164855,-2.8375887804915494
0,1,-0.0,-0.0,-0.23158878049164855,-2.8375887804915494
2,1,0.0,0.0,-0.23158878049164855,-2.8375887804915494
1,1,0.0,0.0,-0.23158878049164855,-2.8375887804915494
2,1,0.0,0.0,-0.23158878049164855,-2.8375887804915494
0,0,0.0022910425905138254,0.0012910425905138254,-0.22929773790113472,-2.8362977379010355
0,1,-0.0,-0.001,-0.22929773790113472,-2.8372977379010353
2,2,0.004138922318816185,0.003138922318816185,-0.22515881558231854,-2.834158815582219
0,1,-0.0,-0.001,-0.22515881558231854,-2.835158815582219
0,1,-0.0,-0.0,-0.22515881558231854,-2.835158815582219
2,2,0.006987667176872492,0.005987667176872492,-0.21817114840544605,-2.8291711484053463
1,0,-0.000015195718333416153,-0.002015195718333416,-0.21818634412377946,-2.8311863441236795
1,0,0.0010566007113084197,0.0010566007113084197,-0.21712974341247104,-2.830129743412371
0,2,-0.008327001705765724,-0.010327001705765724,-0.22545674511823677,-2.8404567451181366
0,2,-0.003334085224196315,-0.003334085224196315,-0.22879083034243308,-2.843790830342333
0,2,-0.0026768487878143787,-0.0026768487878143787,-0.23146767913024746,-2.8464676791301473
2,2,0.003392074955627322,0.003392074955627322,-0.22807560417462014,-2.84307560417452
1,1,-0.0,-0.001,-0.22807560417462014,-2.84407560417452
1,2,0.00021894603560213,-0.00078105396439787,-0.227856658139018,-2.8448566581389176
1,2,0.0003001490840688348,0.0003001490840688348,-0.22755650905494917,-2.844556509054849
1,2,0.0003207566333003342,0.0003207566333003342,-0.22723575242164884,-2.8442357524215485
0,2,-0.0016716140089556575,-0.0016716140089556575,-0.2289073664306045,-2.845907366430504
0,2,-0.0015688017010688782,-0.0015688017010688782,-0.23047616813167338,-2.847476168131573
1,2,-0.0009799809195101261,-0.0009799809195101261,-0.2314561490511835,-2.848456149051083
2,2,0.004180568736046553,0.004180568736046553,-0.22727558031513695,-2.8442755803150366
1,1,0.0,-0.001,-0.22727558031513695,-2.8452755803150365
1,1,-0.0,-0.0,-0.22727558031513695,-2.8452755803150365
1,1,0.0,0.0,-0.22727558031513695,-2.8452755803150365
1,2,-0.0006531460676342249,-0.001653146067634225,-0.22792872638277117,-2.8469287263826706
0,2,-0.0032074046321213245,-0.0032074046321213245,-0.2311361310148925,-2.850136131014792
2,2,0.0012765260180458426,0.0012765260180458426,-0.22985960499684666,-2.848859604996746
1,2,0.00030866326414979994,0.00030866326414979994,-0.22955094173269686,-2.8485509417325963
1,2,-0.00010141041275346652,-0.00010141041275346652,-0.22965235214545032,-2.8486523521453497
0,0,0.0026910249143838882,0.0006910249143838882,-0.22696132723106643,-2.8479613272309656
0,2,-0.006390424445271492,-0.008390424445271492,-0.23335175167633793,-2.856351751676237
2,2,0.0030251499265432358,0.0030251499265432358,-0.2303266017497947,-2.8533266017496937
2,2,0.0021430011838674545,0.0021430011838674545,-0.22818360056592724,-2.851183600565826
0,0,0.0007879953482188284,-0.0012120046517811716,-0.2273956052177084,-2.852395605217607
1,2,9.473520549363457e-6,-0.0019905264794506366,-0.22738613169715904,-2.8543861316970576
2,2,0.005788455251604319,0.005788455251604319,-0.22159767644555473,-2.8485976764454533
1,0,0.00031484669307246804,-0.001685153306927532,-0.22128282975248226,-2.8502828297523806
1,0,0.000099666285677813,0.000099666285677813,-0.22118316346680444,-2.8501831634667028
1,0,-0.000386674830224365,-0.000386674830224365,-0.2215698382970288,-2.850569838296927
0,0,0.0008896595099940896,0.0008896595099940896,-0.22068017878703472,-2.849680178786933
1,2,-0.0006920042214915156,-0.0026920042214915157,-0.22137218300852624,-2.8523721830084243
1,2,-0.00029962582630105317,-0.00029962582630105317,-0.2216718088348273,-2.8526718088347254
1,2,0.000016776386473793536,0.000016776386473793536,-0.2216550324483535,-2.8526550324482516
0,2,-0.0007269901689141989,-0.0007269901689141989,-0.2223820226172677,-2.853382022617166
1,0,-0.00021014826779719442,-0.0022101482677971945,-0.2225921708850649,-2.8555921708849628
0,2,-0.0008773967856541276,-0.0028773967856541276,-0.22346956767071902,-2.8584695676706167
0,1,-0.0,-0.001,-0.22346956767071902,-2.8594695676706166
2,2,0.0015323420520871878,0.0005323420520871877,-0.22193722561863183,-2.8589372256185293
1,0,-0.0001379468449158594,-0.0021379468449158594,-0.2220751724635477,-2.861075172463445
0,1,-0.0,-0.001,-0.2220751724635477,-2.862075172463445
2,1,0.0,0.0,-0.2220751724635477,-2.862075172463445
0,1,-0.0,-0.0,-0.2220751724635477,-2.862075172463445
2,2,0.0019630875904113054,0.0009630875904113054,-0.22011208487313638,-2.8611120848730334
1,0,-0.00034424688783474267,-0.0023442468878347427,-0.22045633176097112,-2.863456331760868
2,0,-0.0010726279579102993,-0.0010726279579102993,-0.22152895971888142,-2.864528959718778
0,0,0.002707440871745348,0.002707440871745348,-0.21882151884713608,-2.861821518847033
2,2,0.0004406509397085756,-0.0015593490602914244,-0.2183808679074275,-2.863380867907324
2,2,0.0007443962385877967,0.0007443962385877967,-0.2176364716688397,-2.8626364716687362
0,2,-0.001435300800949335,-0.001435300800949335,-0.21907177246978904,-2.8640717724696856
2,1,0.0,-0.001,-0.21907177246978904,-2.8650717724696855
0,0,0.0007891709683462977,-0.00021082903165370228,-0.21828260150144274,-2.865282601501339
0,1,-0.0,-0.001,-0.21828260150144274,-2.866282601501339
1,1,-0.0,-0.0,-0.21828260150144274,-2.866282601501339
1,2,-0.0003710706951096654,-0.0013710706951096654,-0.2186536721965524,-2.8676536721964485
0,2,-0.0015316762728616595,-0.0015316762728616595,-0.22018534846941407,-2.86918534846931
2,2,0.0005801391671411693,0.0005801391671411693,-0.2196052093022729,-2.868605209302169
2,2,0.001874439069069922,0.001874439069069922,-0.21773077023320297,-2.866730770233099
0,0,0.001099445391446352,-0.000900554608553648,-0.21663132484175662,-2.8676313248416525
2,1,0.0,-0.001,-0.21663132484175662,-2.8686313248416524
1,0,0.0001798697339836508,-0.0008201302660163492,-0.21645145510777297,-2.8694514551076686
0,2,-0.0015053654788061976,-0.0035053654788061977,-0.21795682058657917,-2.8729568205864746
2,2,0.0016366987256333232,0.0016366987256333232,-0.21632012186094585,-2.8713201218608413
2,0,-0.0009639837080612779,-0.002963983708061278,-0.21728410556900712,-2.8742841055689023
0,0,0.0009983389172703028,0.0009983389172703028,-0.21628576665173682,-2.873285766651632
1,0,0.0001323885953752324,0.0001323885953752324,-0.2161533780563616,-2.873153378056257
0,0,0.0005760944331996143,0.0005760944331996143,-0.21557728362316197,-2.872577283623057
2,2,0.000352885399479419,-0.001647114600520581,-0.21522439822368256,-2.8742243982235776
0,2,-0.0020097573287785053,-0.0020097573287785053,-0.21723415555246106,-2.876234155552356
2,2,0.0017202681628987193,0.0017202681628987193,-0.21551388738956234,-2.8745138873894573
2,2,0.0005262531922198832,0.0005262531922198832,-0.21498763419734246,-2.8739876341972375
2,0,-0.0011027931468561292,-0.003102793146856129,-0.2160904273441986,-2.8770904273440934
2,0,-0.001732857315801084,-0.001732857315801084,-0.21782328465999967,-2.8788232846598945
0,0,0.0006142943166196346,0.0006142943166196346,-0.21720899034338004,-2.878208990343275
0,0,0.0008074049255810678,0.0008074049255810678,-0.21640158541779897,-2.8774015854176938
2,2,0.0013257176615297794,-0.0006742823384702206,-0.2150758677562692,-2.8780758677561638
2,0,-0.0007140872767195106,-0.0027140872767195106,-0.2157899550329887,-2.880789955032883
0,0,0.019300203770399094,0.019300203770399094,-0.1964897512625896,-2.861489751262484
0,2,-0.01032414473593235,-0.01232414473593235,-0.20681389599852196,-2.873813895998416
1,2,-0.0013423807686194777,-0.0013423807686194777,-0.20815627676714143,-2.8751562767670356
1,2,-0.0002144167519873008,-0.0002144167519873008,-0.20837069351912874,-2.875370693519023
1,0,-0.0013310167705640197,-0.0033310167705640197,-0.20970171028969276,-2.8787017102895867
1,0,0.0002707236271817237,0.0002707236271817237,-0.20943098666251103,-2.878430986662405
0,0,0.0016549596330150962,0.0016549596330150962,-0.20777602702949594,-2.87677602702939
1,2,0.0007725761388428509,-0.0012274238611571491,-0.20700345089065308,-2.8780034508905468
2,2,0.002786574885249138,0.002786574885249138,-0.20421687600540395,-2.8752168760052976
2,1,0.0,-0.001,-0.20421687600540395,-2.8762168760052975
0,1,-0.0,-0.0,-0.20421687600540395,-2.8762168760052975
1,1,0.0,0.0,-0.20421687600540395,-2.8762168760052975
1,1,0.0,0.0,-0.20421687600540395,-2.8762168760052975
1,1,-0.0,-0.0,-0.20421687600540395,-2.8762168760052975
1,1,-0.0,-0.0,-0.20421687600540395,-2.8762168760052975
0,1,-0.0,-0.0,-0.20421687600540395,-2.8762168760052975
2,1,0.0,0.0,-0.20421687600540395,-2.8762168760052975
2,1,0.0,0.0,-0.20421687600540395,-2.8762168760052975
1,1,-0.0,-0.0,-0.20421687600540395,-2.8762168760052975
0,1,-0.0,-0.0,-0.20421687600540395,-2.8762168760052975
1,1,0.0,0.0,-0.20421687600540395,-2.8762168760052975
1,1,0.0,0.0,-0.20421687600540395,-2.8762168760052975
0,1,-0.0,-0.0,-0.20421687600540395,-2.8762168760052975
0,2,-0.004716739524155855,-0.005716739524155855,-0.2089336155295598,-2.8819336155294533
2,2,0.0007043319055810571,0.0007043319055810571,-0.20822928362397874,-2.881229283623872
2,2,0.000937691074796021,0.000937691074796021,-0.20729159254918272,-2.880291592549076
1,2,-0.000015315390555770136,-0.000015315390555770136,-0.2073069079397385,-2.880306907939632
0,2,-0.001773857045918703,-0.001773857045918703,-0.2090807649856572,-2.8820807649855507
0,2,-0.0012675481848418713,-0.0012675481848418713,-0.21034831317049907,-2.8833483131703925
0,2,-0.004035940393805504,-0.004035940393805504,-0.21438425356430457,-2.887384253564198
0,2,-0.004773678258061409,-0.004773678258061409,-0.21915793182236598,-2.8921579318222594
0,2,-0.007605450693517923,-0.007605450693517923,-0.2267633825158839,-2.8997633825157774
2,2,0.002723660785704851,0.002723660785704851,-0.22403972173017905,-2.8970397217300725
1,2,-0.0006800005212426186,-0.0006800005212426186,-0.22471972225142167,-2.897719722251315
0,2,-0.0008756411843933165,-0.0008756411843933165,-0.225595363435815,-2.8985953634357084
2,2,0.0025597659405320883,0.0025597659405320883,-0.2230355974952829,-2.8960355974951764
1,0,0.0005544457235373557,-0.0014455542764626444,-0.22248115177174554,-2.897481151771639
1,2,0.0006720026140101254,-0.0013279973859898746,-0.22180914915773542,-2.8988091491576284
0,2,-0.0035275653935968876,-0.0035275653935968876,-0.2253367145513323,-2.9023367145512253
0,2,-0.004713546019047499,-0.004713546019047499,-0.2300502605703798,-2.907050260570273
2,2,0.0016974213067442179,0.0016974213067442179,-0.2283528392636356,-2.9053528392635286
0,2,-0.005744430236518383,-0.005744430236518383,-0.23409726950015397,-2.911097269500047
0,2,-0.004335317295044661,-0.004335317295044661,-0.23843258679519863,-2.9154325867950917
0,2,-0.0030618656892329454,-0.0030618656892329454,-0.24149445248443158,-2.9184944524843246
2,2,0.0025081089697778225,0.0025081089697778225,-0.23898634351465375,-2.9159863435145468
1,2,0.00009171973215416074,0.00009171973215416074,-0.2388946237824996,-2.9158946237823926
0,2,-0.0028790824580937624,-0.0028790824580937624,-0.24177370624059336,-2.9187737062404864
0,2,-0.010864268988370895,-0.010864268988370895,-0.25263797522896425,-2.9296379752288573
1,2,-0.0009214588208124042,-0.0009214588208124042,-0.25355943404977666,-2.9305594340496697
2,2,0.005732305813580751,0.005732305813580751,-0.2478271282361959,-2.924827128236089
1,0,-0.0009541636100038886,-0.0029541636100038886,-0.2487812918461998,-2.9277812918460926
1,2,0.00031066525843925774,-0.0016893347415607423,-0.24847062658776053,-2.929470626587653
2,2,0.004300298634916544,0.004300298634916544,-0.244170327952844,-2.9251703279527366
1,1,0.0,-0.001,-0.244170327952844,-2.9261703279527365
2,2,0.005587004590779543,0.004587004590779543,-0.23858332336206445,-2.921583323361957
0,1,-0.0,-0.001,-0.23858332336206445,-2.9225833233619567
0,1,-0.0,-0.0,-0.23858332336206445,-2.9225833233619567
1,2,-0.0001860868651419878,-0.0011860868651419878,-0.23876941022720644,-2.9237694102270986
1,2,-0.0009539585444144905,-0.0009539585444144905,-0.23972336877162093,-2.924723368771513
2,2,0.0015327319269999862,0.0015327319269999862,-0.23819063684462094,-2.923190636844513
0,2,-0.005156185477972031,-0.005156185477972031,-0.24334682232259297,-2.928346822322485
1,2,-0.0006047554779797792,-0.0006047554779797792,-0.24395157780057275,-2.928951577800465
1,2,-0.0007177766528911889,-0.0007177766528911889,-0.24466935445346394,-2.929669354453356
2,2,0.012694055214524269,0.012694055214524269,-0.23197529923893967,-2.916975299238832
2,0,-0.005359563045203686,-0.007359563045203686,-0.23733486228414336,-2.9243348622840353
0,0,0.03019660897552967,0.03019660897552967,-0.20713825330861368,-2.8941382533085056
2,2,0.0037597152404487133,0.0017597152404487133,-0.20337853806816497,-2.8923785380680567
2,2,0.006269795820116997,0.006269795820116997,-0.19710874224804797,-2.8861087422479397
2,1,0.0,-0.001,-0.19710874224804797,-2.8871087422479396
1,0,0.001567817060276866,0.0005678170602768659,-0.1955409251877711,-2.8865409251876626
1,1,0.0,-0.001,-0.1955409251877711,-2.8875409251876625
0,1,-0.0,-0.0,-0.1955409251877711,-2.8875409251876625
0,1,-0.0,-0.0,-0.1955409251877711,-2.8875409251876625
2,1,0.0,0.0,-0.1955409251877711,-2.8875409251876625
1,1,0.0,0.0,-0.1955409251877711,-2.8875409251876625
1,1,-0.0,-0.0,-0.1955409251877711,-2.8875409251876625
1,1,-0.0,-0.0,-0.1955409251877711,-2.8875409251876625
1,1,0.0,0.0,-0.1955409251877711,-2.8875409251876625
1,1,0.0,0.0,-0.1955409251877711,-2.8875409251876625
1,1,0.0,0.0,-0.1955409251877711,-2.8875409251876625
0,1,-0.0,-0.0,-0.1955409251877711,-2.8875409251876625
1,1,0.0,0.0,-0.1955409251877711,-2.8875409251876625
1,1,0.0,0.0,-0.1955409251877711,-2.8875409251876625
1,1,0.0,0.0,-0.1955409251877711,-2.8875409251876625
1,1,-0.0,-0.0,-0.1955409251877711,-2.8875409251876625
1,1,0.0,0.0,-0.1955409251877711,-2.8875409251876625
0,1,-0.0,-0.0,-0.1955409251877711,-2.8875409251876625
0,2,-0.00594512140378356,-0.00694512140378356,-0.20148604659155467,-2.894486046591446
1,2,-0.000994785805232823,-0.000994785805232823,-0.2024808323967875,-2.8954808323966787
1,2,0.0006071189418435097,0.0006071189418435097,-0.20187371345494398,-2.8948737134548352
2,2,0.005553639028221369,0.005553639028221369,-0.1963200744267226,-2.889320074426614
0,0,0.002415757393464446,0.000415757393464446,-0.19390431703325817,-2.888904317033149
2,2,0.004957359749823809,0.0029573597498238086,-0.18894695728343436,-2.885946957283325
0,0,0.004109441302716732,0.002109441302716732,-0.18483751598071763,-2.8838375159806082
0,2,-0.0015789266908541322,-0.0035789266908541322,-0.18641644267157176,-2.887416442671462
2,2,0.0008770788554102182,0.0008770788554102182,-0.18553936381616154,-2.886539363816052
2,2,0.002377553842961788,0.002377553842961788,-0.18316180997319975,-2.88416180997309
1,0,0.0004429313412401825,-0.0015570686587598175,-0.18271887863195957,-2.8857188786318497
2,2,0.004673711955547333,0.0026737119555473327,-0.17804516667641224,-2.883045166676302
0,0,0.0030723365489393473,0.0010723365489393472,-0.1749728301274729,-2.8819728301273626
2,2,0.002909991890192032,0.0009099918901920318,-0.17206283823728086,-2.8810628382371704
1,0,-0.00045183117617852986,-0.00245183117617853,-0.1725146694134594,-2.8835146694133487
0,0,0.003891163971275091,0.003891163971275091,-0.1686235054421843,-2.8796235054420736
0,1,-0.0,-0.001,-0.1686235054421843,-2.8806235054420735
1,2,0.0004452162829693407,-0.0005547837170306593,-0.16817828915921496,-2.881178289159104
0,2,-0.003669393016025424,-0.003669393016025424,-0.17184768217524038,-2.8848476821751294
0,2,-0.0027355921920388937,-0.0027355921920388937,-0.17458327436727927,-2.8875832743671683
1,2,0.000772591563872993,0.000772591563872993,-0.17381068280340628,-2.8868106828032953
2,2,0.0017502489499747753,0.0017502489499747753,-0.1720604338534315,-2.8850604338533206
1,2,0.0007323347381316125,0.0007323347381316125,-0.1713280991152999,-2.884328099115189
2,2,0.0009291304158978164,0.0009291304158978164,-0.17039896869940208,-2.883398968699291
0,2,-0.0037333955988287926,-0.0037333955988287926,-0.17413236429823087,-2.88713236429812
2,2,0.008320466615259647,0.008320466615259647,-0.16581189768297122,-2.8788118976828603
2,0,-0.0040385527536273,-0.0060385527536273,-0.16985045043659852,-2.8848504504364874
2,0,-0.0052582817152142525,-0.0052582817152142525,-0.17510873215181277,-2.8901087321517016
1,0,0.000767954858019948,0.000767954858019948,-0.17434077729379283,-2.8893407772936817
0,2,-0.0060678282752633095,-0.00806782827526331,-0.18040860556905614,-2.8974086055689448
0,2,-0.005338687915354967,-0.005338687915354967,-0.1857472934844111,-2.9027472934842997
0,2,-0.0017186120385304093,-0.0017186120385304093,-0.1874659055229415,-2.90446590552283
2,2,0.0030688177794218063,0.0030688177794218063,-0.1843970877435197,-2.9013970877434083
1,2,-0.00027172567206434906,-0.00027172567206434906,-0.18466881341558405,-2.9016688134154727
0,1,-0.0,-0.001,-0.18466881341558405,-2.9026688134154726
2,1,0.0,0.0,-0.18466881341558405,-2.9026688134154726
2,1,0.0,0.0,-0.18466881341558405,-2.9026688134154726
1,1,0.0,0.0,-0.18466881341558405,-2.9026688134154726
1,1,0.0,0.0,-0.18466881341558405,-2.9026688134154726
1,1,-0.0,-0.0,-0.18466881341558405,-2.9026688134154726
0,1,-0.0,-0.0,-0.18466881341558405,-2.9026688134154726
1,1,-0.0,-0.0,-0.18466881341558405,-2.9026688134154726
1,2,0.00045492834760807455,-0.0005450716523919255,-0.18421388506797598,-2.9032138850678644
1,1,-0.0,-0.001,-0.18421388506797598,-2.9042138850678643
1,1,0.0,0.0,-0.18421388506797598,-2.9042138850678643
1,1,-0.0,-0.0,-0.18421388506797598,-2.9042138850678643
1,2,-0.0006428735214285553,-0.0016428735214285553,-0.18485675858940454,-2.9058567585892927
0,1,-0.0,-0.001,-0.18485675858940454,-2.9068567585892926
2,2,0.0009150073165073991,-0.00008499268349260094,-0.18394175127289714,-2.906941751272785
0,2,-0.0019500268390402198,-0.0019500268390402198,-0.18589177811193736,-2.9088917781118253
1,2,0.0001594930508872494,0.0001594930508872494,-0.1857322850610501,-2.908732285060938
2,2,0.0013037750031799078,0.0013037750031799078,-0.1844285100578702,-2.907428510057758
1,0,0.0001260614226339385,-0.0018739385773660616,-0.18430244863523626,-2.909302448635124
0,2,-0.0007147230207920074,-0.0027147230207920075,-0.18501717165602827,-2.912017171655916
2,0,-0.0005444533308036625,-0.0025444533308036626,-0.18556162498683193,-2.9145616249867192
1,2,0.00007383929187199101,-0.001926160708128009,-0.18548778569495994,-2.916487785694847
2,1,0.0,-0.001,-0.18548778569495994,-2.917487785694847
0,0,0.0022911163978278637,0.0012911163978278637,-0.18319666929713208,-2.916196669297019
2,2,0.0010063822846859694,-0.0009936177153140307,-0.1821902870124461,-2.9171902870123327
0,0,0.0015560408355668187,-0.00044395916443318133,-0.1806342461768793,-2.9176342461767657
0,0,0.000418023468228057,0.000418023468228057,-0.18021622270865123,-2.9172162227085376
0,0,0.002006632974371314,0.002006632974371314,-0.17820958973427992,-2.9152095897341663
2,2,0.0005238040466792881,-0.001476195953320712,-0.17768578568760063,-2.916685785687487
1,2,-0.00018045160686597228,-0.00018045160686597228,-0.1778662372944666,-2.916866237294353
0,2,-0.0017943765269592404,-0.0017943765269592404,-0.17966061382142584,-2.918660613821312
0,0,0.0019310242496430874,-0.00006897575035691265,-0.17772958957178275,-2.9187295895716687
0,2,-0.0040684957057237625,-0.0060684957057237626,-0.18179808527750652,-2.9247980852773923
2,2,0.001113422797061503,0.001113422797061503,-0.180684662480445,-2.9236846624803308
2,2,0.0029496587812900543,0.0029496587812900543,-0.17773500369915496,-2.9207350036990407
0,0,0.0010081833461299539,-0.0009918166538700462,-0.176726820353025,-2.9217268203529105
2,2,0.002501324051991105,0.000501324051991105,-0.1742254963010339,-2.921225496300919
2,0,-0.0014518918469548225,-0.0034518918469548226,-0.17567738814798872,-2.924677388147874
0,0,0.0023745852522552013,0.0023745852522552013,-0.17330280289573352,-2.9223028028956186
0,0,0.002975900424644351,0.002975900424644351,-0.17032690247108917,-2.9193269024709743
0,2,-0.004183465614914894,-0.006183465614914894,-0.17451036808600406,-2.925510368085889
0,2,-0.0021036616526544094,-0.0021036616526544094,-0.17661402973865847,-2.9276140297385433
0,2,-0.0053865183144807816,-0.0053865183144807816,-0.18200054805313925,-2.933000548053024
0,2,-0.010635744780302048,-0.010635744780302048,-0.1926362928334413,-2.943636292833326
2,2,0.0018417587270960212,0.0018417587270960212,-0.19079453410634528,-2.94179453410623
0,2,-0.000994209200143814,-0.000994209200143814,-0.1917887433064891,-2.942788743306374
1,2,-0.0005443414556793869,-0.0005443414556793869,-0.19233308476216848,-2.9433330847620534
2,2,0.0017202901653945446,0.0017202901653945446,-0.19061279459677394,-2.941612794596659
2,2,0.002126492792740464,0.002126492792740464,-0.18848630180403347,-2.9394863018039183
2,0,-0.009668968617916107,-0.011668968617916107,-0.19815527042194958,-2.9511552704218342
0,0,0.001544544124044478,0.001544544124044478,-0.1966107262979051,-2.9496107262977898
0,0,0.00321804522536695,0.00321804522536695,-0.19339268107253815,-2.946392681072423
2,2,0.005199558101594448,0.003199558101594448,-0.1881931229709437,-2.943193122970828
1,2,0.0010133110918104649,0.0010133110918104649,-0.18717981187913324,-2.9421798118790177
1,1,0.0,-0.001,-0.18717981187913324,-2.9431798118790176
1,1,0.0,0.0,-0.18717981187913324,-2.9431798118790176
1,1,-0.0,-0.0,-0.18717981187913324,-2.9431798118790176
0,1,-0.0,-0.0,-0.18717981187913324,-2.9431798118790176
2,1,0.0,0.0,-0.18717981187913324,-2.9431798118790176
1,1,-0.0,-0.0,-0.18717981187913324,-2.9431798118790176
1,1,-0.0,-0.0,-0.18717981187913324,-2.9431798118790176
2,1,0.0,0.0,-0.18717981187913324,-2.9431798118790176
2,1,0.0,0.0,-0.18717981187913324,-2.9431798118790176
0,0,0.0061050294898450375,0.0051050294898450374,-0.1810747823892882,-2.9380747823891724
1,2,-0.0003928138758055866,-0.0023928138758055866,-0.1814675962650938,-2.940467596264978
2,2,0.0010681796120479703,0.0010681796120479703,-0.18039941665304582,-2.93939941665293
2,0,-0.007985081523656845,-0.009985081523656845,-0.18838449817670266,-2.9493844981765864
0,0,0.004427360370755196,0.004427360370755196,-0.18395713780594747,-2.9449571378058312
0,1,-0.0,-0.001,-0.18395713780594747,-2.945957137805831
2,1,0.0,0.0,-0.18395713780594747,-2.945957137805831
1,1,0.0,0.0,-0.18395713780594747,-2.945957137805831
2,1,0.0,0.0,-0.18395713780594747,-2.945957137805831
1,1,0.0,0.0,-0.18395713780594747,-2.945957137805831
2,1,0.0,0.0,-0.18395713780594747,-2.945957137805831
2,0,-0.0031681896653026342,-0.004168189665302634,-0.1871253274712501,-2.9501253274711337
1,0,0.0004909367999061942,0.0004909367999061942,-0.1866343906713439,-2.9496343906712275
0,0,0.002350148744881153,0.002350148744881153,-0.18428424192646276,-2.9472842419263463
0,0,0.001392712234519422,0.001392712234519422,-0.18289152969194333,-2.945891529691827
0,2,-0.001398616936057806,-0.003398616936057806,-0.18429014662800114,-2.9492901466278845
1,2,-0.0001388031232636422,-0.0001388031232636422,-0.18442894975126478,-2.949428949751148
0,2,-0.0016951553989201784,-0.0016951553989201784,-0.18612410515018496,-2.9511241051500683
0,2,-0.0032262189779430628,-0.0032262189779430628,-0.18935032412812802,-2.9543503241280114
0,2,-0.001141778309829533,-0.001141778309829533,-0.19049210243795756,-2.955492102437841
2,2,0.0023462390527129173,0.0023462390527129173,-0.18814586338524464,-2.953145863385128
1,2,-0.00006568939716089517,-0.00006568939716089517,-0.18821155278240553,-2.953211552782289
1,2,-0.00005466868606163189,-0.00005466868606163189,-0.18826622146846717,-2.9532662214683505
0,2,-0.00269884429872036,-0.00269884429872036,-0.19096506576718753,-2.955965065767071
2,2,0.00344087858684361,0.00344087858684361,-0.18752418718034392,-2.9525241871802272
2,2,0.006723481230437756,0.006723481230437756,-0.18080070594990616,-2.9458007059497895
0,0,0.012428473681211472,0.010428473681211472,-0.1683722322686947,-2.935372232268578
2,2,0.008399789221584797,0.006399789221584797,-0.1599724430471099,-2.928972443046993
2,2,0.001400388777256012,0.001400388777256012,-0.15857205426985388,-2.9275720542697368
2,0,-0.011106555350124836,-0.013106555350124836,-0.16967860961997872,-2.9406786096198614
0,0,0.003526496235281229,0.003526496235281229,-0.1661521133846975,-2.93715211338458
2,0,-0.001818813499994576,-0.001818813499994576,-0.16797092688469206,-2.9389709268845747
1,1,0.0,-0.001,-0.16797092688469206,-2.9399709268845746
2,1,0.0,0.0,-0.16797092688469206,-2.9399709268845746
1,1,-0.0,-0.0,-0.16797092688469206,-2.9399709268845746
1,1,-0.0,-0.0,-0.16797092688469206,-2.9399709268845746
0,1,-0.0,-0.0,-0.16797092688469206,-2.9399709268845746
0,1,-0.0,-0.0,-0.16797092688469206,-2.9399709268845746
1,1,0.0,0.0,-0.16797092688469206,-2.9399709268845746
2,1,0.0,0.0,-0.16797092688469206,-2.9399709268845746
0,1,-0.0,-0.0,-0.16797092688469206,-2.9399709268845746
0,1,-0.0,-0.0,-0.16797092688469206,-2.9399709268845746
2,1,0.0,0.0,-0.16797092688469206,-2.9399709268845746
0,0,0.0018268884159624577,0.0008268884159624576,-0.1661440384687296,-2.939144038468612
2,2,0.007535313256084919,0.005535313256084919,-0.15860872521264469,-2.933608725212527
1,0,0.0009030497167259455,-0.0010969502832740546,-0.15770567549591874,-2.9347056754958007
2,0,-0.0028761241119354963,-0.0028761241119354963,-0.16058179960785424,-2.9375817996077362
0,0,0.007123191840946674,0.007123191840946674,-0.15345860776690756,-2.9304586077667896
0,2,-0.0015367100713774562,-0.0035367100713774562,-0.15499531783828502,-2.933995317838167
2,2,0.0016749551286920905,0.0016749551286920905,-0.15332036270959293,-2.9323203627094747
2,2,0.006009154487401247,0.006009154487401247,-0.14731120822219168,-2.9263112082220735
0,0,0.006940306629985571,0.004940306629985571,-0.1403709015922061,-2.9213709015920877
0,2,-0.0016055990708991885,-0.0036055990708991886,-0.1419765006631053,-2.9249765006629866
0,2,-0.0030464944429695606,-0.0030464944429695606,-0.14502299510607486,-2.928022995105956
2,2,0.003153756260871887,0.003153756260871887,-0.14186923884520297,-2.9248692388450843
1,2,-0.00017918628873303533,-0.00017918628873303533,-0.142048425133936,-2.9250484251338174
1,1,-0.0,-0.001,-0.142048425133936,-2.9260484251338172
0,1,-0.0,-0.0,-0.142048425133936,-2.9260484251338172
0,2,-0.0060799927450716496,-0.00707999274507165,-0.14812841787900766,-2.933128417878889
0,2,-0.00789191760122776,-0.00789191760122776,-0.15602033548023542,-2.9410203354801165
2,2,0.0016668492462486029,0.0016668492462486029,-0.15435348623398681,-2.939353486233868
2,2,0.0029652640223503113,0.0029652640223503113,-0.1513882222116365,-2.9363882222115176
0,1,-0.0,-0.001,-0.1513882222116365,-2.9373882222115175
2,2,0.0015048792120069265,0.0005048792120069265,-0.14988334299962958,-2.9368833429995105
1,1,0.0,-0.001,-0.14988334299962958,-2.9378833429995104
0,1,-0.0,-0.0,-0.14988334299962958,-2.9378833429995104
0,2,-0.001956737833097577,-0.002956737833097577,-0.15184008083272715,-2.940840080832608
1,2,0.0006193183944560587,0.0006193183944560587,-0.1512207624382711,-2.940220762438152
0,2,-0.0011372470762580633,-0.0011372470762580633,-0.15235800951452916,-2.94135800951441
2,2,0.0031222798861563206,0.0031222798861563206,-0.14923572962837284,-2.9382357296282535
1,0,0.000775710039306432,-0.001224289960693568,-0.1484600195890664,-2.939460019588947
0,2,-0.011863920837640762,-0.013863920837640762,-0.16032394042670717,-2.9533239404265874
0,2,-0.024198902770876884,-0.024198902770876884,-0.18452284319758405,-2.9775228431974643
2,2,0.003947972785681486,0.003947972785681486,-0.18057487041190257,-2.973574870411783
0,0,0.011895735748112202,0.009895735748112202,-0.16867913466379036,-2.9636791346636704
0,2,-0.009355572983622551,-0.011355572983622551,-0.17803470764741292,-2.9750347076472927
2,2,0.006389570888131857,0.006389570888131857,-0.17164513675928106,-2.968645136759161
2,2,0.0024347773287445307,0.0024347773287445307,-0.16921035943053653,-2.9662103594304163
2,2,0.0036701904609799385,0.0036701904609799385,-0.1655401689695566,-2.9625401689694364
1,1,0.0,-0.001,-0.1655401689695566,-2.9635401689694363
1,1,0.0,0.0,-0.1655401689695566,-2.9635401689694363
0,1,-0.0,-0.0,-0.1655401689695566,-2.9635401689694363
0,1,-0.0,-0.0,-0.1655401689695566,-2.9635401689694363
0,2,-0.003682621754705906,-0.004682621754705906,-0.1692227907242625,-2.968222790724142
2,2,0.006206595338881016,0.006206595338881016,-0.16301619538538148,-2.962016195385261
2,1,0.0,-0.001,-0.16301619538538148,-2.963016195385261
1,1,-0.0,-0.0,-0.16301619538538148,-2.963016195385261
0,2,-0.0037625182885676622,-0.004762518288567662,-0.16677871367394914,-2.9677787136738285
2,2,0.0025894134305417538,0.0025894134305417538,-0.1641893002434074,-2.9651893002432868
1,2,-0.0017557700630277395,-0.0017557700630277395,-0.16594507030643513,-2.9669450703063145
0,1,-0.0,-0.001,-0.16594507030643513,-2.9679450703063144
2,2,0.005692590493708849,0.004692590493708849,-0.16025247981272628,-2.9632524798126054
2,1,0.0,-0.001,-0.16025247981272628,-2.9642524798126053
0,1,-0.0,-0.0,-0.16025247981272628,-2.9642524798126053
1,1,-0.0,-0.0,-0.16025247981272628,-2.9642524798126053
2,1,0.0,0.0,-0.16025247981272628,-2.9642524798126053
0,1,-0.0,-0.0,-0.16025247981272628,-2.9642524798126053
2,2,0.003192863194271922,0.002192863194271922,-0.15705961661845436,-2.9620596166183333
0,1,-0.0,-0.001,-0.15705961661845436,-2.963059616618333
2,2,0.011840183287858963,0.010840183287858962,-0.1452194333305954,-2.952219433330474
2,0,-0.0037087793461978436,-0.005708779346197844,-0.14892821267679324,-2.9579282126766717
0,0,0.004004184156656265,0.004004184156656265,-0.14492402852013697,-2.9539240285200155
2,1,0.0,-0.001,-0.14492402852013697,-2.9549240285200153
1,1,-0.0,-0.0,-0.14492402852013697,-2.9549240285200153
1,1,0.0,0.0,-0.14492402852013697,-2.9549240285200153
0,1,-0.0,-0.0,-0.14492402852013697,-2.9549240285200153
1,1,-0.0,-0.0,-0.14492402852013697,-2.9549240285200153
2,1,0.0,0.0,-0.14492402852013697,-2.9549240285200153
0,1,-0.0,-0.0,-0.14492402852013697,-2.9549240285200153
1,2,-0.00035996755468659103,-0.001359967554686591,-0.14528399607482356,-2.956283996074702
1,2,0.00009000403952086344,0.00009000403952086344,-0.1451939920353027,-2.956193992035181
0,2,-0.0025499146431684494,-0.0025499146431684494,-0.14774390667847115,-2.9587439066783494
0,1,-0.0,-0.001,-0.14774390667847115,-2.9597439066783493
0,2,-0.005674453917890787,-0.006674453917890787,-0.15341836059636194,-2.96641836059624
1,2,0.00042158301221206784,0.00042158301221206784,-0.15299677758414987,-2.965996777584028
1,2,0.0006122604827396572,0.0006122604827396572,-0.1523845171014102,-2.9653845171012883
0,2,-0.001684920396655798,-0.001684920396655798,-0.154069437498066,-2.967069437497944
0,2,-0.003112523816525936,-0.003112523816525936,-0.15718196131459194,-2.97018196131447
1,2,0.00007237359386635944,0.00007237359386635944,-0.15710958772072559,-2.9701095877206036
0,2,-0.015683922916650772,-0.015683922916650772,-0.17279351063737636,-2.9857935106372544
0,2,-0.0021850070916116238,-0.0021850070916116238,-0.17497851772898798,-2.987978517728866
0,2,-0.011593205854296684,-0.011593205854296684,-0.18657172358328467,-2.9995717235831627
0,2,-0.018475091084837914,-0.018475091084837914,-0.20504681466812258,-3.0180468146680006
0,2,-0.010903408750891685,-0.010903408750891685,-0.21595022341901426,-3.0289502234188923
0,2,-0.003702077316120267,-0.003702077316120267,-0.21965230073513453,-3.0326523007350126
2,2,0.0031977109611034393,0.0031977109611034393,-0.2164545897740311,-3.029454589773909
2,2,0.0037490359973162413,0.0037490359973162413,-0.21270555377671485,-3.025705553776593
1,0,0.0017492171609774232,-0.00025078283902257685,-0.21095633661573743,-3.0259563366156152
2,2,0.007468918804079294,0.005468918804079294,-0.20348741781165813,-3.0204874178115357
2,1,0.0,-0.001,-0.20348741781165813,-3.0214874178115356
0,2,-0.004702155012637377,-0.005702155012637377,-0.2081895728242955,-3.027189572824173
2,2,0.004673004616051912,0.004673004616051912,-0.2035165682082436,-3.022516568208121
1,1,-0.0,-0.001,-0.2035165682082436,-3.023516568208121
1,1,0.0,0.0,-0.2035165682082436,-3.023516568208121
0,1,-0.0,-0.0,-0.2035165682082436,-3.023516568208121
0,1,-0.0,-0.0,-0.2035165682082436,-3.023516568208121
1,2,0.0005490191397257149,-0.0004509808602742851,-0.20296754906851788,-3.023967549068395
2,2,0.0033262211363762617,0.0033262211363762617,-0.19964132793214162,-3.020641327932019
2,1,0.0,-0.001,-0.19964132793214162,-3.0216413279320187
0,1,-0.0,-0.0,-0.19964132793214162,-3.0216413279320187
2,1,0.0,0.0,-0.19964132793214162,-3.0216413279320187
0,1,-0.0,-0.0,-0.19964132793214162,-3.0216413279320187
1,1,-0.0,-0.0,-0.19964132793214162,-3.0216413279320187
1,2,-0.001359368092380464,-0.002359368092380464,-0.20100069602452209,-3.024000696024399
0,2,-0.007929464802145958,-0.007929464802145958,-0.20893016082666804,-3.031930160826545
1,2,-0.0012719217920675874,-0.0012719217920675874,-0.21020208261873563,-3.0332020826186126
2,2,0.0032279060687869787,0.0032279060687869787,-0.20697417654994865,-3.0299741765498256
2,2,0.003645784454420209,0.003645784454420209,-0.20332839209552844,-3.0263283920954054
0,2,-0.011011420749127865,-0.011011420749127865,-0.2143398128446563,-3.0373398128445332
1,2,-0.0009300106321461499,-0.0009300106321461499,-0.21526982347680246,-3.0382698234766794
0,2,-0.007511764764785767,-0.007511764764785767,-0.22278158824158822,-3.045781588241465
2,2,0.009407039731740952,0.009407039731740952,-0.21337454850984727,-3.036374548509724
0,0,0.0036455041263252497,0.0016455041263252496,-0.20972904438352202,-3.0347290443833987
2,2,0.009110205806791782,0.007110205806791782,-0.20061883857673024,-3.0276188385766067
0,0,0.001981294946745038,-0.00001870505325496201,-0.1986375436299852,-3.0276375436298615
0,2,-0.013346081599593163,-0.015346081599593163,-0.21198362522957837,-3.0429836252294544
0,2,-0.0025943804066628218,-0.0025943804066628218,-0.2145780056362412,-3.0455780056361172
0,2,-0.005241322331130505,-0.005241322331130505,-0.2198193279673717,-3.0508193279672478
0,2,-0.00517913606017828,-0.00517913606017828,-0.22499846402754997,-3.055998464027426
2,2,0.013774768449366093,0.013774768449366093,-0.21122369557818388,-3.04222369557806
1,1,0.0,-0.001,-0.21122369557818388,-3.04322369557806
2,1,0.0,0.0,-0.21122369557818388,-3.04322369557806
2,1,0.0,0.0,-0.21122369557818388,-3.04322369557806
0,1,-0.0,-0.0,-0.21122369557818388,-3.04322369557806
2,1,0.0,0.0,-0.21122369557818388,-3.04322369557806
2,1,0.0,0.0,-0.21122369557818388,-3.04322369557806
2,1,0.0,0.0,-0.21122369557818388,-3.04322369557806
0,1,-0.0,-0.0,-0.21122369557818388,-3.04322369557806
2,1,0.0,0.0,-0.21122369557818388,-3.04322369557806
0,1,-0.0,-0.0,-0.21122369557818388,-3.04322369557806
2,1,0.0,0.0,-0.21122369557818388,-3.04322369557806
0,1,-0.0,-0.0,-0.21122369557818388,-3.04322369557806
0,1,-0.0,-0.0,-0.21122369557818388,-3.04322369557806
0,1,-0.0,-0.0,-0.21122369557818388,-3.04322369557806
2,1,0.0,0.0,-0.21122369557818388,-3.04322369557806
2,1,0.0,0.0,-0.21122369557818388,-3.04322369557806
1,1,-0.0,-0.0,-0.21122369557818388,-3.04322369557806
2,1,0.0,0.0,-0.21122369557818388,-3.04322369557806
1,1,-0.0,-0.0,-0.21122369557818388,-3.04322369557806
0,1,-0.0,-0.0,-0.21122369557818388,-3.04322369557806
2,2,0.012076053768396378,0.011076053768396377,-0.1991476418097875,-3.0321476418096633
1,0,-0.0005721296183764935,-0.0025721296183764935,-0.199719771428164,-3.0347197714280396
0,1,-0.0,-0.001,-0.199719771428164,-3.0357197714280395
2,1,0.0,0.0,-0.199719771428164,-3.0357197714280395
2,1,0.0,0.0,-0.199719771428164,-3.0357197714280395
1,1,-0.0,-0.0,-0.199719771428164,-3.0357197714280395
0,1,-0.0,-0.0,-0.199719771428164,-3.0357197714280395
0,1,-0.0,-0.0,-0.199719771428164,-3.0357197714280395
1,2,-0.00052317586960271,-0.00152317586960271,-0.2002429472977667,-3.037242947297642
2,2,0.00320645235478878,0.00320645235478878,-0.19703649494297792,-3.0340364949428533
1,1,-0.0,-0.001,-0.19703649494297792,-3.035036494942853
0,2,-0.014230038970708847,-0.015230038970708848,-0.21126653391368677,-3.050266533913562
2,2,0.011988667771220207,0.011988667771220207,-0.19927786614246656,-3.0382778661423417
0,0,0.021269015967845917,0.019269015967845915,-0.17800885017462065,-3.0190088501744956
0,2,-0.020770229399204254,-0.022770229399204256,-0.1987790795738249,-3.0417790795736996
0,2,-0.024001164361834526,-0.024001164361834526,-0.22278024393565943,-3.065780243935534
2,2,0.02425755374133587,0.02425755374133587,-0.19852269019432356,-3.0415226901941983
2,1,0.0,-0.001,-0.19852269019432356,-3.042522690194198
1,1,-0.0,-0.0,-0.19852269019432356,-3.042522690194198
0,1,-0.0,-0.0,-0.19852269019432356,-3.042522690194198
1,1,0.0,0.0,-0.19852269019432356,-3.042522690194198
1,2,0.0018548131920397282,0.0008548131920397281,-0.19666787700228383,-3.0416678770021583
2,1,0.0,-0.001,-0.19666787700228383,-3.0426678770021582
0,1,-0.0,-0.0,-0.19666787700228383,-3.0426678770021582
2,1,0.0,0.0,-0.19666787700228383,-3.0426678770021582
1,1,-0.0,-0.0,-0.19666787700228383,-3.0426678770021582
1,1,-0.0,-0.0,-0.19666787700228383,-3.0426678770021582
2,1,0.0,0.0,-0.19666787700228383,-3.0426678770021582
1,1,-0.0,-0.0,-0.19666787700228383,-3.0426678770021582
1,1,0.0,0.0,-0.19666787700228383,-3.0426678770021582
0,1,-0.0,-0.0,-0.19666787700228383,-3.0426678770021582
1,1,0.0,0.0,-0.19666787700228383,-3.0426678770021582
0,1,-0.0,-0.0,-0.19666787700228383,-3.0426678770021582
1,1,0.0,0.0,-0.19666787700228383,-3.0426678770021582
0,1,-0.0,-0.0,-0.19666787700228383,-3.0426678770021582
0,2,-0.006801363546401262,-0.007801363546401262,-0.2034692405486851,-3.0504692405485594
0,2,-0.003005742095410824,-0.003005742095410824,-0.20647498264409592,-3.05347498264397
0,2,-0.006771927699446678,-0.006771927699446678,-0.2132469103435426,-3.060246910343417
0,2,-0.01449878141283989,-0.01449878141283989,-0.22774569175638248,-3.074745691756257
2,2,0.011642160825431347,0.011642160825431347,-0.21610353093095114,-3.0631035309308254
2,2,0.006750382483005524,0.006750382483005524,-0.20935314844794561,-3.05635314844782
0,1,-0.0,-0.001,-0.20935314844794561,-3.05735314844782
0,2,-0.009791332297027111,-0.010791332297027112,-0.21914448074497273,-3.068144480744847
0,2,-0.00353108998388052,-0.00353108998388052,-0.22267557072885324,-3.0716755707287273
2,2,0.008543781004846096,0.008543781004846096,-0.21413178972400715,-3.0631317897238812
0,1,-0.0,-0.001,-0.21413178972400715,-3.064131789723881
0,2,-0.0061499569565057755,-0.0071499569565057755,-0.22028174668051292,-3.071281746680387
0,2,-0.013439859263598919,-0.013439859263598919,-0.23372160594411184,-3.0847216059439857
0,2,-0.003240733640268445,-0.003240733640268445,-0.2369623395843803,-3.087962339584254
0,2,-0.004717014729976654,-0.004717014729976654,-0.24167935431435694,-3.092679354314231
1,2,-0.002194028813391924,-0.002194028813391924,-0.24387338312774887,-3.0948733831276227
2,2,0.003088419558480382,0.003088419558480382,-0.24078496356926848,-3.0917849635691423
0,0,0.0027473343070596457,0.0007473343070596456,-0.23803762926220884,-3.0910376292620825
2,2,0.004204732831567526,0.002204732831567526,-0.2338328964306413,-3.0888328964305147
2,2,0.006942421663552523,0.006942421663552523,-0.2268904747670888,-3.081890474766962
0,1,-0.0,-0.001,-0.2268904747670888,-3.082890474766962
0,2,-0.007646920159459114,-0.008646920159459115,-0.2345373949265479,-3.091537394926421
0,2,-0.010791778564453125,-0.010791778564453125,-0.24532917349100103,-3.1023291734908742
1,2,0.0018006142927333713,0.0018006142927333713,-0.24352855919826766,-3.100528559198141
0,2,-0.004086172208189964,-0.004086172208189964,-0.24761473140645762,-3.104614731406331
0,2,-0.027989793568849564,-0.027989793568849564,-0.2756045249753072,-3.1326045249751804
2,2,0.0118730952963233,0.0118730952963233,-0.2637314296789839,-3.120731429678857
0,2,-0.03143491595983505,-0.03143491595983505,-0.29516634563881894,-3.152166345638692
1,2,0.002494706306606531,0.002494706306606531,-0.2926716393322124,-3.1496716393320856
0,2,-0.016432680189609528,-0.016432680189609528,-0.30910431952182194,-3.166104319521695
0,2,-0.023094095289707184,-0.023094095289707184,-0.3321984148115291,-3.1891984148114023
0,2,-0.008856414817273617,-0.008856414817273617,-0.34105482962880274,-3.198054829628676
2,2,0.010927003808319569,0.010927003808319569,-0.33012782582048317,-3.1871278258203564
0,0,0.015739450231194496,0.013739450231194496,-0.31438837558928867,-3.1733883755891616
2,2,0.009484861046075821,0.007484861046075821,-0.30490351454321285,-3.1659035145430856
2,0,-0.03413883224129677,-0.03613883224129677,-0.3390423467845096,-3.202042346784382
0,1,-0.0,-0.001,-0.3390423467845096,-3.203042346784382
0,2,-0.01272516418248415,-0.01372516418248415,-0.35176751096699377,-3.216767510966866
2,2,0.011427817866206169,0.011427817866206169,-0.3403396931007876,-3.20533969310066
2,1,0.0,-0.001,-0.3403396931007876,-3.20633969310066
0,1,-0.0,-0.0,-0.3403396931007876,-3.20633969310066
1,1,-0.0,-0.0,-0.3403396931007876,-3.20633969310066
1,1,0.0,0.0,-0.3403396931007876,-3.20633969310066
2,1,0.0,0.0,-0.3403396931007876,-3.20633969310066
1,1,0.0,0.0,-0.3403396931007876,-3.20633969310066
2,1,0.0,0.0,-0.3403396931007876,-3.20633969310066
1,1,-0.0,-0.0,-0.3403396931007876,-3.20633969310066
2,1,0.0,0.0,-0.3403396931007876,-3.20633969310066
2,1,0.0,0.0,-0.3403396931007876,-3.20633969310066
2,1,0.0,0.0,-0.3403396931007876,-3.20633969310066
2,1,0.0,0.0,-0.3403396931007876,-3.20633969310066
2,0,-0.011364403180778027,-0.012364403180778027,-0.3517040962815656,-3.2187040962814377
0,0,0.013902572914958,0.013902572914958,-0.3378015233666076,-3.2048015233664797
2,2,0.013590596616268158,0.011590596616268158,-0.32421092675033947,-3.1932109267502113
0,0,0.010393353179097176,0.008393353179097176,-0.3138175735712423,-3.184817573571114
2,1,0.0,-0.001,-0.3138175735712423,-3.185817573571114
2,1,0.0,0.0,-0.3138175735712423,-3.185817573571114
0,0,0.010909348726272583,0.009909348726272582,-0.3029082248449697,-3.175908224844841
0,1,-0.0,-0.001,-0.3029082248449697,-3.176908224844841
2,0,-0.007313169073313475,-0.008313169073313476,-0.3102213939182832,-3.1852213939181544
1,0,0.0015638398472219706,0.0015638398472219706,-0.3086575540710612,-3.1836575540709324
2,1,0.0,-0.001,-0.3086575540710612,-3.1846575540709323
1,0,0.002129481639713049,0.001129481639713049,-0.30652807243134816,-3.183528072431219
0,0,0.008609030395746231,0.008609030395746231,-0.29791904203560193,-3.174919042035473
0,0,0.02003721334040165,0.02003721334040165,-0.2778818286952003,-3.1548818286950713
0,2,-0.009974158369004726,-0.011974158369004726,-0.287855987064205,-3.166855987064076
2,2,0.005972540471702814,0.005972540471702814,-0.2818834465925022,-3.160883446592373
0,1,-0.0,-0.001,-0.2818834465925022,-3.161883446592373
1,0,0.0022214853670448065,0.0012214853670448065,-0.2796619612254574,-3.160661961225328
1,0,0.00021109204681124538,0.00021109204681124538,-0.27945086917864614,-3.1604508691785167
2,0,-0.015363049693405628,-0.015363049693405628,-0.2948139188720518,-3.1758139188719223
1,0,-0.0009991388069465756,-0.0009991388069465756,-0.29581305767899835,-3.176813057678869
0,0,0.006504888646304607,0.006504888646304607,-0.28930816903269374,-3.1703081690325643
2,2,0.0073370314203202724,0.005337031420320272,-0.28197113761237347,-3.164971137612244
0,1,-0.0,-0.001,-0.28197113761237347,-3.1659711376122437
2,2,0.003353702137246728,0.002353702137246728,-0.27861743547512674,-3.163617435474997
2,1,0.0,-0.001,-0.27861743547512674,-3.1646174354749967
1,1,-0.0,-0.0,-0.27861743547512674,-3.1646174354749967
2,1,0.0,0.0,-0.27861743547512674,-3.1646174354749967
1,1,-0.0,-0.0,-0.27861743547512674,-3.1646174354749967
1,1,-0.0,-0.0,-0.27861743547512674,-3.1646174354749967
1,1,-0.0,-0.0,-0.27861743547512674,-3.1646174354749967
0,1,-0.0,-0.0,-0.27861743547512674,-3.1646174354749967
2,1,0.0,0.0,-0.27861743547512674,-3.1646174354749967
1,1,-0.0,-0.0,-0.27861743547512674,-3.1646174354749967
0,1,-0.0,-0.0,-0.27861743547512674,-3.1646174354749967
2,2,0.0034696615766733885,0.0024696615766733885,-0.27514777389845335,-3.1621477738983232
0,1,-0.0,-0.001,-0.27514777389845335,-3.163147773898323
2,1,0.0,0.0,-0.27514777389845335,-3.163147773898323
2,2,0.005026332568377256,0.004026332568377256,-0.2701214413300761,-3.1591214413299458
2,0,-0.013605072163045406,-0.015605072163045406,-0.2837265134931215,-3.174726513492991
0,0,0.007933393120765686,0.007933393120765686,-0.2757931203723558,-3.1667931203722253
2,2,0.0022685187868773937,0.0002685187868773937,-0.2735246015854784,-3.1665246015853477
2,2,0.010385720059275627,0.010385720059275627,-0.2631388815262028,-3.156138881526072
2,0,-0.003514521988108754,-0.005514521988108754,-0.26665340351431155,-3.1616534035141806
2,0,-0.003709884360432625,-0.003709884360432625,-0.2703632878747442,-3.165363287874613
0,0,0.0035381095949560404,0.0035381095949560404,-0.26682517827978813,-3.161825178279657
1,0,0.0010277206311002374,0.0010277206311002374,-0.2657974576486879,-3.160797457648557
0,2,-0.0109176617115736,-0.0129176617115736,-0.2767151193602615,-3.1737151193601303
2,2,0.0052405898459255695,0.0052405898459255695,-0.2714745295143359,-3.1684745295142047
2,1,0.0,-0.001,-0.2714745295143359,-3.1694745295142046
2,1,0.0,0.0,-0.2714745295143359,-3.1694745295142046
0,1,-0.0,-0.0,-0.2714745295143359,-3.1694745295142046
0,1,-0.0,-0.0,-0.2714745295143359,-3.1694745295142046
2,1,0.0,0.0,-0.2714745295143359,-3.1694745295142046
0,1,-0.0,-0.0,-0.2714745295143359,-3.1694745295142046
2,2,0.0024426146410405636,0.0014426146410405636,-0.26903191487329536,-3.168031914873164
1,1,-0.0,-0.001,-0.26903191487329536,-3.169031914873164
2,2,0.003694484941661358,0.002694484941661358,-0.265337429931634,-3.1663374299315024
2,1,0.0,-0.001,-0.265337429931634,-3.1673374299315022
0,0,0.004251914564520121,0.0032519145645201206,-0.2610855153671139,-3.164085515366982
1,1,0.0,-0.001,-0.2610855153671139,-3.165085515366982
0,1,-0.0,-0.0,-0.2610855153671139,-3.165085515366982
0,2,-0.003478053957223892,-0.004478053957223892,-0.2645635693243378,-3.1695635693242057
0,2,-0.0078206155449152,-0.0078206155449152,-0.272384184869253,-3.177384184869121
0,2,-0.0034929413814097643,-0.0034929413814097643,-0.27587712625066274,-3.1808771262505307
0,2,-0.013045595958828926,-0.013045595958828926,-0.28892272220949167,-3.1939227222093596
2,2,0.002917987760156393,0.002917987760156393,-0.2860047344493353,-3.191004734449203
2,0,-0.0031618906650692225,-0.0051618906650692225,-0.2891666251144045,-3.196166625114272
0,1,-0.0,-0.001,-0.2891666251144045,-3.197166625114272
2,2,0.009827407076954842,0.00882740707695484,-0.27933921803744965,-3.188339218037317
2,0,-0.004197351634502411,-0.006197351634502411,-0.28353656967195207,-3.1945365696718193
2,0,-0.007584938779473305,-0.007584938779473305,-0.29112150845142537,-3.2021215084512926
2,0,-0.007381134200841188,-0.007381134200841188,-0.29850264265226656,-3.209502642652134
0,0,0.002745639765635133,0.002745639765635133,-0.2957570028866314,-3.2067570028864987
2,1,0.0,-0.001,-0.2957570028866314,-3.2077570028864986
0,1,-0.0,-0.0,-0.2957570028866314,-3.2077570028864986
0,1,-0.0,-0.0,-0.2957570028866314,-3.2077570028864986
1,1,-0.0,-0.0,-0.2957570028866314,-3.2077570028864986
0,1,-0.0,-0.0,-0.2957570028866314,-3.2077570028864986
0,1,-0.0,-0.0,-0.2957570028866314,-3.2077570028864986
2,2,0.0094002615660429,0.0084002615660429,-0.2863567413205885,-3.1993567413204556
0,1,-0.0,-0.001,-0.2863567413205885,-3.2003567413204554
0,1,-0.0,-0.0,-0.2863567413205885,-3.2003567413204554
2,1,0.0,0.0,-0.2863567413205885,-3.2003567413204554
0,1,-0.0,-0.0,-0.2863567413205885,-3.2003567413204554
0,1,-0.0,-0.0,-0.2863567413205885,-3.2003567413204554
1,2,-0.00002452100488881115,-0.0010245210048888112,-0.28638126232547734,-3.201381262325344
2,2,0.003220882499590516,0.003220882499590516,-0.2831603798258868,-3.1981603798257536
1,2,0.00013738895358983427,0.00013738895358983427,-0.283022990872297,-3.198022990872164
0,2,-0.0033289624843746424,-0.0033289624843746424,-0.28635195335667163,-3.2013519533565384
0,2,-0.005626077763736248,-0.005626077763736248,-0.2919780311204079,-3.2069780311202747
1,2,0.0010953361634165049,0.0010953361634165049,-0.29088269495699137,-3.205882694956858
2,2,0.0060714492574334145,0.0060714492574334145,-0.28481124569955796,-3.1998112456994248
0,2,-0.008256019093096256,-0.008256019093096256,-0.2930672647926542,-3.208067264792521
2,2,0.01209375448524952,0.01209375448524952,-0.2809735103074047,-3.1959735103072715
2,0,-0.0032323095947504044,-0.005232309594750404,-0.2842058199021551,-3.2012058199020217
2,0,-0.005846132058650255,-0.005846132058650255,-0.29005195196080535,-3.207051951960672
0,0,0.014853355474770069,0.014853355474770069,-0.2751985964860353,-3.192198596485902
2,2,0.0024304797407239676,0.0004304797407239675,-0.2727681167453113,-3.1917681167451777
0,2,-0.004474243614822626,-0.004474243614822626,-0.27724236036013394,-3.1962423603600003
1,1,-0.0,-0.001,-0.27724236036013394,-3.19724236036
1,1,0.0,0.0,-0.27724236036013394,-3.19724236036
2,1,0.0,0.0,-0.27724236036013394,-3.19724236036
2,1,0.0,0.0,-0.27724236036013394,-3.19724236036
0,1,-0.0,-0.0,-0.27724236036013394,-3.19724236036
0,1,-0.0,-0.0,-0.27724236036013394,-3.19724236036
0,1,-0.0,-0.0,-0.27724236036013394,-3.19724236036
0,2,-0.008890374563634396,-0.009890374563634396,-0.28613273492376834,-3.2071327349236345
0,2,-0.002669557463377714,-0.002669557463377714,-0.28880229238714605,-3.209802292387012
0,2,-0.008701291866600513,-0.008701291866600513,-0.29750358425374657,-3.2185035842536127
2,2,0.0031736325472593307,0.0031736325472593307,-0.29432995170648724,-3.2153299517063534
1,2,-0.0007708162302151322,-0.0007708162302151322,-0.29510076793670237,-3.2161007679365685
1,2,-0.0016292491927742958,-0.0016292491927742958,-0.29673001712947666,-3.217730017129343
0,2,-0.005097908433526754,-0.005097908433526754,-0.3018279255630034,-3.2228279255628696
2,2,0.0078009143471717834,0.0078009143471717834,-0.29402701121583164,-3.215027011215698
1,1,0.0,-0.001,-0.29402701121583164,-3.2160270112156977
2,2,0.004769973922520876,0.003769973922520876,-0.28925703729331076,-3.2122570372931767
0,0,0.012979828752577305,0.010979828752577305,-0.27627720854073345,-3.201277208540599
1,2,-0.0009747241856530309,-0.002974724185653031,-0.2772519327263865,-3.204251932726252
0,2,-0.007251755800098181,-0.007251755800098181,-0.28450368852648467,-3.21150368852635
2,2,0.007229656912386417,0.007229656912386417,-0.27727403161409825,-3.2042740316139637
2,2,0.011317254044115543,0.011317254044115543,-0.2659567775699827,-3.192956777569848
2,1,0.0,-0.001,-0.2659567775699827,-3.193956777569848
1,1,-0.0,-0.0,-0.2659567775699827,-3.193956777569848
2,1,0.0,0.0,-0.2659567775699827,-3.193956777569848
0,1,-0.0,-0.0,-0.2659567775699827,-3.193956777569848
0,2,-0.005213085096329451,-0.006213085096329451,-0.27116986266631216,-3.2001698626661774
2,2,0.005622443743050098,0.005622443743050098,-0.26554741892326206,-3.1945474189231273
2,1,0.0,-0.001,-0.26554741892326206,-3.195547418923127
0,1,-0.0,-0.0,-0.26554741892326206,-3.195547418923127
2,1,0.0,0.0,-0.26554741892326206,-3.195547418923127
0,1,-0.0,-0.0,-0.26554741892326206,-3.195547418923127
1,2,0.0018415284575894475,0.0008415284575894475,-0.2637058904656726,-3.1947058904655377
1,1,-0.0,-0.001,-0.2637058904656726,-3.1957058904655375
1,1,0.0,0.0,-0.2637058904656726,-3.1957058904655375
1,1,-0.0,-0.0,-0.2637058904656726,-3.1957058904655375
2,1,0.0,0.0,-0.2637058904656726,-3.1957058904655375
2,1,0.0,0.0,-0.2637058904656726,-3.1957058904655375
1,0,-0.0009111616527661681,-0.0019111616527661681,-0.2646170521184388,-3.1976170521183036
0,0,0.0030998694710433483,0.0030998694710433483,-0.26151718264739543,-3.1945171826472603
2,2,0.00750536285340786,0.00550536285340786,-0.25401181979398757,-3.189011819793852
0,0,0.011762384325265884,0.009762384325265884,-0.24224943546872169,-3.179249435468586
0,2,-0.006566339638084173,-0.008566339638084173,-0.24881577510680586,-3.18781577510667
0,2,-0.019119199365377426,-0.019119199365377426,-0.2679349744721833,-3.2069349744720475
0,2,-0.006846294738352299,-0.006846294738352299,-0.2747812692105356,-3.2137812692103997
2,2,0.002701579127460718,0.002701579127460718,-0.27207969008307487,-3.211079690082939
2,0,-0.003005193779245019,-0.005005193779245019,-0.2750848838623199,-3.216084883862184
0,1,-0.0,-0.001,-0.2750848838623199,-3.2170848838621837
2,2,0.006418593693524599,0.005418593693524599,-0.2686662901687953,-3.211666290168659
2,1,0.0,-0.001,-0.2686662901687953,-3.212666290168659
1,1,-0.0,-0.0,-0.2686662901687953,-3.212666290168659
0,1,-0.0,-0.0,-0.2686662901687953,-3.212666290168659
2,1,0.0,0.0,-0.2686662901687953,-3.212666290168659
2,1,0.0,0.0,-0.2686662901687953,-3.212666290168659
1,1,-0.0,-0.0,-0.2686662901687953,-3.212666290168659
0,1,-0.0,-0.0,-0.2686662901687953,-3.212666290168659
0,1,-0.0,-0.0,-0.2686662901687953,-3.212666290168659
2,2,0.002768929349258542,0.001768929349258542,-0.26589736081953674,-3.2108973608194002
0,1,-0.0,-0.001,-0.26589736081953674,-3.2118973608194
2,1,0.0,0.0,-0.26589736081953674,-3.2118973608194
2,1,0.0,0.0,-0.26589736081953674,-3.2118973608194
1,1,0.0,0.0,-0.26589736081953674,-3.2118973608194
2,1,0.0,0.0,-0.26589736081953674,-3.2118973608194
1,1,-0.0,-0.0,-0.26589736081953674,-3.2118973608194
2,1,0.0,0.0,-0.26589736081953674,-3.2118973608194
2,0,-0.006804973352700472,-0.007804973352700472,-0.2727023341722372,-3.2197023341721005
2,0,-0.01405345555394888,-0.01405345555394888,-0.2867557897261861,-3.2337557897260494
2,0,-0.003815131261944771,-0.003815131261944771,-0.29057092098813087,-3.237570920987994
1,0,-0.0013521478977054358,-0.0013521478977054358,-0.2919230688858363,-3.2389230688856996
1,0,-0.0011868751607835293,-0.0011868751607835293,-0.29310994404661983,-3.240109944046483
0,0,0.0027678951155394316,0.0027678951155394316,-0.2903420489310804,-3.2373420489309437
0,2,-0.0023496185895055532,-0.004349618589505553,-0.29269166752058595,-3.241691667520449
2,2,0.001821040059439838,0.001821040059439838,-0.2908706274611461,-3.239870627461009
2,1,0.0,-0.001,-0.2908706274611461,-3.240870627461009
0,0,0.0020503567066043615,0.0010503567066043615,-0.28882027075454175,-3.2398202707544046
2,0,-0.0034257364459335804,-0.0034257364459335804,-0.29224600720047533,-3.243246007200338
0,0,0.0018214518204331398,0.0018214518204331398,-0.2904245553800422,-3.241424555379905
1,1,-0.0,-0.001,-0.2904245553800422,-3.242424555379905
2,1,0.0,0.0,-0.2904245553800422,-3.242424555379905
0,1,-0.0,-0.0,-0.2904245553800422,-3.242424555379905
1,1,-0.0,-0.0,-0.2904245553800422,-3.242424555379905
2,2,0.002375420881435275,0.001375420881435275,-0.2880491344986069,-3.2410491344984695
2,0,-0.004086393862962723,-0.006086393862962723,-0.29213552836156964,-3.247135528361432
2,0,-0.0075837913900613785,-0.0075837913900613785,-0.299719319751631,-3.2547193197514934
1,0,0.0004484403762035072,0.0004484403762035072,-0.2992708793754275,-3.25427087937529
1,1,-0.0,-0.001,-0.2992708793754275,-3.25527087937529
2,1,0.0,0.0,-0.2992708793754275,-3.25527087937529
0,0,0.012352137826383114,0.011352137826383113,-0.2869187415490444,-3.2439187415489066
0,2,-0.0025909394025802612,-0.004590939402580261,-0.28950968095162466,-3.2485096809514866
2,2,0.003473086515441537,0.003473086515441537,-0.2860365944361831,-3.245036594436045
1,2,0.0010986527195200324,0.0010986527195200324,-0.2849379417166631,-3.243937941716525
1,2,-0.0003322502598166466,-0.0003322502598166466,-0.28527019197647974,-3.2442701919763417
1,0,0.00022538525809068233,-0.0017746147419093177,-0.28504480671838905,-3.246044806718251
1,2,0.0004720751312561333,-0.0015279248687438667,-0.2845727315871329,-3.2475727315869944
2,2,0.0014562507858499885,0.0014562507858499885,-0.28311648080128293,-3.2461164808011445
2,1,0.0,-0.001,-0.28311648080128293,-3.2471164808011443
1,0,0.0012465085601434112,0.00024650856014341114,-0.2818699722411395,-3.246869972241001
1,1,0.0,-0.001,-0.2818699722411395,-3.2478699722410007
0,1,-0.0,-0.0,-0.2818699722411395,-3.2478699722410007
1,1,-0.0,-0.0,-0.2818699722411395,-3.2478699722410007
1,1,-0.0,-0.0,-0.2818699722411395,-3.2478699722410007
0,1,-0.0,-0.0,-0.2818699722411395,-3.2478699722410007
2,1,0.0,0.0,-0.2818699722411395,-3.2478699722410007
2,1,0.0,0.0,-0.2818699722411395,-3.2478699722410007
1,0,-0.0011907306034117937,-0.0021907306034117937,-0.2830607028445513,-3.2500607028444124
2,0,-0.0019550349097698927,-0.0019550349097698927,-0.2850157377543212,-3.2520157377541823
2,1,0.0,-0.001,-0.2850157377543212,-3.253015737754182
0,0,0.00540649238973856,0.00440649238973856,-0.27960924536458265,-3.2486092453644435
1,0,0.0003891651867888868,0.0003891651867888868,-0.27922008017779376,-3.2482200801776546
1,2,0.00011232115502934903,-0.001887678844970651,-0.2791077590227644,-3.250107759022625
0,2,-0.0018731941236183047,-0.0018731941236183047,-0.2809809531463827,-3.2519809531462434
0,2,-0.014053866267204285,-0.014053866267204285,-0.295034819413587,-3.2660348194134476
0,2,-0.00555843859910965,-0.00555843859910965,-0.30059325801269665,-3.2715932580125573
2,2,0.003483118722215295,0.003483118722215295,-0.29711013929048136,-3.268110139290342
1,0,0.001020029652863741,-0.0009799703471362591,-0.2960901096376176,-3.269090109637478
1,0,0.0011908682063221931,0.0011908682063221931,-0.2948992414312954,-3.267899241431156
0,0,0.005470634438097477,0.005470634438097477,-0.28942860699319795,-3.2624286069930584
0,2,-0.0027684944216161966,-0.004768494421616197,-0.29219710141481414,-3.2671971014146743
0,2,-0.002410595305263996,-0.002410595305263996,-0.29460769672007814,-3.2696076967199383
2,2,0.002389558358117938,0.002389558358117938,-0.2922181383619602,-3.2672181383618204
2,2,0.0058558667078614235,0.0058558667078614235,-0.2863622716540988,-3.261362271653959
2,1,0.0,-0.001,-0.2863622716540988,-3.262362271653959
0,1,-0.0,-0.0,-0.2863622716540988,-3.262362271653959
1,1,0.0,0.0,-0.2863622716540988,-3.262362271653959
0,1,-0.0,-0.0,-0.2863622716540988,-3.262362271653959
0,2,-0.004531984217464924,-0.005531984217464924,-0.2908942558715637,-3.2678942558714237
2,2,0.001526049105450511,0.001526049105450511,-0.2893682067661132,-3.266368206765973
2,2,0.006486061494797468,0.006486061494797468,-0.2828821452713157,-3.2598821452711757
0,1,-0.0,-0.001,-0.2828821452713157,-3.2608821452711756
1,1,0.0,0.0,-0.2828821452713157,-3.2608821452711756
2,1,0.0,0.0,-0.2828821452713157,-3.2608821452711756
2,1,0.0,0.0,-0.2828821452713157,-3.2608821452711756
2,1,0.0,0.0,-0.2828821452713157,-3.2608821452711756
0,0,0.002822974231094122,0.001822974231094122,-0.2800591710402216,-3.2590591710400814
1,1,0.0,-0.001,-0.2800591710402216,-3.2600591710400812
2,1,0.0,0.0,-0.2800591710402216,-3.2600591710400812
0,0,0.019806038588285446,0.018806038588285445,-0.26025313245193615,-3.2412531324517957
1,2,0.000475651933811605,-0.001524348066188395,-0.25977748051812455,-3.242777480517984
0,2,-0.013063928112387657,-0.013063928112387657,-0.2728414086305122,-3.2558414086303715
2,2,0.005156691651791334,0.005156691651791334,-0.26768471697872087,-3.25068471697858
1,1,0.0,-0.001,-0.26768471697872087,-3.25168471697858
1,1,-0.0,-0.0,-0.26768471697872087,-3.25168471697858
1,1,0.0,0.0,-0.26768471697872087,-3.25168471697858
2,1,0.0,0.0,-0.26768471697872087,-3.25168471697858
2,1,0.0,0.0,-0.26768471697872087,-3.25168471697858
0,1,-0.0,-0.0,-0.26768471697872087,-3.25168471697858
2,1,0.0,0.0,-0.26768471697872087,-3.25168471697858
1,1,-0.0,-0.0,-0.26768471697872087,-3.25168471697858
0,1,-0.0,-0.0,-0.26768471697872087,-3.25168471697858
2,1,0.0,0.0,-0.26768471697872087,-3.25168471697858
0,1,-0.0,-0.0,-0.26768471697872087,-3.25168471697858
1,1,0.0,0.0,-0.26768471697872087,-3.25168471697858
0,1,-0.0,-0.0,-0.26768471697872087,-3.25168471697858
2,1,0.0,0.0,-0.26768471697872087,-3.25168471697858
1,1,-0.0,-0.0,-0.26768471697872087,-3.25168471697858
0,1,-0.0,-0.0,-0.26768471697872087,-3.25168471697858
1,1,-0.0,-0.0,-0.26768471697872087,-3.25168471697858
0,1,-0.0,-0.0,-0.26768471697872087,-3.25168471697858
1,2,0.0001370671670883894,-0.0008629328329116106,-0.2675476498116325,-3.2525476498114916
1,2,0.0009558525634929538,0.0009558525634929538,-0.26659179724813953,-3.2515917972479986
2,2,0.003187664784491062,0.003187664784491062,-0.26340413246364847,-3.2484041324635076
0,2,-0.018684595823287964,-0.018684595823287964,-0.28208872828693643,-3.2670887282867955
2,2,0.0077009559608995914,0.0077009559608995914,-0.27438777232603684,-3.259387772325896
2,2,0.0018576915608718991,0.0018576915608718991,-0.27253008076516494,-3.257530080765024
0,2,-0.004053683020174503,-0.004053683020174503,-0.27658376378533944,-3.2615837637851985
2,2,0.012625881470739841,0.012625881470739841,-0.2639578823145996,-3.2489578823144587
0,0,0.004493283573538065,0.002493283573538065,-0.25946459874106154,-3.2464645987409204
1,2,-0.0005904979771003127,-0.0025904979771003128,-0.26005509671816185,-3.2490550967180205
1,1,-0.0,-0.001,-0.26005509671816185,-3.2500550967180204
0,2,-0.00226051383651793,-0.00326051383651793,-0.2623156105546798,-3.253315610554538
1,2,-0.0003584355872590095,-0.0003584355872590095,-0.2626740461419388,-3.2536740461417972
0,2,-0.002980132820084691,-0.002980132820084691,-0.2656541789620235,-3.256654178961882
0,2,-0.002044355496764183,-0.002044355496764183,-0.26769853445878766,-3.258698534458646
2,2,0.0025254986248910427,0.0025254986248910427,-0.2651730358338966,-3.256173035833755
2,1,0.0,-0.001,-0.2651730358338966,-3.257173035833755
2,1,0.0,0.0,-0.2651730358338966,-3.257173035833755
0,1,-0.0,-0.0,-0.2651730358338966,-3.257173035833755
2,1,0.0,0.0,-0.2651730358338966,-3.257173035833755
2,1,0.0,0.0,-0.2651730358338966,-3.257173035833755
1,1,0.0,0.0,-0.2651730358338966,-3.257173035833755
1,1,0.0,0.0,-0.2651730358338966,-3.257173035833755
0,1,-0.0,-0.0,-0.2651730358338966,-3.257173035833755
0,1,-0.0,-0.0,-0.2651730358338966,-3.257173035833755
2,2,0.0013099673669785261,0.0003099673669785261,-0.2638630684669181,-3.2568630684667763
0,2,-0.0032841649372130632,-0.0032841649372130632,-0.26714723340413116,-3.2601472334039894
1,2,-0.00019515004532877356,-0.00019515004532877356,-0.26734238344945993,-3.260342383449318
2,2,0.006970941089093685,0.006970941089093685,-0.26037144236036625,-3.2533714423602245
0,0,0.008138174191117287,0.006138174191117287,-0.25223326816924896,-3.247233268169107
1,2,0.0006260574446059763,-0.0013739425553940237,-0.251607210724643,-3.2486072107245008
0,2,-0.012391266413033009,-0.012391266413033009,-0.263998477137676,-3.2609984771375338
0,2,-0.0027592284604907036,-0.0027592284604907036,-0.2667577055981667,-3.2637577055980245
1,2,0.0013779251603409648,0.0013779251603409648,-0.26537978043782573,-3.2623797804376835
1,2,0.001121625304222107,0.001121625304222107,-0.2642581551336036,-3.2612581551334614
1,2,0.00099524250254035,0.00099524250254035,-0.2632629126310633,-3.260262912630921
1,2,0.0007854304858483374,0.0007854304858483374,-0.26247748214521494,-3.2594774821450727
1,1,-0.0,-0.001,-0.26247748214521494,-3.2604774821450726
2,2,0.006302926689386368,0.005302926689386368,-0.25617455545582857,-3.255174555455686
1,1,-0.0,-0.001,-0.25617455545582857,-3.256174555455686
2,1,0.0,0.0,-0.25617455545582857,-3.256174555455686
0,1,-0.0,-0.0,-0.25617455545582857,-3.256174555455686
1,1,0.0,0.0,-0.25617455545582857,-3.256174555455686
2,1,0.0,0.0,-0.25617455545582857,-3.256174555455686
1,1,0.0,0.0,-0.25617455545582857,-3.256174555455686
0,1,-0.0,-0.0,-0.25617455545582857,-3.256174555455686
0,1,-0.0,-0.0,-0.25617455545582857,-3.256174555455686
1,2,0.00010592532635200769,-0.0008940746736479923,-0.25606863012947656,-3.257068630129334
0,1,-0.0,-0.001,-0.25606863012947656,-3.258068630129334
1,2,0.00031049668905325234,-0.0006895033109467477,-0.2557581334404233,-3.2587581334402804
0,2,-0.00911128893494606,-0.00911128893494606,-0.26486942237536937,-3.2678694223752265
2,2,0.007674978580325842,0.007674978580325842,-0.2571944437950435,-3.2601944437949006
1,2,-0.00034934707218781114,-0.00034934707218781114,-0.25754379086723134,-3.2605437908670885
0,2,-0.0015746298013255,-0.0015746298013255,-0.25911842066855684,-3.262118420668414
2,2,0.0011441025417298079,0.0011441025417298079,-0.25797431812682703,-3.260974318126684
2,2,0.009911182336509228,0.009911182336509228,-0.2480631357903178,-3.251063135790175
1,0,-0.0002910192124545574,-0.0022910192124545575,-0.24835415500277236,-3.2533541550026293
2,0,-0.0014770592097193003,-0.0014770592097193003,-0.24983121421249166,-3.2548312142123486
0,0,0.0034699460957199335,0.0034699460957199335,-0.24636126811677173,-3.2513612681166286
1,1,-0.0,-0.001,-0.24636126811677173,-3.2523612681166285
2,0,-0.001323039992712438,-0.002323039992712438,-0.24768430810948416,-3.254684308109341
2,0,-0.0033550739753991365,-0.0033550739753991365,-0.2510393820848833,-3.25803938208474
1,0,-0.0007581660174764693,-0.0007581660174764693,-0.25179754810235977,-3.2587975481022164
1,1,-0.0,-0.001,-0.25179754810235977,-3.2597975481022163
2,1,0.0,0.0,-0.25179754810235977,-3.2597975481022163
0,1,-0.0,-0.0,-0.25179754810235977,-3.2597975481022163
2,1,0.0,0.0,-0.25179754810235977,-3.2597975481022163
1,0,-0.0008459308883175254,-0.0018459308883175254,-0.2526434789906773,-3.2616434789905338
1,0,0.0003178221231792122,0.0003178221231792122,-0.2523256568674981,-3.2613256568673545
1,2,0.0007970177102833986,-0.0012029822897166014,-0.2515286391572147,-3.262528639157071
2,1,0.0,-0.001,-0.2515286391572147,-3.263528639157071
0,0,0.003963643219321966,0.002963643219321966,-0.24756499593789272,-3.2605649959377487
0,2,-0.009323526173830032,-0.011323526173830032,-0.25688852211172275,-3.2718885221115785
2,2,0.003312470857053995,0.003312470857053995,-0.25357605125466876,-3.2685760512545246
0,2,-0.011018889956176281,-0.011018889956176281,-0.26459494121084504,-3.279594941210701
2,2,0.004004300106316805,0.004004300106316805,-0.26059064110452823,-3.275590641104384
2,2,0.007624100428074598,0.007624100428074598,-0.25296654067645363,-3.2679665406763094
2,0,-0.0031396462582051754,-0.0051396462582051754,-0.2561061869346588,-3.2731061869345144
0,0,0.0026896339841187,0.0026896339841187,-0.2534165529505401,-3.2704165529503957
2,0,-0.004586780443787575,-0.004586780443787575,-0.2580033333943277,-3.2750033333941833
0,0,0.004103856161236763,0.004103856161236763,-0.2538994772330909,-3.2708994772329465
2,2,0.001541695324704051,-0.000458304675295949,-0.25235778190838687,-3.2713577819082422
1,1,0.0,-0.001,-0.25235778190838687,-3.272357781908242
2,1,0.0,0.0,-0.25235778190838687,-3.272357781908242
1,0,0.0008540896233171225,-0.00014591037668287756,-0.25150369228506975,-3.272503692284925
0,1,-0.0,-0.001,-0.25150369228506975,-3.2735036922849248
2,1,0.0,0.0,-0.25150369228506975,-3.2735036922849248
1,1,0.0,0.0,-0.25150369228506975,-3.2735036922849248
0,1,-0.0,-0.0,-0.25150369228506975,-3.2735036922849248
2,1,0.0,0.0,-0.25150369228506975,-3.2735036922849248
1,1,0.0,0.0,-0.25150369228506975,-3.2735036922849248
1,1,-0.0,-0.0,-0.25150369228506975,-3.2735036922849248
1,1,0.0,0.0,-0.25150369228506975,-3.2735036922849248
2,1,0.0,0.0,-0.25150369228506975,-3.2735036922849248
2,0,-0.0013582713436335325,-0.0023582713436335325,-0.2528619636287033,-3.275861963628558
2,1,0.0,-0.001,-0.2528619636287033,-3.276861963628558
0,1,-0.0,-0.0,-0.2528619636287033,-3.276861963628558
2,1,0.0,0.0,-0.2528619636287033,-3.276861963628558
2,0,-0.0008290867554023862,-0.0018290867554023862,-0.25369105038410567,-3.2786910503839604
2,0,-0.0027799007948487997,-0.0027799007948487997,-0.25647095117895446,-3.281470951178809
2,0,-0.0024074718821793795,-0.0024074718821793795,-0.25887842306113384,-3.2838784230609885
0,0,0.004270564764738083,0.004270564764738083,-0.25460785829639576,-3.2796078582962505
2,0,-0.0016795845003798604,-0.0016795845003798604,-0.2562874427967756,-3.2812874427966303
2,0,-0.0019932647701352835,-0.0019932647701352835,-0.2582807075669109,-3.2832807075667656
1,0,0.0004447280371095985,0.0004447280371095985,-0.2578359795298013,-3.282835979529656
0,1,-0.0,-0.001,-0.2578359795298013,-3.283835979529656
2,2,0.0024710253346711397,0.0014710253346711397,-0.25536495419513017,-3.2823649541949846
0,0,0.005983797367662191,0.003983797367662191,-0.24938115682746798,-3.2783811568273222
1,2,0.00005781625441159122,-0.0019421837455884088,-0.24932334057305638,-3.2803233405729104
1,2,-0.00044039986096322536,-0.00044039986096322536,-0.2497637404340196,-3.2807637404338736
2,2,0.003134487196803093,0.003134487196803093,-0.24662925323721652,-3.2776292532370706
0,0,0.00366917229257524,0.00166917229257524,-0.24296008094464128,-3.275960080944495
2,2,0.0019381974125280976,-0.00006180258747190241,-0.24102188353211318,-3.2760218835319668
0,0,0.0008517556707374752,-0.0011482443292625249,-0.2401701278613757,-3.277170127861229
1,2,-0.00008796638576313853,-0.0020879663857631386,-0.24025809424713884,-3.279258094246992
2,2,0.0008912210469134152,0.0008912210469134152,-0.23936687320022543,-3.2783668732000786
1,2,-0.0004826399963349104,-0.0004826399963349104,-0.23984951319656034,-3.2788495131964135
0,2,-0.0008120310376398265,-0.0008120310376398265,-0.24066154423420016,-3.2796615442340533
2,2,0.0015179032925516367,0.0015179032925516367,-0.23914364094164853,-3.2781436409415017
2,2,0.0011196709237992764,0.0011196709237992764,-0.23802397001784925,-3.2770239700177024
2,1,0.0,-0.001,-0.23802397001784925,-3.2780239700177023
0,1,-0.0,-0.0,-0.23802397001784925,-3.2780239700177023
0,2,-0.004069024231284857,-0.005069024231284857,-0.2420929942491341,-3.283092994248987
0,2,-0.003086542245000601,-0.003086542245000601,-0.2451795364941347,-3.2861795364939876
2,2,0.0035558906383812428,0.0035558906383812428,-0.24162364585575347,-3.2826236458556064
1,0,0.000759402581024915,-0.001240597418975085,-0.24086424327472855,-3.2838642432745813
0,0,0.003677608212456107,0.003677608212456107,-0.23718663506227244,-3.280186635062125
1,2,0.000565697206184268,-0.001434302793815732,-0.23662093785608818,-3.2816209378559407
1,2,0.00008453778718831018,0.00008453778718831018,-0.23653640006889987,-3.2815364000687524
1,2,-0.0003942741022910923,-0.0003942741022910923,-0.23693067417119096,-3.2819306741710434
2,2,0.00312441005371511,0.00312441005371511,-0.23380626411747585,-3.2788062641173283
2,0,-0.0007909590494818985,-0.0027909590494818986,-0.23459722316695775,-3.28159722316681
1,0,0.00033641376649029553,0.00033641376649029553,-0.23426080940046745,-3.2812608094003197
0,0,0.013438273221254349,0.013438273221254349,-0.2208225361792131,-3.2678225361790654
0,2,-0.0352686271071434,-0.037268627107143404,-0.2560911632863565,-3.3050911632862086
2,2,0.0055089788511395454,0.0055089788511395454,-0.25058218443521696,-3.299582184435069
1,0,-0.0023221198935061693,-0.004322119893506169,-0.25290430432872313,-3.303904304328575
1,1,-0.0,-0.001,-0.25290430432872313,-3.304904304328575
2,1,0.0,0.0,-0.25290430432872313,-3.304904304328575
2,1,0.0,0.0,-0.25290430432872313,-3.304904304328575
2,1,0.0,0.0,-0.25290430432872313,-3.304904304328575
0,1,-0.0,-0.0,-0.25290430432872313,-3.304904304328575
2,1,0.0,0.0,-0.25290430432872313,-3.304904304328575
1,1,-0.0,-0.0,-0.25290430432872313,-3.304904304328575
1,1,-0.0,-0.0,-0.25290430432872313,-3.304904304328575
1,1,0.0,0.0,-0.25290430432872313,-3.304904304328575
1,1,-0.0,-0.0,-0.25290430432872313,-3.304904304328575
0,1,-0.0,-0.0,-0.25290430432872313,-3.304904304328575
0,1,-0.0,-0.0,-0.25290430432872313,-3.304904304328575
0,1,-0.0,-0.0,-0.25290430432872313,-3.304904304328575
0,2,-0.008471379987895489,-0.00947137998789549,-0.2613756843166186,-3.3143756843164702
1,2,-0.002746571321040392,-0.002746571321040392,-0.264122255637659,-3.3171222556375106
0,2,-0.005280217621475458,-0.005280217621475458,-0.26940247325913447,-3.322402473258986
1,2,0.0027652799617499113,0.0027652799617499113,-0.26663719329738456,-3.319637193297236
1,1,0.0,-0.001,-0.26663719329738456,-3.320637193297236
2,1,0.0,0.0,-0.26663719329738456,-3.320637193297236
1,2,-0.0010749598732218146,-0.0020749598732218147,-0.26771215317060637,-3.3227121531704578
2,2,0.004404569044709206,0.004404569044709206,-0.26330758412589716,-3.3183075841257486
0,1,-0.0,-0.001,-0.26330758412589716,-3.3193075841257484
1,2,-0.000786777469329536,-0.001786777469329536,-0.2640943615952267,-3.321094361595078
0,2,-0.008054523728787899,-0.008054523728787899,-0.2721488853240146,-3.3291488853238658
0,2,-0.0034128185361623764,-0.0034128185361623764,-0.275561703860177,-3.332561703860028
0,2,-0.004333374090492725,-0.004333374090492725,-0.2798950779506697,-3.336895077950521
1,2,-0.0003486872592475265,-0.0003486872592475265,-0.28024376520991723,-3.3372437652097684
2,2,0.0017449118895456195,0.0017449118895456195,-0.2784988533203716,-3.335498853320223
2,2,0.003147134091705084,0.003147134091705084,-0.2753517192286665,-3.3323517192285177
0,2,-0.0022450671531260014,-0.0022450671531260014,-0.2775967863817925,-3.3345967863816437
1,2,0.0005454639322124422,0.0005454639322124422,-0.2770513224495801,-3.3340513224494313
1,2,-0.0009074267582036555,-0.0009074267582036555,-0.27795874920778374,-3.334958749207635
0,2,-0.004089670721441507,-0.004089670721441507,-0.28204841992922525,-3.3390484199290764
1,2,-0.0010971721494570374,-0.0010971721494570374,-0.2831455920786823,-3.3401455920785335
2,2,0.00876891240477562,0.00876891240477562,-0.27437667967390666,-3.331376679673758
2,0,-0.008161205798387527,-0.010161205798387528,-0.2825378854722942,-3.341537885472145
2,0,-0.004546969197690487,-0.004546969197690487,-0.2870848546699847,-3.3460848546698356
1,0,0.0007130781305022538,0.0007130781305022538,-0.2863717765394824,-3.3453717765393334
2,1,0.0,-0.001,-0.2863717765394824,-3.3463717765393333
1,1,-0.0,-0.0,-0.2863717765394824,-3.3463717765393333
1,1,0.0,0.0,-0.2863717765394824,-3.3463717765393333
0,1,-0.0,-0.0,-0.2863717765394824,-3.3463717765393333
1,1,0.0,0.0,-0.2863717765394824,-3.3463717765393333
1,1,-0.0,-0.0,-0.2863717765394824,-3.3463717765393333
2,1,0.0,0.0,-0.2863717765394824,-3.3463717765393333
2,1,0.0,0.0,-0.2863717765394824,-3.3463717765393333
1,0,0.0001809054083423689,-0.0008190945916576311,-0.28619087113114006,-3.347190871130991
0,0,0.007512419950217009,0.007512419950217009,-0.27867845118092305,-3.3396784511807738
1,2,0.0010127649875357747,-0.0009872350124642253,-0.2776656861933873,-3.340665686193238
0,1,-0.0,-0.001,-0.2776656861933873,-3.3416656861932377
1,1,0.0,0.0,-0.2776656861933873,-3.3416656861932377
1,1,0.0,0.0,-0.2776656861933873,-3.3416656861932377
2,1,0.0,0.0,-0.2776656861933873,-3.3416656861932377
1,1,0.0,0.0,-0.2776656861933873,-3.3416656861932377
0,1,-0.0,-0.0,-0.2776656861933873,-3.3416656861932377
1,1,0.0,0.0,-0.2776656861933873,-3.3416656861932377
2,1,0.0,0.0,-0.2776656861933873,-3.3416656861932377
2,0,-0.002715892158448696,-0.003715892158448696,-0.28038157835183597,-3.3453815783516863
2,0,-0.01087790448218584,-0.01087790448218584,-0.2912594828340218,-3.356259482833872
2,0,-0.006535399705171585,-0.006535399705171585,-0.2977948825391934,-3.3627948825390437
2,0,-0.013043027371168137,-0.013043027371168137,-0.31083790991036153,-3.375837909910212
2,0,-0.00550261652097106,-0.00550261652097106,-0.3163405264313326,-3.381340526431183
2,0,-0.009476291947066784,-0.009476291947066784,-0.3258168183783994,-3.3908168183782497
0,0,0.004189031198620796,0.004189031198620796,-0.3216277871797786,-3.386627787179629
1,0,-0.0015982699114829302,-0.0015982699114829302,-0.3232260570912615,-3.388226057091112
0,0,0.00331676471978426,0.00331676471978426,-0.31990929237147725,-3.3849092923713275
0,2,-0.007099897600710392,-0.009099897600710392,-0.32700918997218764,-3.3940091899720377
0,2,-0.006510643754154444,-0.006510643754154444,-0.3335198337263421,-3.400519833726192
2,2,0.005104760639369488,0.005104760639369488,-0.3284150730869726,-3.3954150730868227
1,0,0.0012840424897149205,-0.0007159575102850795,-0.3271310305972577,-3.3961310305971075
1,1,0.0,-0.001,-0.3271310305972577,-3.3971310305971074
1,1,-0.0,-0.0,-0.3271310305972577,-3.3971310305971074
2,1,0.0,0.0,-0.3271310305972577,-3.3971310305971074
0,1,-0.0,-0.0,-0.3271310305972577,-3.3971310305971074
0,1,-0.0,-0.0,-0.3271310305972577,-3.3971310305971074
0,1,-0.0,-0.0,-0.3271310305972577,-3.3971310305971074
2,1,0.0,0.0,-0.3271310305972577,-3.3971310305971074
2,1,0.0,0.0,-0.3271310305972577,-3.3971310305971074
0,1,-0.0,-0.0,-0.3271310305972577,-3.3971310305971074
0,1,-0.0,-0.0,-0.3271310305972577,-3.3971310305971074
2,1,0.0,0.0,-0.3271310305972577,-3.3971310305971074
0,1,-0.0,-0.0,-0.3271310305972577,-3.3971310305971074
0,2,-0.0030620270408689976,-0.004062027040868998,-0.3301930576381267,-3.4011930576379763
0,2,-0.004674877040088177,-0.004674877040088177,-0.33486793467821485,-3.4058679346780645
0,2,-0.011019651778042316,-0.011019651778042316,-0.34588758645625717,-3.416887586456107
2,2,0.0027459298726171255,0.0027459298726171255,-0.34314165658364004,-3.4141416565834897
2,2,0.007212490309029818,0.007212490309029818,-0.3359291662746102,-3.40692916627446
2,1,0.0,-0.001,-0.3359291662746102,-3.4079291662744597
0,0,0.002594752935692668,0.001594752935692668,-0.33333441333891756,-3.406334413338767
1,2,0.0007351844687946141,-0.001264815531205386,-0.33259922887012294,-3.407599228869972
2,1,0.0,-0.001,-0.33259922887012294,-3.408599228869972
1,1,-0.0,-0.0,-0.33259922887012294,-3.408599228869972
0,1,-0.0,-0.0,-0.33259922887012294,-3.408599228869972
2,2,0.001868943334557116,0.000868943334557116,-0.3307302855355658,-3.407730285535415
1,2,-0.0012729275040328503,-0.0012729275040328503,-0.3320032130395987,-3.4090032130394476
2,2,0.0049568782560527325,0.0049568782560527325,-0.32704633478354594,-3.404046334783395
2,1,0.0,-0.001,-0.32704633478354594,-3.405046334783395
1,2,-0.00033217077725566924,-0.0013321707772556693,-0.3273785055608016,-3.4063785055606504
1,2,-0.0009875677060335875,-0.0009875677060335875,-0.3283660732668352,-3.407366073266684
1,2,0.0004796498396899551,0.0004796498396899551,-0.32788642342714525,-3.406886423426994
2,2,0.0034750881604850292,0.0034750881604850292,-0.3244113352666602,-3.403411335266509
0,0,0.008434433490037918,0.006434433490037918,-0.3159769017766223,-3.396976901776471
0,2,-0.011209678836166859,-0.013209678836166859,-0.32718658061278916,-3.4101865806126375
0,2,-0.007201314438134432,-0.007201314438134432,-0.3343878950509236,-3.417387895050772
0,2,-0.0030135950073599815,-0.0030135950073599815,-0.33740149005828357,-3.420401490058132
2,2,0.005182216409593821,0.005182216409593821,-0.33221927364868975,-3.415219273648538
0,0,0.0057954974472522736,0.0037954974472522735,-0.3264237762014375,-3.4114237762012856
2,2,0.0031490446999669075,0.0011490446999669075,-0.32327473150147057,-3.4102747315013184
0,2,-0.009427554905414581,-0.009427554905414581,-0.33270228640688515,-3.419702286406733
2,2,0.003475880715996027,0.003475880715996027,-0.3292264056908891,-3.416226405690737
0,0,0.005929433740675449,0.003929433740675449,-0.3232969719502137,-3.4122969719500613
1,2,0.0011846349807456136,-0.0008153650192543865,-0.32211233696946806,-3.4131123369693155
2,2,0.003091763239353895,0.003091763239353895,-0.31902057373011417,-3.4100205737299616
1,1,-0.0,-0.001,-0.31902057373011417,-3.4110205737299615
2,1,0.0,0.0,-0.31902057373011417,-3.4110205737299615
2,1,0.0,0.0,-0.31902057373011417,-3.4110205737299615
1,1,0.0,0.0,-0.31902057373011417,-3.4110205737299615
0,1,-0.0,-0.0,-0.31902057373011417,-3.4110205737299615
2,1,0.0,0.0,-0.31902057373011417,-3.4110205737299615
0,1,-0.0,-0.0,-0.31902057373011417,-3.4110205737299615
0,1,-0.0,-0.0,-0.31902057373011417,-3.4110205737299615
1,1,-0.0,-0.0,-0.31902057373011417,-3.4110205737299615
0,1,-0.0,-0.0,-0.31902057373011417,-3.4110205737299615
2,2,0.009603039361536503,0.008603039361536502,-0.30941753436857766,-3.402417534368425
0,2,-0.005541600752621889,-0.005541600752621889,-0.31495913512119955,-3.4079591351210468
2,2,0.0029144573491066694,0.0029144573491066694,-0.3120446777720929,-3.40504467777194
2,1,0.0,-0.001,-0.3120446777720929,-3.40604467777194
1,1,-0.0,-0.0,-0.3120446777720929,-3.40604467777194
1,2,0.0027059006970375776,0.0017059006970375776,-0.3093387770750553,-3.4043387770749023
2,1,0.0,-0.001,-0.3093387770750553,-3.405338777074902
0,1,-0.0,-0.0,-0.3093387770750553,-3.405338777074902
2,2,0.006274464540183544,0.005274464540183544,-0.30306431253487176,-3.4000643125347185
2,1,0.0,-0.001,-0.30306431253487176,-3.4010643125347184
2,1,0.0,0.0,-0.30306431253487176,-3.4010643125347184
2,1,0.0,0.0,-0.30306431253487176,-3.4010643125347184
2,1,0.0,0.0,-0.30306431253487176,-3.4010643125347184
2,1,0.0,0.0,-0.30306431253487176,-3.4010643125347184
0,1,-0.0,-0.0,-0.30306431253487176,-3.4010643125347184
2,1,0.0,0.0,-0.30306431253487176,-3.4010643125347184
1,1,-0.0,-0.0,-0.30306431253487176,-3.4010643125347184
1,1,-0.0,-0.0,-0.30306431253487176,-3.4010643125347184
2,1,0.0,0.0,-0.30306431253487176,-3.4010643125347184
2,1,0.0,0.0,-0.30306431253487176,-3.4010643125347184
1,0,0.0017538124229758978,0.0007538124229758978,-0.30131050011189586,-3.4003105001117424
0,2,-0.0023086632136255503,-0.00430866321362555,-0.3036191633255214,-3.4046191633253677
1,2,-0.0008082378772087395,-0.0008082378772087395,-0.30442740120273015,-3.4054274012025765
0,1,-0.0,-0.001,-0.30442740120273015,-3.4064274012025764
2,2,0.003203002503141761,0.002203002503141761,-0.3012243986995884,-3.4042243986994345
0,0,0.008694794028997421,0.006694794028997421,-0.29252960467059097,-3.397529604670437
0,2,-0.002257047686725855,-0.004257047686725855,-0.2947866523573168,-3.4017866523571625
1,2,0.0008576344116590917,0.0008576344116590917,-0.29392901794565773,-3.4009290179455034
1,2,0.000014593588275602087,0.000014593588275602087,-0.29391442435738213,-3.400914424357228
0,2,-0.0025842764880508184,-0.0025842764880508184,-0.29649870084543295,-3.4034987008452786
2,2,0.009582058526575565,0.009582058526575565,-0.2869166423188574,-3.393916642318703
1,0,0.0013004683423787355,-0.0006995316576212645,-0.28561617397647865,-3.394616173976324
1,2,-0.00008048456948017702,-0.002080484569480177,-0.2856966585459588,-3.396696658545804
0,2,-0.010632997378706932,-0.010632997378706932,-0.29632965592466576,-3.407329655924511
0,2,-0.0023591567296534777,-0.0023591567296534777,-0.29868881265431924,-3.4096888126541645
2,2,0.005097956396639347,0.005097956396639347,-0.2935908562576799,-3.404590856257525
0,2,-0.0053623151034116745,-0.0053623151034116745,-0.29895317136109156,-3.409953171360937
0,2,-0.010089359246194363,-0.010089359246194363,-0.3090425306072859,-3.420042530607131
2,2,0.005592297296971083,0.005592297296971083,-0.30345023331031484,-3.41445023331016
0,0,0.006071585230529308,0.004071585230529308,-0.29737864807978553,-3.4103786480796305
2,2,0.007749427109956741,0.005749427109956741,-0.2896292209698288,-3.4046292209696736
2,0,-0.01096262875944376,-0.01296262875944376,-0.30059184972927255,-3.417591849729117
1,1,0.0,-0.001,-0.30059184972927255,-3.418591849729117
0,2,-0.003843876766040921,-0.004843876766040921,-0.3044357264953135,-3.423435726495158
2,1,0.0,-0.001,-0.3044357264953135,-3.4244357264951577
1,1,0.0,0.0,-0.3044357264953135,-3.4244357264951577
0,1,-0.0,-0.0,-0.3044357264953135,-3.4244357264951577
0,1,-0.0,-0.0,-0.3044357264953135,-3.4244357264951577
0,2,-0.002985803410410881,-0.003985803410410881,-0.30742152990572436,-3.4284215299055685
2,2,0.004149692133069038,0.004149692133069038,-0.3032718377726553,-3.4242718377724994
1,1,-0.0,-0.001,-0.3032718377726553,-3.4252718377724993
2,2,0.0022308947518467903,0.0012308947518467903,-0.3010409430208085,-3.4240409430206524
1,1,0.0,-0.001,-0.3010409430208085,-3.4250409430206523
0,1,-0.0,-0.0,-0.3010409430208085,-3.4250409430206523
0,1,-0.0,-0.0,-0.3010409430208085,-3.4250409430206523
2,2,0.026197975501418114,0.025197975501418113,-0.2748429675193904,-3.399842967519234
2,0,-0.028659863397479057,-0.03065986339747906,-0.30350283091686947,-3.430502830916713
2,0,-0.004307491239160299,-0.004307491239160299,-0.30781032215602977,-3.4348103221558732
0,0,0.003327213926240802,0.003327213926240802,-0.30448310822978897,-3.4314831082296324
0,1,-0.0,-0.001,-0.30448310822978897,-3.4324831082296323
1,1,0.0,0.0,-0.30448310822978897,-3.4324831082296323
1,1,0.0,0.0,-0.30448310822978897,-3.4324831082296323
2,1,0.0,0.0,-0.30448310822978897,-3.4324831082296323
1,1,0.0,0.0,-0.30448310822978897,-3.4324831082296323
0,1,-0.0,-0.0,-0.30448310822978897,-3.4324831082296323
2,1,0.0,0.0,-0.30448310822978897,-3.4324831082296323
0,1,-0.0,-0.0,-0.30448310822978897,-3.4324831082296323
0,1,-0.0,-0.0,-0.30448310822978897,-3.4324831082296323
1,1,-0.0,-0.0,-0.30448310822978897,-3.4324831082296323
0,1,-0.0,-0.0,-0.30448310822978897,-3.4324831082296323
1,1,-0.0,-0.0,-0.30448310822978897,-3.4324831082296323
1,1,0.0,0.0,-0.30448310822978897,-3.4324831082296323
1,1,0.0,0.0,-0.30448310822978897,-3.4324831082296323
0,1,-0.0,-0.0,-0.30448310822978897,-3.4324831082296323
0,2,-0.0053171333856880665,-0.0063171333856880665,-0.30980024161547703,-3.4388002416153203
2,2,0.003180629340931773,0.003180629340931773,-0.30661961227454526,-3.4356196122743885
1,1,0.0,-0.001,-0.30661961227454526,-3.4366196122743884
2,0,-0.005553087685257196,-0.0065530876852571964,-0.31217269995980246,-3.4431726999596455
0,0,0.006975922733545303,0.006975922733545303,-0.30519677722625715,-3.4361967772261
0,2,-0.005428616888821125,-0.007428616888821125,-0.3106253941150783,-3.443625394114921
2,2,0.017229095101356506,0.017229095101356506,-0.2933962990137218,-3.4263962990135646
2,0,-0.006623781751841307,-0.008623781751841307,-0.3000200807655631,-3.4350200807654057
1,0,-0.0020918056834489107,-0.0020918056834489107,-0.302111886449012,-3.4371118864488546
2,1,0.0,-0.001,-0.302111886449012,-3.4381118864488545
0,1,-0.0,-0.0,-0.302111886449012,-3.4381118864488545
0,1,-0.0,-0.0,-0.302111886449012,-3.4381118864488545
0,1,-0.0,-0.0,-0.302111886449012,-3.4381118864488545
2,1,0.0,0.0,-0.302111886449012,-3.4381118864488545
1,1,0.0,0.0,-0.302111886449012,-3.4381118864488545
0,1,-0.0,-0.0,-0.302111886449012,-3.4381118864488545
2,1,0.0,0.0,-0.302111886449012,-3.4381118864488545
1,1,-0.0,-0.0,-0.302111886449012,-3.4381118864488545
0,1,-0.0,-0.0,-0.302111886449012,-3.4381118864488545
1,1,0.0,0.0,-0.302111886449012,-3.4381118864488545
2,1,0.0,0.0,-0.302111886449012,-3.4381118864488545
2,1,0.0,0.0,-0.302111886449012,-3.4381118864488545
2,0,-0.014277080073952675,-0.015277080073952676,-0.31638896652296467,-3.453388966522807
2,0,-0.02161252871155739,-0.02161252871155739,-0.33800149523452205,-3.4750014952343644
2,0,-0.007147329859435558,-0.007147329859435558,-0.3451488250939576,-3.4821488250938
0,0,0.0024055500980466604,0.0024055500980466604,-0.34274327499591095,-3.4797432749957533
0,2,-0.003334545763209462,-0.005334545763209462,-0.3460778207591204,-3.4850778207589626
2,2,0.0032054532784968615,0.0032054532784968615,-0.34287236748062355,-3.4818723674804657
1,0,-0.0019249831093475223,-0.003924983109347522,-0.3447973505899711,-3.485797350589813
1,0,-0.0020107876043766737,-0.0020107876043766737,-0.34680813819434775,-3.4878081381941897
2,0,-0.024492543190717697,-0.024492543190717697,-0.37130068138506545,-3.5123006813849074
1,0,0.0013912171125411987,0.0013912171125411987,-0.36990946427252425,-3.510909464272366
1,0,0.001036353292874992,0.001036353292874992,-0.36887311097964925,-3.509873110979491
2,2,0.006460742559283972,0.004460742559283972,-0.3624123684203653,-3.505412368420207
1,0,0.0011187703348696232,-0.0008812296651303769,-0.36129359808549566,-3.506293598085337
0,0,0.008066835813224316,0.008066835813224316,-0.35322676227227134,-3.498226762272113
2,1,0.0,-0.001,-0.35322676227227134,-3.4992267622721127
0,1,-0.0,-0.0,-0.35322676227227134,-3.4992267622721127
1,1,-0.0,-0.0,-0.35322676227227134,-3.4992267622721127
1,1,0.0,0.0,-0.35322676227227134,-3.4992267622721127
0,1,-0.0,-0.0,-0.35322676227227134,-3.4992267622721127
1,1,-0.0,-0.0,-0.35322676227227134,-3.4992267622721127
1,1,-0.0,-0.0,-0.35322676227227134,-3.4992267622721127
2,1,0.0,0.0,-0.35322676227227134,-3.4992267622721127
0,1,-0.0,-0.0,-0.35322676227227134,-3.4992267622721127
1,1,0.0,0.0,-0.35322676227227134,-3.4992267622721127
0,1,-0.0,-0.0,-0.35322676227227134,-3.4992267622721127
2,2,0.003853478468954563,0.002853478468954563,-0.3493732838033168,-3.496373283803158
2,1,0.0,-0.001,-0.3493732838033168,-3.497373283803158
2,1,0.0,0.0,-0.3493732838033168,-3.497373283803158
0,1,-0.0,-0.0,-0.3493732838033168,-3.497373283803158
1,2,-0.00034374321694485843,-0.0013437432169448585,-0.34971702702026164,-3.4987170270201027
0,2,-0.005819282960146666,-0.005819282960146666,-0.3555363099804083,-3.5045363099802493
2,2,0.0019506878452375531,0.0019506878452375531,-0.35358562213517075,-3.502585622135012
0,2,-0.013261061161756516,-0.013261061161756516,-0.36684668329692727,-3.5158466832967683
0,2,-0.004852460231631994,-0.004852460231631994,-0.37169914352855926,-3.5206991435284003
0,2,-0.008471406064927578,-0.008471406064927578,-0.38017054959348684,-3.529170549593328
2,2,0.004040230996906757,0.004040230996906757,-0.3761303185965801,-3.525130318596421
1,2,-0.0010229111649096012,-0.0010229111649096012,-0.3771532297614897,-3.5261532297613307
2,2,0.004480200819671154,0.004480200819671154,-0.37267302894181853,-3.5216730289416596
1,2,-0.0013285721652209759,-0.0013285721652209759,-0.3740016011070395,-3.5230016011068805
1,2,0.0009358592797070742,0.0009358592797070742,-0.37306574182733243,-3.5220657418271735
0,2,-0.004473218694329262,-0.004473218694329262,-0.3775389605216617,-3.5265389605215027
1,2,0.0013739888090640306,0.0013739888090640306,-0.37616497171259766,-3.5251649717124387
2,2,0.0037823414895683527,0.0037823414895683527,-0.3723826302230293,-3.5213826302228703
1,1,-0.0,-0.001,-0.3723826302230293,-3.5223826302228702
0,1,-0.0,-0.0,-0.3723826302230293,-3.5223826302228702
0,1,-0.0,-0.0,-0.3723826302230293,-3.5223826302228702
0,2,-0.002515708561986685,-0.003515708561986685,-0.374898338785016,-3.525898338784857
2,2,0.002283714944496751,0.002283714944496751,-0.37261462384051924,-3.52361462384036
2,2,0.006483582314103842,0.006483582314103842,-0.3661310415264154,-3.517131041526256
0,1,-0.0,-0.001,-0.3661310415264154,-3.518131041526256
0,2,-0.00316833658143878,-0.00416833658143878,-0.3692993781078542,-3.522299378107695
1,2,-0.0005334052257239819,-0.0005334052257239819,-0.36983278333357816,-3.5228327833334188
0,2,-0.004476034548133612,-0.004476034548133612,-0.3743088178817118,-3.5273088178815524
0,2,-0.004366979468613863,-0.004366979468613863,-0.37867579735032564,-3.5316757973501662
0,2,-0.010049324482679367,-0.010049324482679367,-0.388725121833005,-3.5417251218328456
0,2,-0.011599058285355568,-0.011599058285355568,-0.4003241801183606,-3.553324180118201
2,2,0.0013850971590727568,0.0013850971590727568,-0.3989390829592878,-3.5519390829591284
1,2,-0.0008497916278429329,-0.0008497916278429329,-0.39978887458713075,-3.5527888745869713
0,2,-0.0072055174969136715,-0.0072055174969136715,-0.4069943920840444,-3.559994392083885
2,2,0.0033216739539057016,0.0033216739539057016,-0.4036727181301387,-3.5566727181299793
1,2,-0.0007249492919072509,-0.0007249492919072509,-0.40439766742204597,-3.5573976674218866
1,2,-0.00030475002131424844,-0.00030475002131424844,-0.4047024174433602,-3.557702417443201
2,2,0.0026109961327165365,0.0026109961327165365,-0.4020914213106437,-3.5550914213104843
1,2,0.0004507756093516946,0.0004507756093516946,-0.401640645701292,-3.5546406457011326
0,2,-0.0030178737360984087,-0.0030178737360984087,-0.4046585194373904,-3.557658519437231
2,2,0.0025868667289614677,0.0025868667289614677,-0.40207165270842893,-3.5550716527082695
1,2,-0.0004165432183071971,-0.0004165432183071971,-0.4024881959267361,-3.5554881959265767
1,2,0.0012887590564787388,0.0012887590564787388,-0.4011994368702574,-3.554199436870098
0,1,-0.0,-0.001,-0.4011994368702574,-3.555199436870098
1,2,-0.00047106717829592526,-0.0014710671782959253,-0.4016705040485533,-3.5566705040483937
1,2,-0.0006638659979216754,-0.0006638659979216754,-0.402334370046475,-3.5573343700463154
0,2,-0.004825035110116005,-0.004825035110116005,-0.407159405156591,-3.5621594051564314
2,2,0.0022401846945285797,0.0022401846945285797,-0.4049192204620624,-3.559919220461903
1,2,-0.0006970019894652069,-0.0006970019894652069,-0.4056162224515276,-3.560616222451368
2,2,0.00301335914991796,0.00301335914991796,-0.40260286330160966,-3.55760286330145
0,1,-0.0,-0.001,-0.40260286330160966,-3.55860286330145
2,2,0.0019088929984718561,0.0009088929984718561,-0.4006939703031378,-3.557693970302978
1,2,-0.0002569069620221853,-0.0002569069620221853,-0.40095087726516,-3.557950877265
0,2,-0.0009046259219758213,-0.0009046259219758213,-0.4018555031871358,-3.558855503186976
2,2,0.0012598958564922214,0.0012598958564922214,-0.4005956073306436,-3.5575956073304837
0,2,-0.0020493899937719107,-0.0020493899937719107,-0.4026449973244155,-3.5596449973242557
0,2,-0.001383153023198247,-0.001383153023198247,-0.40402815034761375,-3.561028150347454
1,2,0.00007051601278362796,0.00007051601278362796,-0.4039576343348301,-3.5609576343346703
0,2,-0.0032548143062740564,-0.0032548143062740564,-0.4072124486411042,-3.5642124486409443
0,2,-0.0072454167529940605,-0.0072454167529940605,-0.41445786539409823,-3.5714578653939384
2,2,0.004798225127160549,0.004798225127160549,-0.4096596402669377,-3.566659640266778
1,2,0.0007415319560095668,0.0007415319560095668,-0.4089181083109281,-3.5659181083107683
0,0,0.002885127905756235,0.0008851279057562351,-0.4060329804051719,-3.565032980405012
1,2,0.00006333557394100353,-0.0019366644260589965,-0.4059696448312309,-3.5669696448310706
0,2,-0.0010135532356798649,-0.0010135532356798649,-0.40698319806691075,-3.5679831980667505
2,2,0.0015242540976032615,0.0015242540976032615,-0.4054589439693075,-3.566458943969147
0,2,-0.0055405073799192905,-0.0055405073799192905,-0.4109994513492268,-3.5719994513490665
2,2,0.0011173360981047153,0.0011173360981047153,-0.40988211525112206,-3.5708821152509618
0,2,-0.0054311188869178295,-0.0054311188869178295,-0.4153132341380399,-3.5763132341378796
2,2,0.007662499323487282,0.007662499323487282,-0.4076507348145526,-3.5686507348143923
1,0,-0.000172583939274773,-0.002172583939274773,-0.4078233187538274,-3.570823318753667
2,2,0.002355567878112197,0.0003555678781121969,-0.4054677508757152,-3.5704677508755545
2,0,-0.003254062496125698,-0.005254062496125698,-0.4087218133718409,-3.57572181337168
2,0,-0.0020953956991434097,-0.0020953956991434097,-0.4108172090709843,-3.5778172090708233
2,0,-0.0032915142364799976,-0.0032915142364799976,-0.4141087233074643,-3.5811087233073033
0,0,0.005747209303081036,0.005747209303081036,-0.40836151400438325,-3.5753615140042223
0,2,-0.002822315553203225,-0.004822315553203225,-0.4111838295575865,-3.5801838295574253
0,0,0.0013356166891753674,-0.0006643833108246327,-0.4098482128684111,-3.5808482128682497
2,2,0.0015589867252856493,-0.00044101327471435074,-0.40828922614312546,-3.581289226142964
0,0,0.0018063592724502087,-0.00019364072754979138,-0.40648286687067525,-3.5814828668705134
0,2,-0.005161902867257595,-0.007161902867257595,-0.41164476973793285,-3.588644769737771
2,2,0.002879710868000984,0.002879710868000984,-0.40876505886993186,-3.58576505886977
0,2,-0.0038993393536657095,-0.0038993393536657095,-0.4126643982235976,-3.5896643982234355
2,2,0.007953140884637833,0.007953140884637833,-0.40471125733895974,-3.5817112573387977
0,0,0.0014656380517408252,-0.0005343619482591749,-0.4032456192872189,-3.5822456192870566
0,2,-0.0032592304050922394,-0.005259230405092239,-0.40650484969231115,-3.5875048496921487
0,2,-0.011755031533539295,-0.011755031533539295,-0.41825988122585045,-3.599259881225688
0,2,-0.0040179165080189705,-0.0040179165080189705,-0.4222777977338694,-3.603277797733707
2,2,0.006027014460414648,0.006027014460414648,-0.41625078327345477,-3.5972507832732923
0,0,0.0026251086965203285,0.0006251086965203285,-0.41362567457693444,-3.5966256745767717
2,2,0.0051428042352199554,0.0031428042352199554,-0.4084828703417145,-3.5934828703415516
2,0,-0.00998540036380291,-0.01198540036380291,-0.4184682707055174,-3.6054682707053543
1,0,0.0011152700753882527,0.0011152700753882527,-0.41735300063012915,-3.604353000629966
2,2,0.011567257344722748,0.009567257344722748,-0.4057857432854064,-3.594785743285243
0,1,-0.0,-0.001,-0.4057857432854064,-3.595785743285243
2,2,0.004271554760634899,0.003271554760634899,-0.4015141885247715,-3.592514188524608
2,1,0.0,-0.001,-0.4015141885247715,-3.593514188524608
2,0,-0.002449710387736559,-0.003449710387736559,-0.40396389891250806,-3.5969638989123442
0,1,-0.0,-0.001,-0.40396389891250806,-3.597963898912344
2,2,0.0023173002991825342,0.0013173002991825342,-0.4016465986133255,-3.5966465986131615
2,1,0.0,-0.001,-0.4016465986133255,-3.5976465986131614
2,1,0.0,0.0,-0.4016465986133255,-3.5976465986131614
2,0,-0.002541131805628538,-0.003541131805628538,-0.40418773041895406,-3.60118773041879
0,0,0.004171141888946295,0.004171141888946295,-0.40001658853000777,-3.5970165885298435
1,2,0.0013997586211189628,-0.0006002413788810373,-0.3986168299088888,-3.5976168299087243
0,2,-0.005225481931120157,-0.005225481931120157,-0.40384231184000896,-3.6028423118398445
0,1,-0.0,-0.001,-0.40384231184000896,-3.6038423118398444
2,1,0.0,0.0,-0.40384231184000896,-3.6038423118398444
1,0,0.0004381182079669088,-0.0005618817920330912,-0.40340419363204205,-3.6044041936318774
1,1,-0.0,-0.001,-0.40340419363204205,-3.6054041936318773
0,1,-0.0,-0.0,-0.40340419363204205,-3.6054041936318773
0,1,-0.0,-0.0,-0.40340419363204205,-3.6054041936318773
2,1,0.0,0.0,-0.40340419363204205,-3.6054041936318773
1,1,0.0,0.0,-0.40340419363204205,-3.6054041936318773
2,1,0.0,0.0,-0.40340419363204205,-3.6054041936318773
0,0,0.012056678533554077,0.011056678533554076,-0.391347515098488,-3.594347515098323
2,2,0.00921980943530798,0.0072198094353079795,-0.38212770566318,-3.587127705663015
1,1,-0.0,-0.001,-0.38212770566318,-3.5881277056630148
1,1,-0.0,-0.0,-0.38212770566318,-3.5881277056630148
2,1,0.0,0.0,-0.38212770566318,-3.5881277056630148
2,0,-0.004299466963857412,-0.005299466963857412,-0.3864271726270374,-3.593427172626872
2,1,0.0,-0.001,-0.3864271726270374,-3.594427172626872
0,0,0.004298542160540819,0.003298542160540819,-0.3821286304664966,-3.591128630466331
0,2,-0.002732130466029048,-0.004732130466029048,-0.38486076093252564,-3.59586076093236
1,2,-0.000865764101035893,-0.000865764101035893,-0.38572652503356153,-3.5967265250333957
0,1,-0.0,-0.001,-0.38572652503356153,-3.5977265250333956
2,2,0.021879389882087708,0.020879389882087707,-0.3638471351514738,-3.576847135151308
1,0,0.0017036153003573418,-0.0002963846996426583,-0.3621435198511165,-3.5771435198509502
1,1,-0.0,-0.001,-0.3621435198511165,-3.57814351985095
0,1,-0.0,-0.0,-0.3621435198511165,-3.57814351985095
0,2,-0.012134234420955181,-0.013134234420955182,-0.37427775427207166,-3.591277754271905
1,2,0.0004249683115631342,0.0004249683115631342,-0.3738527859605085,-3.590852785960342
2,2,0.0027369714807718992,0.0027369714807718992,-0.3711158144797366,-3.58811581447957
0,1,-0.0,-0.001,-0.3711158144797366,-3.58911581447957
1,1,-0.0,-0.0,-0.3711158144797366,-3.58911581447957
2,1,0.0,0.0,-0.3711158144797366,-3.58911581447957
1,1,0.0,0.0,-0.3711158144797366,-3.58911581447957
1,1,0.0,0.0,-0.3711158144797366,-3.58911581447957
0,1,-0.0,-0.0,-0.3711158144797366,-3.58911581447957
0,1,-0.0,-0.0,-0.3711158144797366,-3.58911581447957
2,2,0.008291399106383324,0.007291399106383324,-0.3628244153733533,-3.5818244153731866
0,1,-0.0,-0.001,-0.3628244153733533,-3.5828244153731865
2,1,0.0,0.0,-0.3628244153733533,-3.5828244153731865
0,1,-0.0,-0.0,-0.3628244153733533,-3.5828244153731865
1,1,0.0,0.0,-0.3628244153733533,-3.5828244153731865
0,1,-0.0,-0.0,-0.3628244153733533,-3.5828244153731865
1,1,0.0,0.0,-0.3628244153733533,-3.5828244153731865
0,1,-0.0,-0.0,-0.3628244153733533,-3.5828244153731865
2,2,0.0027160111349076033,0.0017160111349076032,-0.3601084042384457,-3.581108404238279
2,2,0.011823519133031368,0.011823519133031368,-0.34828488510541433,-3.5692848851052474
2,0,-0.005578256212174892,-0.0075782562121748925,-0.3538631413175892,-3.576863141317422
0,0,0.004982588812708855,0.004982588812708855,-0.34888055250488037,-3.5718805525047133
2,2,0.004869375377893448,0.002869375377893448,-0.3440111771269869,-3.5690111771268196
2,2,0.003045913763344288,0.003045913763344288,-0.34096526336364263,-3.5659652633634753
0,2,-0.0023811280261725187,-0.0023811280261725187,-0.34334639138981515,-3.568346391389648
1,2,0.00034234876511618495,0.00034234876511618495,-0.34300404262469897,-3.5680040426245316
1,2,-0.00009711433085612953,-0.00009711433085612953,-0.3431011569555551,-3.5681011569553878
1,1,0.0,-0.001,-0.3431011569555551,-3.5691011569553877
0,1,-0.0,-0.0,-0.3431011569555551,-3.5691011569553877
0,2,-0.0025774589739739895,-0.0035774589739739895,-0.3456786159295291,-3.5726786159293615
1,1,0.0,-0.001,-0.3456786159295291,-3.5736786159293614
0,2,-0.005483545828610659,-0.006483545828610659,-0.35116216175813975,-3.580162161757972
0,1,-0.0,-0.001,-0.35116216175813975,-3.581162161757972
2,2,0.002307307906448841,0.001307307906448841,-0.3488548538516909,-3.579854853851523
1,2,-0.001074927975423634,-0.001074927975423634,-0.34992978182711454,-3.5809297818269465
2,2,0.00156338547822088,0.00156338547822088,-0.34836639634889366,-3.5793663963487257
1,1,0.0,-0.001,-0.34836639634889366,-3.5803663963487256
2,2,0.004661682527512312,0.003661682527512312,-0.34370471382138135,-3.576704713821213
1,1,0.0,-0.001,-0.34370471382138135,-3.577704713821213
1,0,-0.0005024670390412211,-0.0015024670390412212,-0.34420718086042257,-3.579207180860254
2,0,-0.006548682227730751,-0.006548682227730751,-0.3507558630881533,-3.585755863087985
1,0,-0.00022436805011238903,-0.00022436805011238903,-0.3509802311382657,-3.5859802311380973
1,0,0.0006549264653585851,0.0006549264653585851,-0.3503253046729071,-3.5853253046727387
0,2,-0.005837401375174522,-0.007837401375174522,-0.35616270604808165,-3.593162706047913
0,2,-0.005475133657455444,-0.005475133657455444,-0.3616378397055371,-3.5986378397053684
2,2,0.010645663365721703,0.010645663365721703,-0.3509921763398154,-3.5879921763396467
1,2,0.000657778640743345,0.000657778640743345,-0.35033439769907204,-3.5873343976989034
0,0,0.0024055226240307093,0.0004055226240307092,-0.34792887507504133,-3.5869288750748725
0,0,0.0056047458201646805,0.0056047458201646805,-0.34232412925487665,-3.5813241292547078
2,2,0.008736902847886086,0.0067369028478860855,-0.33358722640699057,-3.5745872264068215
0,0,0.0038099060766398907,0.0018099060766398906,-0.3297773203303507,-3.5727773203301814
1,2,0.0014819876523688436,-0.0005180123476311565,-0.32829533267798183,-3.5732953326778123
1,1,-0.0,-0.001,-0.32829533267798183,-3.574295332677812
2,1,0.0,0.0,-0.32829533267798183,-3.574295332677812
2,0,-0.01315735187381506,-0.01415735187381506,-0.3414526845517969,-3.588452684551627
2,0,-0.0027493240777403116,-0.0027493240777403116,-0.3442020086295372,-3.5912020086293674
0,1,-0.0,-0.001,-0.3442020086295372,-3.5922020086293673
2,2,0.003675217507407069,0.002675217507407069,-0.34052679112213013,-3.58952679112196
1,2,-0.00016540652723051608,-0.00016540652723051608,-0.34069219764936065,-3.5896921976491907
2,1,0.0,-0.001,-0.34069219764936065,-3.5906921976491906
0,0,0.0028594385366886854,0.0018594385366886854,-0.33783275911267197,-3.5888327591125018
2,1,0.0,-0.001,-0.33783275911267197,-3.5898327591125017
2,0,-0.0029114610515534878,-0.003911461051553488,-0.34074422016422545,-3.593744220164055
2,0,-0.0025801740121096373,-0.0025801740121096373,-0.3433243941763351,-3.5963243941761647
2,0,-0.00625137472525239,-0.00625137472525239,-0.3495757689015875,-3.602575768901417
0,0,0.003169604577124119,0.003169604577124119,-0.34640616432446336,-3.599406164324293
2,1,0.0,-0.001,-0.34640616432446336,-3.600406164324293
2,0,-0.008134063333272934,-0.009134063333272935,-0.3545402276577363,-3.6095402276575657
0,0,0.013672647066414356,0.013672647066414356,-0.34086758059132194,-3.5958675805911513
0,2,-0.007645055186003447,-0.009645055186003447,-0.3485126357773254,-3.6055126357771545
1,2,0.000753007538150996,0.000753007538150996,-0.3477596282391744,-3.6047596282390035
0,0,0.0118615897372365,0.0098615897372365,-0.3358980385019379,-3.594898038501767
1,2,0.0002465984143782407,-0.0017534015856217593,-0.33565144008755965,-3.5966514400873884
1,2,0.0018910985672846437,0.0018910985672846437,-0.333760341520275,-3.5947603415201037
2,1,0.0,-0.001,-0.333760341520275,-3.5957603415201036
0,1,-0.0,-0.0,-0.333760341520275,-3.5957603415201036
0,1,-0.0,-0.0,-0.333760341520275,-3.5957603415201036
1,1,0.0,0.0,-0.333760341520275,-3.5957603415201036
0,1,-0.0,-0.0,-0.333760341520275,-3.5957603415201036
2,2,0.002823765855282545,0.001823765855282545,-0.33093657566499246,-3.593936575664821
1,1,-0.0,-0.001,-0.33093657566499246,-3.594936575664821
2,1,0.0,0.0,-0.33093657566499246,-3.594936575664821
1,1,-0.0,-0.0,-0.33093657566499246,-3.594936575664821
1,2,-0.0003636662440840155,-0.0013636662440840155,-0.3313002419090765,-3.5963002419089047
0,1,-0.0,-0.001,-0.3313002419090765,-3.5973002419089046
1,2,-0.00035972558544017375,-0.0013597255854401738,-0.33165996749451665,-3.5986599674943447
1,2,-0.0001565351994941011,-0.0001565351994941011,-0.33181650269401075,-3.598816502693839
1,2,-0.0011974191293120384,-0.0011974191293120384,-0.3330139218233228,-3.600013921823151
1,2,0.0009821963030844927,0.0009821963030844927,-0.3320317255202383,-3.5990317255200663
2,2,0.0025612469762563705,0.0025612469762563705,-0.3294704785439819,-3.59647047854381
1,1,0.0,-0.001,-0.3294704785439819,-3.59747047854381
1,1,0.0,0.0,-0.3294704785439819,-3.59747047854381
0,0,0.0035084662958979607,0.0025084662958979606,-0.32596201224808397,-3.594962012247912
1,2,-0.0002710028784349561,-0.002271002878434956,-0.3262330151265189,-3.5972330151263465
2,2,0.001308860839344561,0.001308860839344561,-0.32492415428717436,-3.595924154287002
0,0,0.0007859039469622076,-0.0012140960530377925,-0.32413825034021215,-3.5971382503400395
1,0,-0.0007250580820254982,-0.0007250580820254982,-0.32486330842223765,-3.597863308422065
1,1,0.0,-0.001,-0.32486330842223765,-3.598863308422065
2,1,0.0,0.0,-0.32486330842223765,-3.598863308422065
1,0,0.00008078770770225674,-0.0009192122922977433,-0.3247825207145354,-3.5997825207143626
0,0,0.0012589844409376383,0.0012589844409376383,-0.32352353627359776,-3.598523536273425
2,2,0.0070607662200927734,0.005060766220092773,-0.316462770053505,-3.593462770053332
0,0,0.0031881097238510847,0.0011881097238510847,-0.3132746603296539,-3.5922746603294806
1,2,7.748055395495612e-6,-0.0019922519446045044,-0.3132669122742584,-3.594266912274085
2,2,0.006525042466819286,0.006525042466819286,-0.3067418698074391,-3.5877418698072656
0,0,0.0012238326016813517,-0.0007761673983186484,-0.30551803720575776,-3.588518037205584
2,0,-0.0034018487203866243,-0.0034018487203866243,-0.3089198859261444,-3.5919198859259707
0,0,0.0016302346484735608,0.0016302346484735608,-0.30728965127767083,-3.590289651277497
1,2,-0.00043750146869570017,-0.0024375014686957,-0.30772715274636653,-3.5927271527461926
1,2,-0.0000674541006446816,-0.0000674541006446816,-0.3077946068470112,-3.5927946068468373
2,2,0.003686642274260521,0.003686642274260521,-0.3041079645727507,-3.5891079645725767
2,0,-0.0010257225949317217,-0.0030257225949317217,-0.3051336871676824,-3.5921336871675082
1,0,0.00011157994595123455,0.00011157994595123455,-0.3050221072217312,-3.592022107221557
2,2,0.0007844174979254603,-0.0012155825020745397,-0.3042376897238057,-3.5932376897236313
0,0,0.0031940131448209286,0.0011940131448209285,-0.3010436765789848,-3.59204367657881
1,0,0.00003896161797456443,0.00003896161797456443,-0.3010047149610102,-3.5920047149608356
1,0,-0.00020233252143952996,-0.00020233252143952996,-0.30120704748244975,-3.592207047482275
0,0,0.001967670628800988,0.001967670628800988,-0.29923937685364876,-3.590239376853474
1,0,0.000614195829257369,0.000614195829257369,-0.2986251810243914,-3.589625181024217
2,2,0.005341450683772564,0.003341450683772564,-0.29328373034061883,-3.586283730340444
0,0,0.0059970649890601635,0.0039970649890601635,-0.28728666535155867,-3.5822866653513836
2,2,0.0022304400335997343,0.00023044003359973426,-0.28505622531795893,-3.5820562253177837
2,2,0.0025246948935091496,0.0025246948935091496,-0.2825315304244498,-3.5795315304242745
2,0,-0.005266543943434954,-0.007266543943434954,-0.28779807436788474,-3.5867980743677093
2,0,-0.008834301494061947,-0.008834301494061947,-0.2966323758619467,-3.595632375861771
1,0,-0.0009040654986165464,-0.0009040654986165464,-0.29753644136056323,-3.5965364413603877
0,0,0.003907632548362017,0.003907632548362017,-0.2936288088122012,-3.5926288088120257
2,0,-0.0030511263757944107,-0.0030511263757944107,-0.2966799351879956,-3.59567993518782
0,2,-0.003279605880379677,-0.005279605880379677,-0.2999595410683753,-3.6009595410681996
2,0,-0.014493297785520554,-0.016493297785520555,-0.31445283885389586,-3.61745283885372
2,0,-0.0035588110331445932,-0.0035588110331445932,-0.31801164988704045,-3.6210116498868645
2,2,0.005023817531764507,0.0030238175317645073,-0.31298783235527594,-3.6179878323551
0,0,0.006667464505881071,0.004667464505881071,-0.30632036784939487,-3.6133203678492185
0,2,-0.0035017793998122215,-0.005501779399812222,-0.3098221472492071,-3.6188221472490305
0,2,-0.004388796165585518,-0.004388796165585518,-0.3142109434147926,-3.623210943414616
2,2,0.001720266998745501,0.001720266998745501,-0.3124906764160471,-3.6214906764158705
2,2,0.007106729783117771,0.007106729783117771,-0.30538394663292934,-3.6143839466327528
0,0,0.0031309372279793024,0.0011309372279793024,-0.30225300940495003,-3.6132530094047732
2,1,0.0,-0.001,-0.30225300940495003,-3.614253009404773
2,2,0.0033080086577683687,0.0023080086577683687,-0.29894500074718167,-3.6119450007470046
0,0,0.0073676942847669125,0.005367694284766912,-0.29157730646241475,-3.6065773064622375
0,2,-0.00396049814298749,-0.00596049814298749,-0.29553780460540224,-3.612537804605225
2,2,0.006608908995985985,0.006608908995985985,-0.28892889560941626,-3.605928895609239
2,2,0.0024718400090932846,0.0024718400090932846,-0.286457055600323,-3.6034570556001455
1,1,-0.0,-0.001,-0.286457055600323,-3.6044570556001454
1,0,-0.0006681246450170875,-0.0016681246450170875,-0.28712518024534006,-3.6061251802451624
2,1,0.0,-0.001,-0.28712518024534006,-3.6071251802451623
2,0,-0.0022128901910036802,-0.0032128901910036803,-0.28933807043634374,-3.610338070436166
2,0,-0.0049780891276896,-0.0049780891276896,-0.29431615956403334,-3.6153161595638554
1,0,-0.0014968864852562547,-0.0014968864852562547,-0.2958130460492896,-3.6168130460491117
2,0,-0.005776326172053814,-0.005776326172053814,-0.3015893722213434,-3.6225893722211655
2,0,-0.004046979825943708,-0.004046979825943708,-0.3056363520472871,-3.626636352047109
0,0,0.005647602025419474,0.005647602025419474,-0.29998875002186765,-3.6209887500216897
0,0,0.009809382259845734,0.009809382259845734,-0.2901793677620219,-3.611179367761844
0,2,-0.002850670600309968,-0.004850670600309968,-0.2930300383623319,-3.6160300383621538
0,2,-0.002903391607105732,-0.002903391607105732,-0.2959334299694376,-3.6189334299692595
1,2,0.0006577002932317555,0.0006577002932317555,-0.29527572967620586,-3.6182757296760277
2,2,0.0022094626910984516,0.0022094626910984516,-0.2930662669851074,-3.6160662669849293
1,0,0.0008210852392949164,-0.0011789147607050837,-0.2922451817458125,-3.617245181745634
0,2,-0.003391990903764963,-0.005391990903764963,-0.29563717264957745,-3.622637172649399
0,2,-0.0028132309671491385,-0.0028132309671491385,-0.2984504036167266,-3.625450403616548
2,2,0.004110113251954317,0.004110113251954317,-0.2943402903647723,-3.6213402903645937
0,0,0.003970558755099773,0.0019705587550997734,-0.2903697316096725,-3.6193697316094937
0,2,-0.0016865371726453304,-0.0036865371726453305,-0.29205626878231783,-3.623056268782139
2,2,0.01035461388528347,0.01035461388528347,-0.28170165489703436,-3.6127016548968554
0,0,0.006302412133663893,0.004302412133663893,-0.27539924276337047,-3.6083992427631912
2,2,0.003259270451962948,0.0012592704519629478,-0.2721399723114075,-3.607139972311228
2,2,0.004951064474880695,0.004951064474880695,-0.2671889078365268,-3.6021889078363474
2,0,-0.002135158283635974,-0.004135158283635974,-0.2693240661201628,-3.606324066119983
0,0,0.002290557138621807,0.002290557138621807,-0.267033508981541,-3.6040335089813613
1,1,-0.0,-0.001,-0.267033508981541,-3.605033508981361
2,1,0.0,0.0,-0.267033508981541,-3.605033508981361
0,0,0.005078655667603016,0.004078655667603016,-0.261954853313938,-3.600954853313758
0,2,-0.005366758909076452,-0.007366758909076452,-0.2673216122230144,-3.6083216122228343
1,2,-0.0005613855319097638,-0.0005613855319097638,-0.2678829977549242,-3.608882997754744
2,2,0.0027635511942207813,0.0027635511942207813,-0.2651194465607034,-3.6061194465605233
2,2,0.0035931281745433807,0.0035931281745433807,-0.26152631838616003,-3.60252631838598
2,0,-0.0014411394950002432,-0.0034411394950002432,-0.26296745788116027,-3.60596745788098
0,2,-0.0036421387922018766,-0.005642138792201877,-0.26660959667336215,-3.6116095966731816
0,2,-0.0030445829033851624,-0.0030445829033851624,-0.2696541795767473,-3.6146541795765668
1,2,0.00005449479795061052,0.00005449479795061052,-0.2695996847787967,-3.614599684778616
1,2,-0.0009500951855443418,-0.0009500951855443418,-0.27054977996434104,-3.6155497799641605
2,2,0.0021779420785605907,0.0021779420785605907,-0.26837183788578045,-3.6133718378856
2,0,-0.0018376002553850412,-0.0038376002553850413,-0.2702094381411655,-3.6172094381409847
0,0,0.003169300965964794,0.003169300965964794,-0.2670401371752007,-3.61404013717502
0,2,-0.013526488095521927,-0.015526488095521927,-0.2805666252707226,-3.6295666252705416
0,2,-0.008142544887959957,-0.008142544887959957,-0.2887091701586826,-3.6377091701585016
0,2,-0.003152366727590561,-0.003152366727590561,-0.29186153688627314,-3.640861536886092
0,2,-0.013120700605213642,-0.013120700605213642,-0.3049822374914868,-3.653982237491306
2,2,0.003849548753350973,0.003849548753350973,-0.3011326887381358,-3.650132688737955
0,0,0.002153495093807578,0.00015349509380757805,-0.29897919364432823,-3.649979193644147
2,2,0.003934388980269432,0.001934388980269432,-0.2950448046640588,-3.6480448046638774
0,0,0.006986687425523996,0.004986687425523996,-0.2880581172385348,-3.643058117238353
1,2,-0.000342690444085747,-0.002342690444085747,-0.28840080768262055,-3.6454008076824387
2,2,0.002000042237341404,0.002000042237341404,-0.28640076544527915,-3.6434007654450973
1,2,0.0006878238637000322,0.0006878238637000322,-0.2857129415815791,-3.6427129415813972
0,2,-0.001544896513223648,-0.001544896513223648,-0.28725783809480276,-3.644257838094621
1,2,0.0013044927036389709,0.0013044927036389709,-0.2859533453911638,-3.642953345390982
0,2,-0.003435816615819931,-0.003435816615819931,-0.2893891620069837,-3.646389162006802
2,2,0.001591079286299646,0.001591079286299646,-0.2877980827206841,-3.644798082720502
1,2,-0.0008411018061451614,-0.0008411018061451614,-0.28863918452682924,-3.6456391845266474
2,2,0.0022485293447971344,0.0022485293447971344,-0.2863906551820321,-3.6433906551818502
0,2,-0.005538271274417639,-0.005538271274417639,-0.29192892645644974,-3.648928926456268
1,2,0.00006311392644420266,0.00006311392644420266,-0.29186581253000554,-3.6488658125298237
0,1,-0.0,-0.001,-0.29186581253000554,-3.6498658125298236
0,2,-0.005569919478148222,-0.006569919478148222,-0.29743573200815376,-3.6564357320079717
0,2,-0.002938871504738927,-0.002938871504738927,-0.3003746035128927,-3.6593746035127106
2,2,0.007513441611081362,0.007513441611081362,-0.29286116190181133,-3.6518611619016292
0,2,-0.005393384490162134,-0.005393384490162134,-0.29825454639197346,-3.6572545463917914
0,2,-0.0025836913846433163,-0.0025836913846433163,-0.3008382377766168,-3.6598382377764347
0,2,-0.009515522047877312,-0.009515522047877312,-0.3103537598244941,-3.669353759824312
2,2,0.008841983042657375,0.008841983042657375,-0.3015117767818367,-3.6605117767816546
0,2,-0.006075151264667511,-0.006075151264667511,-0.3075869280465042,-3.666586928046322
1,2,-0.0010042135836556554,-0.0010042135836556554,-0.3085911416301599,-3.667591141629978
1,2,0.0006243322277441621,0.0006243322277441621,-0.3079668094024157,-3.6669668094022336
2,2,0.0057181972078979015,0.0057181972078979015,-0.3022486121945178,-3.6612486121943357
1,2,-0.000471808307338506,-0.000471808307338506,-0.3027204205018563,-3.6617204205016742
2,0,-0.0064354524947702885,-0.008435452494770289,-0.3091558729966266,-3.6701558729964443
2,0,-0.0029986875597387552,-0.0029986875597387552,-0.31215456055636537,-3.673154560556183
1,1,-0.0,-0.001,-0.31215456055636537,-3.674154560556183
0,2,-0.003264357801526785,-0.004264357801526785,-0.31541891835789215,-3.6784189183577096
0,2,-0.003625480690971017,-0.003625480690971017,-0.31904439904886317,-3.6820443990486806
2,2,0.003582877339795232,0.003582877339795232,-0.31546152170906794,-3.6784615217088854
2,2,0.003169477917253971,0.003169477917253971,-0.31229204379181397,-3.6752920437916314
1,1,0.0,-0.001,-0.31229204379181397,-3.6762920437916313
2,1,0.0,0.0,-0.31229204379181397,-3.6762920437916313
1,2,0.0007599269156344235,-0.00024007308436557653,-0.31153211687617954,-3.676532116875997
0,1,-0.0,-0.001,-0.31153211687617954,-3.6775321168759967
0,1,-0.0,-0.0,-0.31153211687617954,-3.6775321168759967
2,1,0.0,0.0,-0.31153211687617954,-3.6775321168759967
2,0,-0.002643752144649625,-0.003643752144649625,-0.31417586902082917,-3.681175869020646
0,0,0.00647383276373148,0.00647383276373148,-0.3077020362570977,-3.6747020362569147
1,2,0.00039491348434239626,-0.0016050865156576038,-0.3073071227727553,-3.676307122772572
0,0,0.0018848915351554751,-0.0001151084648445249,-0.3054222312375998,-3.6764222312374164
0,0,0.0019326622132211924,0.0019326622132211924,-0.3034895690243786,-3.674489569024195
0,2,-0.006829811260104179,-0.00882981126010418,-0.3103193802844828,-3.683319380284299
0,2,-0.0019002112094312906,-0.0019002112094312906,-0.3122195914939141,-3.6852195914937305
2,2,0.0018465339671820402,0.0018465339671820402,-0.31037305752673205,-3.6833730575265484
1,2,-0.0004414080176502466,-0.0004414080176502466,-0.3108144655443823,-3.6838144655441987
2,0,-0.0024421224370598793,-0.004442122437059879,-0.3132565879814422,-3.6882565879812583
0,0,0.0032911240123212337,0.0032911240123212337,-0.30996546396912095,-3.684965463968937
2,0,-0.005828758701682091,-0.005828758701682091,-0.31579422267080304,-3.690794222670619
0,0,0.001714259386062622,0.001714259386062622,-0.3140799632847404,-3.6890799632845566
2,0,-0.00687165604904294,-0.00687165604904294,-0.32095161933378336,-3.6959516193335995
2,0,-0.0032145280856639147,-0.0032145280856639147,-0.32416614741944727,-3.6991661474192634
0,0,0.0036399047821760178,0.0036399047821760178,-0.32052624263727125,-3.6955262426370874
2,1,0.0,-0.001,-0.32052624263727125,-3.6965262426370873
0,2,-0.0030833175405859947,-0.004083317540585995,-0.32360956017785725,-3.700609560177673
2,2,0.003866941900923848,0.003866941900923848,-0.3197426182769334,-3.6967426182767493
1,1,-0.0,-0.001,-0.3197426182769334,-3.697742618276749
1,1,-0.0,-0.0,-0.3197426182769334,-3.697742618276749
1,2,0.0007897265604697168,-0.00021027343953028323,-0.3189528917164637,-3.6979528917162794
2,2,0.0010844505159184337,0.0010844505159184337,-0.31786844120054525,-3.696868441200361
1,0,0.0006688245921395719,-0.0013311754078604281,-0.3171996166084057,-3.698199616608221
0,2,-0.0018808149034157395,-0.0038808149034157396,-0.3190804315118214,-3.7020804315116367
1,2,0.000950897578150034,0.000950897578150034,-0.3181295339336714,-3.7011295339334866
1,2,-0.0007921158103272319,-0.0007921158103272319,-0.3189216497439986,-3.701921649743814
1,2,0.0006665800465270877,0.0006665800465270877,-0.3182550696974715,-3.701255069697287
2,0,-0.0009887156775221229,-0.002988715677522123,-0.31924378537499365,-3.7042437853748087
1,0,-0.0002484045398887247,-0.0002484045398887247,-0.3194921899148824,-3.7044921899146974
0,2,-0.0015714874025434256,-0.0035714874025434256,-0.3210636773174258,-3.7080636773172406
1,2,0.000013025707630731631,0.000013025707630731631,-0.32105065160979507,-3.70805065160961
0,0,0.004659854806959629,0.002659854806959629,-0.31639079680283544,-3.70539079680265
1,2,0.00003442249362706207,-0.001965577506372938,-0.3163563743092084,-3.7073563743090228
2,2,0.0012098661391064525,0.0012098661391064525,-0.3151465081701019,-3.7061465081699163
1,2,0.00009674313332652673,0.00009674313332652673,-0.3150497650367754,-3.70604976503659
2,2,0.0009410877828486264,0.0009410877828486264,-0.31410867725392677,-3.705108677253741
0,0,0.001657720422372222,-0.0003422795776277781,-0.31245095683155455,-3.7054509568313687
0,0,0.0009721042588353157,0.0009721042588353157,-0.31147885257271923,-3.7044788525725334
0,0,0.019528573378920555,0.019528573378920555,-0.2919502791937987,-3.684950279193613
1,2,0.000530779012478888,-0.001469220987521112,-0.2914195001813198,-3.6864195001811337
1,0,-0.0001115162594942376,-0.0021115162594942376,-0.29153101644081403,-3.6885310164406278
2,2,0.0045676990412175655,0.0025676990412175655,-0.28696331739959646,-3.68596331739941
1,0,-0.0008926684386096895,-0.0028926684386096895,-0.28785598583820615,-3.6888559858380194
1,0,-0.0002597009588498622,-0.0002597009588498622,-0.288115686797056,-3.6891156867968693
0,2,-0.0029541270341724157,-0.004954127034172416,-0.29106981383122843,-3.6940698138310415
1,2,0.00015399356198031455,0.00015399356198031455,-0.2909158202692481,-3.693915820269061
0,2,-0.003543947823345661,-0.003543947823345661,-0.2944597680925938,-3.697459768092407
0,2,-0.0016643417766317725,-0.0016643417766317725,-0.29612410986922555,-3.6991241098690386
1,2,0.0003114124701824039,0.0003114124701824039,-0.29581269739904315,-3.698812697398856
0,2,-0.0025900115724653006,-0.0025900115724653006,-0.29840270897150845,-3.7014027089713215
0,2,-0.006286748219281435,-0.006286748219281435,-0.3046894571907899,-3.707689457190603
2,2,0.006383759900927544,0.006383759900927544,-0.29830569728986234,-3.7013056972896754
1,1,0.0,-0.001,-0.29830569728986234,-3.7023056972896753
1,2,0.00016941790818236768,-0.0008305820918176323,-0.29813627938167997,-3.703136279381493
2,1,0.0,-0.001,-0.29813627938167997,-3.7041362793814927
1,1,-0.0,-0.0,-0.29813627938167997,-3.7041362793814927
0,1,-0.0,-0.0,-0.29813627938167997,-3.7041362793814927
1,2,-0.0007930565625429153,-0.0017930565625429154,-0.2989293359442229,-3.7059293359440355
0,1,-0.0,-0.001,-0.2989293359442229,-3.7069293359440354
1,2,-0.0003441944718360901,-0.0013441944718360901,-0.299273530416059,-3.7082735304158714
0,2,-0.004063751082867384,-0.004063751082867384,-0.30333728149892636,-3.7123372814987388
2,2,0.006450435146689415,0.006450435146689415,-0.29688684635223694,-3.7058868463520493
0,0,0.007054004818201065,0.005054004818201065,-0.2898328415340359,-3.700832841533848
0,2,-0.002789220539852977,-0.004789220539852977,-0.29262206207388886,-3.705622062073701
2,2,0.0034668671432882547,0.0034668671432882547,-0.2891551949306006,-3.7021551949304126
2,2,0.006103418301790953,0.006103418301790953,-0.28305177662880965,-3.6960517766286216
0,0,0.003608925500884652,0.001608925500884652,-0.279442851127925,-3.6944428511277367
2,2,0.006827943492680788,0.004827943492680788,-0.2726149076352442,-3.6896149076350557
2,2,0.005222910549491644,0.005222910549491644,-0.26739199708575256,-3.684391997085564
0,0,0.014999172650277615,0.012999172650277615,-0.25239282443547495,-3.6713928244352863
2,2,0.006739309523254633,0.004739309523254633,-0.24565351491222032,-3.6666535149120314
1,0,-0.0014784225495532155,-0.0034784225495532155,-0.24713193746177353,-3.6701319374615844
1,2,-0.0014659835724160075,-0.0034659835724160076,-0.24859792103418954,-3.673597921034
2,0,-0.0031706925947219133,-0.005170692594721913,-0.25176861362891145,-3.678768613628722
2,1,0.0,-0.001,-0.25176861362891145,-3.6797686136287218
2,0,-0.008944203145802021,-0.009944203145802022,-0.2607128167747135,-3.6897128167745237
2,0,-0.010250573977828026,-0.010250573977828026,-0.2709633907525415,-3.6999633907523517
1,0,0.0004851407720707357,0.0004851407720707357,-0.27047824998047076,-3.699478249980281
0,1,-0.0,-0.001,-0.27047824998047076,-3.700478249980281
2,2,0.006113470997661352,0.005113470997661352,-0.2643647789828094,-3.6953647789826194
2,2,0.007393358275294304,0.007393358275294304,-0.2569714207075151,-3.687971420707325
1,1,-0.0,-0.001,-0.2569714207075151,-3.688971420707325
0,1,-0.0,-0.0,-0.2569714207075151,-3.688971420707325
2,1,0.0,0.0,-0.2569714207075151,-3.688971420707325
1,1,-0.0,-0.0,-0.2569714207075151,-3.688971420707325
1,1,-0.0,-0.0,-0.2569714207075151,-3.688971420707325
1,1,0.0,0.0,-0.2569714207075151,-3.688971420707325
0,1,-0.0,-0.0,-0.2569714207075151,-3.688971420707325
1,1,-0.0,-0.0,-0.2569714207075151,-3.688971420707325
1,1,-0.0,-0.0,-0.2569714207075151,-3.688971420707325
1,1,0.0,0.0,-0.2569714207075151,-3.688971420707325
0,1,-0.0,-0.0,-0.2569714207075151,-3.688971420707325
1,1,-0.0,-0.0,-0.2569714207075151,-3.688971420707325
2,1,0.0,0.0,-0.2569714207075151,-3.688971420707325
2,1,0.0,0.0,-0.2569714207075151,-3.688971420707325
0,0,0.00460509117692709,0.0036050911769270897,-0.252366329530588,-3.6853663295303978
2,2,0.004959487356245518,0.0029594873562455177,-0.2474068421743425,-3.682406842174152
1,1,-0.0,-0.001,-0.2474068421743425,-3.683406842174152
1,1,-0.0,-0.0,-0.2474068421743425,-3.683406842174152
0,2,-0.002832793164998293,-0.003832793164998293,-0.2502396353393408,-3.68723963533915
0,2,-0.012137374840676785,-0.012137374840676785,-0.2623770101800176,-3.699377010179827
0,2,-0.003293985268101096,-0.003293985268101096,-0.2656709954481187,-3.702670995447928
1,2,0.00004451028871699236,0.00004451028871699236,-0.2656264851594017,-3.702626485159211
0,2,-0.005685989744961262,-0.005685989744961262,-0.27131247490436294,-3.7083124749041723
0,2,-0.0034378361888229847,-0.0034378361888229847,-0.27475031109318593,-3.7117503110929952
2,2,0.0027664522640407085,0.0027664522640407085,-0.2719838588291452,-3.7089838588289545
1,2,-0.0007623503915965557,-0.0007623503915965557,-0.2727462092207418,-3.709746209220551
2,2,0.010265485383570194,0.010265485383570194,-0.2624807238371716,-3.699480723836981
2,0,-0.0034144679084420204,-0.0054144679084420205,-0.2658951917456136,-3.7048951917454227
1,0,0.00022708869073539972,0.00022708869073539972,-0.2656681030548782,-3.7046681030546873
2,0,-0.003404187271371484,-0.003404187271371484,-0.2690722903262497,-3.708072290326059
2,1,0.0,-0.001,-0.2690722903262497,-3.7090722903260587
0,1,-0.0,-0.0,-0.2690722903262497,-3.7090722903260587
0,2,-0.0020691431127488613,-0.0030691431127488613,-0.27114143343899855,-3.7121414334388074
2,2,0.002628148766234517,0.002628148766234517,-0.26851328467276403,-3.709513284672573
2,1,0.0,-0.001,-0.26851328467276403,-3.710513284672573
2,0,-0.00209759920835495,-0.00309759920835495,-0.270610883881119,-3.7136108838809276
0,0,0.001770888571627438,0.001770888571627438,-0.26883999530949154,-3.7118399953093
1,2,-0.000915312790311873,-0.002915312790311873,-0.2697553080998034,-3.714755308099612
2,2,0.0045227352529764175,0.0045227352529764175,-0.265232572846827,-3.7102325728466354
1,0,-0.0013677967945113778,-0.003367796794511378,-0.2666003696413384,-3.7136003696411466
2,0,-0.0021768708247691393,-0.0021768708247691393,-0.2687772404661075,-3.7157772404659157
2,0,-0.002480508992448449,-0.002480508992448449,-0.27125774945855596,-3.718257749458364
1,0,-0.0005058781825937331,-0.0005058781825937331,-0.2717636276411497,-3.718763627640958
0,0,0.0018677342450246215,0.0018677342450246215,-0.2698958933961251,-3.7168958933959333
0,0,0.004861379973590374,0.004861379973590374,-0.2650345134225347,-3.712034513422343
0,2,-0.005649310536682606,-0.007649310536682606,-0.2706838239592173,-3.7196838239590253
2,2,0.006908164359629154,0.006908164359629154,-0.26377565959958815,-3.712775659599396
0,0,0.007670670282095671,0.005670670282095671,-0.2561049893174925,-3.7071049893173003
1,2,0.00044268870260566473,-0.0015573112973943353,-0.2556623006148868,-3.7086623006146944
1,2,0.0010299686109647155,0.0010299686109647155,-0.2546323320039221,-3.7076323320037297
2,2,0.0017786670941859484,0.0017786670941859484,-0.25285366490973615,-3.7058536649095437
1,0,-0.00036242103669792414,-0.002362421036697924,-0.2532160859464341,-3.7082160859462414
2,2,0.004688630346208811,0.0026886303462088108,-0.24852745560022527,-3.7055274556000324
1,0,0.00045618388685397804,-0.001543816113146022,-0.2480712717133713,-3.707071271713178
1,1,-0.0,-0.001,-0.2480712717133713,-3.708071271713178
1,2,-0.0006616562022827566,-0.0016616562022827566,-0.24873292791565405,-3.7097329279154607
0,2,-0.005052593536674976,-0.005052593536674976,-0.253785521452329,-3.7147855214521357
1,2,0.00040136947063729167,0.00040136947063729167,-0.25338415198169173,-3.7143841519814984
0,2,-0.0021096249110996723,-0.0021096249110996723,-0.2554937768927914,-3.716493776892598
0,2,-0.010725799947977066,-0.010725799947977066,-0.26621957684076847,-3.727219576840575
1,2,0.0011447808938100934,0.0011447808938100934,-0.2650747959469584,-3.726074795946765
1,2,-0.00013895961456000805,-0.00013895961456000805,-0.2652137555615184,-3.726213755561325
1,0,0.0008945688023231924,-0.0011054311976768077,-0.2643191867591952,-3.7273191867590016
0,0,0.0066247014328837395,0.0066247014328837395,-0.25769448532631145,-3.720694485326118
1,2,-0.0006432265508919954,-0.0026432265508919955,-0.25833771187720345,-3.7233377118770097
0,2,-0.0034824383910745382,-0.0034824383910745382,-0.261820150268278,-3.726820150268084
2,2,0.002312843455001712,0.002312843455001712,-0.2595073068132763,-3.7245073068130825
2,2,0.003022226272150874,0.003022226272150874,-0.2564850805411254,-3.7214850805409316
0,2,-0.002395950024947524,-0.002395950024947524,-0.2588810305660729,-3.723881030565879
0,2,-0.005734320729970932,-0.005734320729970932,-0.26461535129604385,-3.72961535129585
0,2,-0.002175414003431797,-0.002175414003431797,-0.26679076529947565,-3.731790765299282
0,2,-0.006486153230071068,-0.006486153230071068,-0.2732769185295467,-3.738276918529353
1,2,0.00015169642574619502,0.00015169642574619502,-0.2731252221038005,-3.7381252221036068
1,2,0.0005416268832050264,0.0005416268832050264,-0.2725835952205955,-3.7375835952204017
2,2,0.006846783682703972,0.006846783682703972,-0.2657368115378915,-3.7307368115376978
0,0,0.001219636877067387,-0.0007803631229326129,-0.26451717466082414,-3.73151717466063
1,2,-0.0004125857667531818,-0.002412585766753182,-0.2649297604275773,-3.733929760427383
1,2,-0.001050881459377706,-0.001050881459377706,-0.265980641886955,-3.734980641886761
1,2,-0.0005130615900270641,-0.0005130615900270641,-0.2664937034769821,-3.735493703476788
2,2,0.0038634289521723986,0.0038634289521723986,-0.2626302745248097,-3.7316302745246155
0,2,-0.002140990924090147,-0.002140990924090147,-0.26477126544889984,-3.7337712654487056
0,2,-0.0019768860656768084,-0.0019768860656768084,-0.26674815151457665,-3.7357481515143824
0,2,-0.002759611466899514,-0.002759611466899514,-0.26950776298147616,-3.738507762981282
1,2,0.0007691928767599165,0.0007691928767599165,-0.26873857010471625,-3.737738570104522
1,2,0.0003697366046253592,0.0003697366046253592,-0.2683688335000909,-3.7373688334998967
0,2,-0.0016861933981999755,-0.0016861933981999755,-0.27005502689829086,-3.7390550268980967
0,2,-0.009086616337299347,-0.009086616337299347,-0.2791416432355902,-3.748141643235396
0,2,-0.003313616383820772,-0.003313616383820772,-0.282455259619411,-3.7514552596192168
0,2,-0.017786100506782532,-0.017786100506782532,-0.3002413601261935,-3.7692413601259993
2,2,0.0030084436293691397,0.0030084436293691397,-0.2972329164968244,-3.76623291649663
1,2,-0.0012454009847715497,-0.0012454009847715497,-0.2984783174815959,-3.7674783174814017
0,2,-0.006497217807918787,-0.006497217807918787,-0.3049755352895147,-3.7739755352893205
1,2,0.0002528827462811023,0.0002528827462811023,-0.3047226525432336,-3.7737226525430394
1,2,-0.001394218415953219,-0.001394218415953219,-0.3061168709591868,-3.7751168709589926
0,2,-0.0020217716228216887,-0.0020217716228216887,-0.3081386425820085,-3.7771386425818143
0,2,-0.005263505503535271,-0.005263505503535271,-0.3134021480855438,-3.7824021480853496
2,2,0.0030998822767287493,0.0030998822767287493,-0.31030226580881504,-3.779302265808621
2,2,0.0030933311209082603,0.0030933311209082603,-0.3072089346879068,-3.7762089346877126
1,2,-0.0003013749374076724,-0.0003013749374076724,-0.30751030962531445,-3.7765103096251202
1,2,0.0011692511616274714,0.0011692511616274714,-0.306341058463687,-3.7753410584634928
1,2,-0.001168796792626381,-0.001168796792626381,-0.30750985525631336,-3.776509855256119
2,2,0.005836996715515852,0.005836996715515852,-0.3016728585407975,-3.7706728585406033
1,1,0.0,-0.001,-0.3016728585407975,-3.771672858540603
0,1,-0.0,-0.0,-0.3016728585407975,-3.771672858540603
0,1,-0.0,-0.0,-0.3016728585407975,-3.771672858540603
2,1,0.0,0.0,-0.3016728585407975,-3.771672858540603
1,1,0.0,0.0,-0.3016728585407975,-3.771672858540603
1,1,0.0,0.0,-0.3016728585407975,-3.771672858540603
1,1,0.0,0.0,-0.3016728585407975,-3.771672858540603
2,1,0.0,0.0,-0.3016728585407975,-3.771672858540603
0,0,0.0022884730715304613,0.0012884730715304613,-0.29938438546926704,-3.7703843854690726
0,0,0.001476936973631382,0.001476936973631382,-0.29790744849563566,-3.7689074484954412
0,2,-0.0013572501484304667,-0.0033572501484304667,-0.29926469864406613,-3.7722646986438715
2,2,0.0014801477082073689,0.0014801477082073689,-0.29778455093585876,-3.770784550935664
2,1,0.0,-0.001,-0.29778455093585876,-3.771784550935664
2,0,-0.005702010355889797,-0.006702010355889797,-0.30348656129174856,-3.7784865612915537
0,0,0.0013924534432590008,0.0013924534432590008,-0.30209410784848956,-3.7770941078482947
2,2,0.0040791938081383705,0.0020791938081383705,-0.2980149140403512,-3.775014914040156
0,0,0.0013134059263393283,-0.0006865940736606718,-0.29670150811401186,-3.7757015081138166
0,0,0.0012071182718500495,0.0012071182718500495,-0.2954943898421618,-3.7744943898419665
2,2,0.0009243819513358176,-0.0010756180486641825,-0.294570007890826,-3.7755700078906305
1,0,-0.00012688254355452955,-0.0021268825435545296,-0.2946968904343805,-3.7776968904341848
1,0,0.0001572231703903526,0.0001572231703903526,-0.29453966726399017,-3.7775396672637944
0,2,-0.003300661453977227,-0.005300661453977227,-0.2978403287179674,-3.7828403287177714
2,1,0.0,-0.001,-0.2978403287179674,-3.7838403287177713
0,2,-0.0056913201697170734,-0.0066913201697170735,-0.30353164888768447,-3.7905316488874883
2,2,0.0016693645156919956,0.0016693645156919956,-0.3018622843719925,-3.7888622843717963
2,0,-0.0012218811316415668,-0.003221881131641567,-0.30308416550363404,-3.7920841655034376
2,0,-0.003730196738615632,-0.003730196738615632,-0.30681436224224967,-3.7958143622420533
2,0,-0.001405817922204733,-0.001405817922204733,-0.3082201801644544,-3.797220180164258
0,0,0.0026466725394129753,0.0026466725394129753,-0.30557350762504143,-3.794573507624845
1,2,0.0005512816132977605,-0.0014487183867022396,-0.30502222601174367,-3.796022226011547
1,0,0.0005009346059523523,-0.0014990653940476478,-0.3045212914057913,-3.7975212914055945
0,0,0.0010119220241904259,0.0010119220241904259,-0.3035093693816009,-3.796509369381404
2,0,-0.0007946325349621475,-0.0007946325349621475,-0.30430400191656304,-3.797304001916366
0,2,-0.001349600381217897,-0.003349600381217897,-0.30565360229778094,-3.800653602297584
0,2,-0.001971206162124872,-0.001971206162124872,-0.3076248084599058,-3.8026248084597087
2,2,0.00470286188647151,0.00470286188647151,-0.3029219465734343,-3.7979219465732372
1,0,-0.0005027450388297439,-0.002502745038829744,-0.30342469161226404,-3.8004246916120668
0,0,0.004039869178086519,0.004039869178086519,-0.2993848224341775,-3.7963848224339802
1,0,-0.00013937073526903987,-0.00013937073526903987,-0.29952419316944656,-3.7965241931692493
0,2,-0.0010012573329731822,-0.0030012573329731822,-0.30052545050241974,-3.7995254505022222
1,0,0.00035557933733798563,-0.0016444206626620144,-0.30016987116508176,-3.801169871164884
0,0,0.00170839240308851,0.00170839240308851,-0.29846147876199325,-3.7994614787617955
1,0,-0.0006237336783669889,-0.0006237336783669889,-0.29908521244036024,-3.8000852124401625
0,2,-0.001184552675113082,-0.003184552675113082,-0.3002697651154733,-3.8032697651152754
2,2,0.0039925542660057545,0.0039925542660057545,-0.29627721084946756,-3.7992772108492696
2,2,0.0014411492738872766,0.0014411492738872766,-0.2948360615755803,-3.7978360615753823
0,0,0.012820681557059288,0.010820681557059288,-0.282015380018521,-3.787015380018323
2,0,-0.002284350572153926,-0.002284350572153926,-0.2842997305906749,-3.7892997305904768
2,2,0.004071630071848631,0.002071630071848631,-0.2802281005188263,-3.787228100518628
2,2,0.005619194824248552,0.005619194824248552,-0.27460890569457774,-3.7816089056943794
2,0,-0.0069859507493674755,-0.008985950749367476,-0.2815948564439452,-3.7905948564437466
1,0,-0.0007861808408051729,-0.0007861808408051729,-0.2823810372847504,-3.791381037284552
2,0,-0.00656563974916935,-0.00656563974916935,-0.28894667703391974,-3.797946677033721
0,0,0.001833042362704873,0.001833042362704873,-0.28711363467121487,-3.7961136346710163
0,0,0.002779279835522175,0.002779279835522175,-0.2843343548356927,-3.793334354835494
2,2,0.004732108674943447,0.002732108674943447,-0.27960224616074925,-3.7906022461605504
1,2,0.0006216238252818584,0.0006216238252818584,-0.2789806223354674,-3.7899806223352686
0,0,0.0025300043635070324,0.0005300043635070324,-0.27645061797196036,-3.7894506179717613
1,2,-0.00010267884499626234,-0.0021026788449962624,-0.2765532968169566,-3.7915532968167573
2,0,-0.0028397066053003073,-0.004839706605300307,-0.2793930034222569,-3.7963930034220574
2,0,-0.003232632065191865,-0.003232632065191865,-0.2826256354874488,-3.7996256354872493
0,0,0.0054651605896651745,0.0054651605896651745,-0.2771604748977836,-3.794160474897584
2,2,0.003990574739873409,0.0019905747398734092,-0.2731699001579102,-3.7921699001577105
0,0,0.0025126105174422264,0.0005126105174422264,-0.270657289640468,-3.791657289640268
0,0,0.0038711875677108765,0.0038711875677108765,-0.2667861020727571,-3.787786102072557
0,2,-0.00804915837943554,-0.01004915837943554,-0.27483526045219264,-3.7978352604519925
0,2,-0.002615495352074504,-0.002615495352074504,-0.27745075580426715,-3.800450755804067
0,2,-0.0015526621136814356,-0.0015526621136814356,-0.2790034179179486,-3.8020034179177484
2,2,0.00152175547555089,0.00152175547555089,-0.2774816624423977,-3.8004816624421975
2,1,0.0,-0.001,-0.2774816624423977,-3.8014816624421974
1,2,-0.00036408743471838534,-0.0013640874347183854,-0.2778457498771161,-3.8028457498769157
1,2,0.00018550355162005872,0.00018550355162005872,-0.277660246325496,-3.8026602463252956
2,0,-0.006139738950878382,-0.008139738950878382,-0.2837999852763744,-3.810799985276174
2,0,-0.010800025425851345,-0.010800025425851345,-0.29460001070222575,-3.821600010702025
1,0,-0.00007197423110483214,-0.00007197423110483214,-0.2946719849333306,-3.82167198493313
0,0,0.00351925496943295,0.00351925496943295,-0.2911527299638976,-3.818152729963697
0,2,-0.0023768069222569466,-0.004376806922256947,-0.2935295368861546,-3.8225295368859538
2,2,0.0020361521746963263,0.0020361521746963263,-0.29149338471145825,-3.8204933847112574
0,2,-0.002793871331959963,-0.002793871331959963,-0.2942872560434182,-3.8232872560432174
0,2,-0.0018561402102932334,-0.0018561402102932334,-0.29614339625371144,-3.8251433962535106
0,0,0.008786899037659168,0.006786899037659168,-0.2873564972160523,-3.8183564972158512
0,2,-0.009831887669861317,-0.011831887669861317,-0.2971883848859136,-3.8301883848857123
2,2,0.003598659299314022,0.003598659299314022,-0.29358972558659957,-3.8265897255863983
2,2,0.004844988696277142,0.004844988696277142,-0.28874473689032243,-3.821744736890121
1,2,-0.0004864295187871903,-0.0004864295187871903,-0.2892311664091096,-3.8222311664089084
2,0,-0.009690305218100548,-0.011690305218100548,-0.29892147162721017,-3.8339214716270087
0,0,0.010678141377866268,0.010678141377866268,-0.2882433302493439,-3.8232433302491424
2,2,0.0022404035553336143,0.0002404035553336143,-0.2860029266940103,-3.8230029266938086
2,2,0.013824800960719585,0.013824800960719585,-0.2721781257332907,-3.809178125733089
0,1,-0.0,-0.001,-0.2721781257332907,-3.810178125733089
2,2,0.004835259169340134,0.0038352591693401336,-0.26734286656395057,-3.8063428665637487
1,1,-0.0,-0.001,-0.26734286656395057,-3.8073428665637485
2,1,0.0,0.0,-0.26734286656395057,-3.8073428665637485
1,1,0.0,0.0,-0.26734286656395057,-3.8073428665637485
1,1,-0.0,-0.0,-0.26734286656395057,-3.8073428665637485
1,1,0.0,0.0,-0.26734286656395057,-3.8073428665637485
1,1,0.0,0.0,-0.26734286656395057,-3.8073428665637485
0,1,-0.0,-0.0,-0.26734286656395057,-3.8073428665637485
1,2,-0.001680895802564919,-0.002680895802564919,-0.2690237623665155,-3.8100237623663133
2,1,0.0,-0.001,-0.2690237623665155,-3.8110237623663132
2,1,0.0,0.0,-0.2690237623665155,-3.8110237623663132
2,1,0.0,0.0,-0.2690237623665155,-3.8110237623663132
2,1,0.0,0.0,-0.2690237623665155,-3.8110237623663132
0,0,0.0059632305055856705,0.0049632305055856705,-0.2630605318609298,-3.8060605318607275
1,2,-0.0003179915074724704,-0.0023179915074724704,-0.2633785233684023,-3.8083785233681997
1,0,0.00038102405960671604,-0.001618975940393284,-0.26299749930879557,-3.8099974993085928
1,0,0.0008518574177287519,0.0008518574177287519,-0.2621456418910668,-3.809145641890864
2,0,-0.0018495530821383,-0.0018495530821383,-0.2639951949732051,-3.8109951949730023
0,0,0.004652171395719051,0.004652171395719051,-0.25934302357748606,-3.8063430235772833
0,2,-0.004066091030836105,-0.006066091030836105,-0.26340911460832217,-3.812409114608119
2,2,0.0069853453896939754,0.0069853453896939754,-0.2564237692186282,-3.805423769218425
2,0,-0.0047264304012060165,-0.006726430401206017,-0.2611501996198342,-3.812150199619631
0,0,0.0014837204944342375,0.0014837204944342375,-0.2596664791254,-3.8106664791251967
0,0,0.008020295761525631,0.008020295761525631,-0.25164618336387434,-3.802646183363671
0,2,-0.002667521359398961,-0.004667521359398961,-0.2543137047232733,-3.80731370472307
1,2,0.0013515182072296739,0.0013515182072296739,-0.25296218651604363,-3.80596218651584
1,0,-0.000208993413252756,-0.002208993413252756,-0.2531711799292964,-3.8081711799290927
2,1,0.0,-0.001,-0.2531711799292964,-3.8091711799290926
0,1,-0.0,-0.0,-0.2531711799292964,-3.8091711799290926
1,1,-0.0,-0.0,-0.2531711799292964,-3.8091711799290926
2,1,0.0,0.0,-0.2531711799292964,-3.8091711799290926
0,0,0.018256230279803276,0.017256230279803275,-0.2349149496494931,-3.791914949649289
0,2,-0.007544503081589937,-0.009544503081589937,-0.24245945273108305,-3.801459452730879
0,2,-0.004148122388869524,-0.004148122388869524,-0.24660757511995257,-3.8056075751197485
0,2,-0.003701553214341402,-0.003701553214341402,-0.250309128334294,-3.80930912833409
2,2,0.003931188490241766,0.003931188490241766,-0.2463779398440522,-3.805377939843848
1,2,0.001349860685877502,0.001349860685877502,-0.2450280791581747,-3.8040280791579706
2,2,0.0037316973321139812,0.0037316973321139812,-0.24129638182606072,-3.8002963818258566
0,1,-0.0,-0.001,-0.24129638182606072,-3.8012963818258565
1,2,0.00045866065192967653,-0.0005413393480703235,-0.24083772117413105,-3.8018377211739267
1,1,-0.0,-0.001,-0.24083772117413105,-3.8028377211739266
0,1,-0.0,-0.0,-0.24083772117413105,-3.8028377211739266
0,2,-0.0025337007828056812,-0.0035337007828056812,-0.24337142195693673,-3.806371421956732
2,2,0.0032973745837807655,0.0032973745837807655,-0.24007404737315596,-3.8030740473729514
2,2,0.008972784504294395,0.008972784504294395,-0.23110126286886157,-3.794101262868657
1,0,0.0002283858193550259,-0.0017716141806449742,-0.23087287704950654,-3.7958728770493018
2,0,-0.003627361264079809,-0.003627361264079809,-0.23450023831358635,-3.7995002383133816
0,1,-0.0,-0.001,-0.23450023831358635,-3.8005002383133815
2,2,0.004531316924840212,0.003531316924840212,-0.22996892138874614,-3.796968921388541
1,2,-0.00008958033140515909,-0.00008958033140515909,-0.2300585017201513,-3.7970585017199463
1,1,-0.0,-0.001,-0.2300585017201513,-3.798058501719946
1,1,-0.0,-0.0,-0.2300585017201513,-3.798058501719946
1,1,0.0,0.0,-0.2300585017201513,-3.798058501719946
0,1,-0.0,-0.0,-0.2300585017201513,-3.798058501719946
0,0,0.0017373310402035713,0.0007373310402035713,-0.22832117067994773,-3.7973211706797425
0,2,-0.0023364548105746508,-0.004336454810574651,-0.23065762549052238,-3.801657625490317
0,2,-0.0014446870191022754,-0.0014446870191022754,-0.23210231250962465,-3.803102312509419
1,2,0.0006935420678928494,0.0006935420678928494,-0.2314087704417318,-3.8024087704415264
1,2,0.0003407351323403418,0.0003407351323403418,-0.23106803530939146,-3.802068035309186
1,2,-0.00003468390059424564,-0.00003468390059424564,-0.2311027192099857,-3.8021027192097803
2,2,0.002945192623883486,0.002945192623883486,-0.22815752658610222,-3.799157526585897
2,0,-0.003665456548333168,-0.005665456548333168,-0.2318229831344354,-3.8048229831342297
0,0,0.001144563197158277,0.001144563197158277,-0.2306784199372771,-3.8036784199370715
0,0,0.0015813196077942848,0.0015813196077942848,-0.22909710032948283,-3.802097100329277
1,2,0.00035142115666531026,-0.0016485788433346898,-0.22874567917281752,-3.8037456791726116
2,2,0.002006863709539175,0.002006863709539175,-0.22673881546327834,-3.8017388154630725
0,0,0.004415752366185188,0.0024157523661851883,-0.22232306309709315,-3.799323063096887
1,2,-0.0007520569488406181,-0.002752056948840618,-0.22307512004593377,-3.8020751200457275
2,2,0.0038593837525695562,0.0038593837525695562,-0.21921573629336422,-3.798215736293158
0,0,0.001535023213364184,-0.00046497678663581614,-0.21768071308000003,-3.7986807130797935
2,2,0.0027392914053052664,0.0007392914053052663,-0.21494142167469477,-3.797941421674488
0,2,-0.002322481945157051,-0.002322481945157051,-0.21726390361985182,-3.800263903619645
1,2,-0.0006430905195884407,-0.0006430905195884407,-0.21790699413944026,-3.8009069941392335
2,2,0.0011026363354176283,0.0011026363354176283,-0.21680435780402263,-3.799804357803816
0,2,-0.0008040819666348398,-0.0008040819666348398,-0.21760843977065747,-3.8006084397704507
2,2,0.001976588973775506,0.001976588973775506,-0.21563185079688196,-3.798631850796675
0,0,0.0011273565469309688,-0.0008726434530690313,-0.214504494249951,-3.799504494249744
2,0,-0.001128700445406139,-0.001128700445406139,-0.21563319469535713,-3.80063319469515
0,0,0.00105948350392282,0.00105948350392282,-0.2145737111914343,-3.7995737111912273
1,2,-0.0006189372506923974,-0.0026189372506923974,-0.2151926484421267,-3.8021926484419195
1,2,-0.00010725759057095274,-0.00010725759057095274,-0.21529990603269766,-3.8022999060324905
1,2,-0.0001892621658043936,-0.0001892621658043936,-0.21548916819850206,-3.802489168198295
1,2,0.0004270981880836189,0.0004270981880836189,-0.21506207001041844,-3.8020620700102112
2,2,0.000830636010505259,0.000830636010505259,-0.21423143399991318,-3.801231433999706
2,0,-0.0014477765653282404,-0.0034477765653282404,-0.21567921056524142,-3.804679210565034
1,0,-0.00002566624061728362,-0.00002566624061728362,-0.2157048768058587,-3.8047048768056513
0,0,0.0011191822122782469,0.0011191822122782469,-0.21458569459358046,-3.803585694593373
2,0,-0.0007175494683906436,-0.0007175494683906436,-0.2153032440619711,-3.8043032440617637
2,0,-0.0026678103022277355,-0.0026678103022277355,-0.21797105436419884,-3.8069710543639914
1,0,0.00014993605145718902,0.00014993605145718902,-0.21782111831274165,-3.8068211183125342
0,0,0.0008798196213319898,0.0008798196213319898,-0.21694129869140966,-3.8059412986912022
2,2,0.0014233238762244582,-0.0005766761237755418,-0.2155179748151852,-3.8065179748149776
1,0,-0.0003243838145863265,-0.0023243838145863265,-0.21584235862977152,-3.8088423586295637
2,0,-0.00250254780985415,-0.00250254780985415,-0.21834490643962567,-3.811344906439418
1,0,0.00025202162214554846,0.00025202162214554846,-0.21809288481748013,-3.8110928848172723
0,0,0.0005535424570553005,0.0005535424570553005,-0.21753934236042483,-3.810539342360217
0,2,-0.0005040673422627151,-0.002504067342262715,-0.21804340970268754,-3.8130434097024795
1,2,-0.00010476737224962562,-0.00010476737224962562,-0.21814817707493717,-3.813148177074729
1,2,-0.0002975694660563022,-0.0002975694660563022,-0.21844574654099347,-3.8134457465407854
2,2,0.0013489064294844866,0.0013489064294844866,-0.21709684011150898,-3.812096840111301
2,0,-0.0006043376051820815,-0.0026043376051820815,-0.21770117771669106,-3.8147011777164828
0,2,-0.0014773536240682006,-0.0034773536240682006,-0.21917853134075926,-3.8181785313405507
0,2,-0.0011212752433493733,-0.0011212752433493733,-0.22029980658410864,-3.8192998065839
0,0,0.0020847301930189133,0.00008473019301891323,-0.21821507639108972,-3.819215076390881
2,2,0.0012686292175203562,-0.0007313707824796439,-0.21694644717356937,-3.8199464471733604
1,2,-0.0003600460768211633,-0.0003600460768211633,-0.21730649325039053,-3.8203064932501816
0,0,0.0006604213849641383,-0.0013395786150358618,-0.2166460718654264,-3.821646071865217
0,2,-0.0025366845075041056,-0.004536684507504106,-0.2191827563729305,-3.826182756372721
0,2,-0.0019353365059942007,-0.0019353365059942007,-0.2211180928789247,-3.8281180928787153
1,0,-0.00027540195151232183,-0.002275401951512322,-0.22139349483043702,-3.8303934948302274
2,0,-0.0016827934887260199,-0.0016827934887260199,-0.22307628831916304,-3.8320762883189534
2,2,0.0015223004156723619,-0.0004776995843276382,-0.22155398790349068,-3.832553987903281
1,0,-0.00016199144010897726,-0.0021619914401089773,-0.22171597934359966,-3.8347159793433896
0,0,0.0007014062139205635,0.0007014062139205635,-0.2210145731296791,-3.834014573129469
0,0,0.0032204519957304,0.0032204519957304,-0.2177941211339487,-3.8307941211337386
2,0,-0.0016027020756155252,-0.0016027020756155252,-0.21939682320956422,-3.832396823209354
1,0,-0.0004084935353603214,-0.0004084935353603214,-0.21980531674492454,-3.8328053167447145
2,0,-0.005790457129478455,-0.005790457129478455,-0.225595773874403,-3.838595773874193
0,0,0.001397866988554597,0.001397866988554597,-0.2241979068858484,-3.8371979068856383
2,0,-0.0023928158916532993,-0.0023928158916532993,-0.2265907227775017,-3.8395907227772916
1,2,0.0005956045351922512,-0.0014043954648077488,-0.22599511824230945,-3.840995118242099
0,0,0.0007830841932445765,-0.0012169158067554236,-0.22521203404906487,-3.8422120340488544
2,0,-0.00440441258251667,-0.00440441258251667,-0.22961644663158154,-3.846616446631371
0,0,0.0015519361477345228,0.0015519361477345228,-0.22806451048384702,-3.8450645104836365
2,0,-0.011553432792425156,-0.011553432792425156,-0.23961794327627217,-3.8566179432760617
2,0,-0.010129471309483051,-0.010129471309483051,-0.24974741458575522,-3.8667474145855447
1,0,-0.0007182266563177109,-0.0007182266563177109,-0.25046564124207293,-3.8674656412418624
0,0,0.003968271892517805,0.003968271892517805,-0.24649736934955513,-3.8634973693493446
2,2,0.005764619447290897,0.0037646194472908973,-0.24073274990226423,-3.8597327499020535
0,2,-0.0012188098626211286,-0.0012188098626211286,-0.24195155976488536,-3.8609515597646746
1,0,-0.0002619597944431007,-0.0022619597944431007,-0.24221351955932846,-3.8632135195591175
1,0,-0.0008314232109114528,-0.0008314232109114528,-0.2430449427702399,-3.864044942770029
0,0,0.0032225600443780422,0.0032225600443780422,-0.23982238272586187,-3.860822382725651
2,0,-0.002016618847846985,-0.002016618847846985,-0.24183900157370886,-3.862839001573498
2,0,-0.0015717739006504416,-0.0015717739006504416,-0.2434107754743593,-3.8644107754741484
2,0,-0.007245234679430723,-0.007245234679430723,-0.25065601015379,-3.871656010153579
1,0,-0.0006147719686850905,-0.0006147719686850905,-0.2512707821224751,-3.872270782122264
0,2,-0.00223796209320426,-0.00423796209320426,-0.25350874421567937,-3.876508744215468
0,2,-0.003571122419089079,-0.003571122419089079,-0.25707986663476845,-3.8800798666345573
1,2,0.0008859110530465841,0.0008859110530465841,-0.25619395558172187,-3.8791939555815107
2,2,0.0032520268578082323,0.0032520268578082323,-0.25294192872391363,-3.8759419287237025
2,0,-0.004504844546318054,-0.006504844546318054,-0.2574467732702317,-3.8824467732700203
0,0,0.002428740030154586,0.002428740030154586,-0.2550180332400771,-3.8800180332398657
0,2,-0.0032219868153333664,-0.0052219868153333664,-0.25824002005541047,-3.885240020055199
2,0,-0.004508138168603182,-0.006508138168603182,-0.26274815822401365,-3.891748158223802
0,0,0.0021405380684882402,0.0021405380684882402,-0.2606076201555254,-3.8896076201553136
2,0,-0.0012392745120450854,-0.0012392745120450854,-0.2618468946675705,-3.8908468946673587
0,2,-0.00460802810266614,-0.00660802810266614,-0.26645492277023664,-3.8974549227700246
0,2,-0.010034932754933834,-0.010034932754933834,-0.27648985552517047,-3.9074898555249584
1,2,0.0006197669426910579,0.0006197669426910579,-0.2758700885824794,-3.9068700885822674
1,2,-0.0011328979162499309,-0.0011328979162499309,-0.27700298649872934,-3.9080029864985173
0,2,-0.0054775141179561615,-0.0054775141179561615,-0.2824805006166855,-3.9134805006164735
2,2,0.003997699823230505,0.003997699823230505,-0.278482800793455,-3.909482800793243
2,2,0.00153084855992347,0.00153084855992347,-0.27695195223353153,-3.9079519522333195
1,0,-0.0010962419910356402,-0.0030962419910356403,-0.27804819422456717,-3.911048194224355
0,0,0.002699900884181261,0.002699900884181261,-0.2753482933403859,-3.9083482933401736
0,1,-0.0,-0.001,-0.2753482933403859,-3.9093482933401735
1,2,0.0008201587479561567,-0.0001798412520438433,-0.27452813459242975,-3.9095281345922173
2,2,0.004537620581686497,0.004537620581686497,-0.26999051401074325,-3.9049905140105308
2,1,0.0,-0.001,-0.26999051401074325,-3.9059905140105307
0,0,0.013278212398290634,0.012278212398290633,-0.2567123016124526,-3.89371230161224
2,2,0.0015788127202540636,-0.00042118727974593644,-0.25513348889219856,-3.8941334888919856
1,2,0.0006791093037463725,0.0006791093037463725,-0.2544543795884522,-3.8934543795882393
0,2,-0.002344974083825946,-0.002344974083825946,-0.25679935367227813,-3.895799353672065
0,2,-0.005459683947265148,-0.005459683947265148,-0.2622590376195433,-3.9012590376193303
2,2,0.0045228805392980576,0.0045228805392980576,-0.2577361570802452,-3.8967361570800323
1,0,-0.0009074907866306603,-0.0029074907866306603,-0.2586436478668759,-3.8996436478666627
2,2,0.0069495621137320995,0.0049495621137320995,-0.2516940857531438,-3.8946940857529304
0,0,0.003839351236820221,0.001839351236820221,-0.24785473451632356,-3.89285473451611
2,2,0.00827569980174303,0.0062756998017430305,-0.23957903471458053,-3.8865790347143667
2,0,-0.004454550798982382,-0.006454550798982382,-0.2440335855135629,-3.893033585513349
2,0,-0.008736328221857548,-0.008736328221857548,-0.25276991373542046,-3.9017699137352064
2,0,-0.022433500736951828,-0.022433500736951828,-0.2752034144723723,-3.9242034144721583
2,0,-0.005718571599572897,-0.005718571599572897,-0.2809219860719452,-3.929921986071731
0,0,0.0029802073258906603,0.0029802073258906603,-0.2779417787460545,-3.9269417787458405
0,0,0.0032575575169175863,0.0032575575169175863,-0.27468422122913694,-3.923684221228923
1,1,-0.0,-0.001,-0.27468422122913694,-3.924684221228923
1,1,-0.0,-0.0,-0.27468422122913694,-3.924684221228923
2,1,0.0,0.0,-0.27468422122913694,-3.924684221228923
2,1,0.0,0.0,-0.27468422122913694,-3.924684221228923
1,1,0.0,0.0,-0.27468422122913694,-3.924684221228923
1,1,-0.0,-0.0,-0.27468422122913694,-3.924684221228923
2,1,0.0,0.0,-0.27468422122913694,-3.924684221228923
1,1,-0.0,-0.0,-0.27468422122913694,-3.924684221228923
0,1,-0.0,-0.0,-0.27468422122913694,-3.924684221228923
2,1,0.0,0.0,-0.27468422122913694,-3.924684221228923
2,1,0.0,0.0,-0.27468422122913694,-3.924684221228923
0,0,0.006569711957126856,0.005569711957126856,-0.2681145092720101,-3.919114509271796
0,2,-0.009643131867051125,-0.011643131867051125,-0.2777576411390612,-3.9307576411388467
2,2,0.005584488622844219,0.005584488622844219,-0.272173152516217,-3.9251731525160025
2,0,-0.004087833222001791,-0.006087833222001791,-0.2762609857382188,-3.931260985738004
2,0,-0.003987592179328203,-0.003987592179328203,-0.280248577917547,-3.9352485779173323
0,0,0.0110298627987504,0.0110298627987504,-0.2692187151187966,-3.924218715118582
2,2,0.0030733474995940924,0.0010733474995940923,-0.2661453676192025,-3.9231453676189876
1,2,0.0007631854387000203,0.0007631854387000203,-0.26538218218050247,-3.9223821821802876
2,1,0.0,-0.001,-0.26538218218050247,-3.9233821821802874
0,1,-0.0,-0.0,-0.26538218218050247,-3.9233821821802874
1,2,0.00007162216206779703,-0.000928377837932203,-0.26531056001843467,-3.9243105600182195
0,2,-0.003586418693885207,-0.003586418693885207,-0.2688969787123199,-3.9278969787121047
2,2,0.0015999225433915854,0.0015999225433915854,-0.2672970561689283,-3.926297056168713
2,0,-0.001855771173723042,-0.003855771173723042,-0.26915282734265134,-3.930152827342436
1,0,0.000960908830165863,0.000960908830165863,-0.26819191851248547,-3.92919191851227
0,0,0.0029679571744054556,0.0029679571744054556,-0.26522396133808,-3.9262239613378647
2,1,0.0,-0.001,-0.26522396133808,-3.9272239613378646
1,1,0.0,0.0,-0.26522396133808,-3.9272239613378646
1,1,-0.0,-0.0,-0.26522396133808,-3.9272239613378646
2,1,0.0,0.0,-0.26522396133808,-3.9272239613378646
2,1,0.0,0.0,-0.26522396133808,-3.9272239613378646
0,1,-0.0,-0.0,-0.26522396133808,-3.9272239613378646
0,1,-0.0,-0.0,-0.26522396133808,-3.9272239613378646
2,1,0.0,0.0,-0.26522396133808,-3.9272239613378646
0,1,-0.0,-0.0,-0.26522396133808,-3.9272239613378646
2,2,0.004533788654953241,0.0035337886549532413,-0.2606901726831268,-3.923690172682911
2,0,-0.014215504750609398,-0.0162155047506094,-0.2749056774337362,-3.9399056774335204
1,0,0.000847577175591141,0.000847577175591141,-0.27405810025814503,-3.9390581002579292
2,0,-0.003692076774314046,-0.003692076774314046,-0.2777501770324591,-3.9427501770322433
0,0,0.006361809559166431,0.006361809559166431,-0.27138836747329265,-3.936388367473077
2,2,0.0028840522281825542,0.0008840522281825542,-0.2685043152451101,-3.935504315244894
2,2,0.004396233707666397,0.004396233707666397,-0.2641080815374437,-3.9311080815372277
0,0,0.002060010563582182,0.00006001056358218189,-0.2620480709738615,-3.9310480709736453
0,1,-0.0,-0.001,-0.2620480709738615,-3.932048070973645
0,2,-0.0021990633103996515,-0.0031990633103996515,-0.26424713428426116,-3.9352471342840447
2,2,0.0024356015492230654,0.0024356015492230654,-0.2618115327350381,-3.9328115327348216
2,0,-0.002704674145206809,-0.004704674145206809,-0.2645162068802449,-3.9375162068800282
0,0,0.0026722969487309456,0.0026722969487309456,-0.26184390993151396,-3.9348439099312973
1,1,-0.0,-0.001,-0.26184390993151396,-3.935843909931297
2,1,0.0,0.0,-0.26184390993151396,-3.935843909931297
1,0,-0.00014627876225858927,-0.0011462787622585893,-0.26199018869377255,-3.9369901886935557
0,1,-0.0,-0.001,-0.26199018869377255,-3.9379901886935555
0,1,-0.0,-0.0,-0.26199018869377255,-3.9379901886935555
2,2,0.0017362756188958883,0.0007362756188958883,-0.26025391307487666,-3.9372539130746596
2,2,0.0025292655918747187,0.0025292655918747187,-0.25772464748300195,-3.934724647482785
2,1,0.0,-0.001,-0.25772464748300195,-3.9357246474827847
2,0,-0.0030200453475117683,-0.004020045347511768,-0.2607446928305137,-3.9397446928302964
2,0,-0.0018158240709453821,-0.0018158240709453821,-0.2625605169014591,-3.9415605169012418
1,0,-0.0008676160941831768,-0.0008676160941831768,-0.2634281329956423,-3.942428132995425
2,0,-0.008092014119029045,-0.008092014119029045,-0.2715201471146713,-3.950520147114454
0,0,0.006170364562422037,0.006170364562422037,-0.2653497825522493,-3.944349782552032
2,2,0.007312643341720104,0.005312643341720104,-0.2580371392105292,-3.9390371392103116
2,2,0.0017702621407806873,0.0017702621407806873,-0.2562668770697485,-3.937266877069531
1,0,0.00019955038442276418,-0.0018004496155772359,-0.2560673266853257,-3.939067326685108
2,0,-0.0017635264666751027,-0.0017635264666751027,-0.2578308531520008,-3.940830853151783
2,0,-0.0017131230561062694,-0.0017131230561062694,-0.2595439762081071,-3.9425439762078893
0,0,0.002333774697035551,0.002333774697035551,-0.25721020151107155,-3.9402102015108538
0,0,0.004294865299016237,0.004294865299016237,-0.2529153362120553,-3.9359153362118375
2,2,0.001175263081677258,-0.000824736918322742,-0.25174007313037805,-3.93674007313016
0,0,0.0018420880660414696,-0.00015791193395853047,-0.24989798506433658,-3.9368979850641184
2,2,0.0017281877808272839,-0.0002718122191727162,-0.2481697972835093,-3.937169797283291
1,0,-0.00016693968791514635,-0.0021669396879151464,-0.24833673697142444,-3.939336736971206
0,1,-0.0,-0.001,-0.24833673697142444,-3.9403367369712057
1,1,-0.0,-0.0,-0.24833673697142444,-3.9403367369712057
0,2,-0.0011516656959429383,-0.0021516656959429383,-0.24948840266736738,-3.9424884026671485
1,1,0.0,-0.001,-0.24948840266736738,-3.9434884026671484
1,2,-0.00022844201885163784,-0.0012284420188516379,-0.24971684468621902,-3.944716844686
0,2,-0.001116983126848936,-0.001116983126848936,-0.25083382781306796,-3.945833827812849
2,2,0.0033377492800354958,0.0033377492800354958,-0.24749607853303246,-3.9424960785328134
1,0,0.0008699779864400625,-0.0011300220135599375,-0.2466261005465924,-3.943626100546373
2,1,0.0,-0.001,-0.2466261005465924,-3.944626100546373
1,0,-0.0004585610586218536,-0.0014585610586218536,-0.24708466160521425,-3.9460846616049947
0,0,0.003879438852891326,0.003879438852891326,-0.24320522275232292,-3.9422052227521034
2,2,0.0006411547074094415,-0.0013588452925905586,-0.24256406804491348,-3.9435640680446937
2,2,0.0021090556401759386,0.0021090556401759386,-0.24045501240473754,-3.941455012404518
2,0,-0.0024149299133569,-0.0044149299133569,-0.24286994231809444,-3.9458699423178745
2,0,-0.0008436306961812079,-0.0008436306961812079,-0.24371357301427565,-3.9467135730140557
2,0,-0.006163523532450199,-0.006163523532450199,-0.24987709654672585,-3.952877096546506
2,0,-0.0018916698172688484,-0.0018916698172688484,-0.2517687663639947,-3.9547687663637747
0,0,0.0053983875550329685,0.0053983875550329685,-0.24637037880896173,-3.9493703788087418
2,2,0.0018622191855683923,-0.00013778081443160776,-0.24450815962339334,-3.949508159623173
1,2,-0.0006952171679586172,-0.0006952171679586172,-0.24520337679135196,-3.9502033767911318
0,0,0.004546543583273888,0.0025465435832738876,-0.24065683320807807,-3.9476568332078577
1,2,0.0005036848597228527,-0.0014963151402771473,-0.24015314834835522,-3.9491531483481346
0,0,0.019849101081490517,0.017849101081490515,-0.2203040472668647,-3.931304047266644
2,2,0.0016409468371421099,-0.00035905316285789017,-0.2186631004297226,-3.9316631004295015
0,2,-0.002346072578802705,-0.002346072578802705,-0.2210091730085253,-3.934009173008304
0,2,-0.0017707295482978225,-0.0017707295482978225,-0.22277990255682312,-3.935779902556602
2,2,0.003403768641874194,0.003403768641874194,-0.21937613391494892,-3.932376133914728
1,2,-0.000588513445109129,-0.000588513445109129,-0.21996464736005805,-3.932964647359837
1,2,-0.0000420000942540355,-0.0000420000942540355,-0.2200066474543121,-3.933006647454091
1,0,0.0004995316849090159,-0.0015004683150909841,-0.21950711576940307,-3.9345071157691818
1,2,-0.001358888461254537,-0.003358888461254537,-0.2208660042306576,-3.937866004230436
1,2,-0.0011057117953896523,-0.0011057117953896523,-0.22197171602604726,-3.9389717160258257
1,2,0.00021914136596024036,0.00021914136596024036,-0.22175257466008702,-3.9387525746598655
0,2,-0.005395075771957636,-0.005395075771957636,-0.22714765043204466,-3.944147650431823
0,2,-0.002741218777373433,-0.002741218777373433,-0.2298888692094181,-3.9468888692091966
0,2,-0.001992124831303954,-0.001992124831303954,-0.23188099404072204,-3.9488809940405005
2,2,0.002028942108154297,0.002028942108154297,-0.22985205193256775,-3.9468520519323462
1,2,0.0006238529458642006,0.0006238529458642006,-0.22922819898670355,-3.946228198986482
2,1,0.0,-0.001,-0.22922819898670355,-3.947228198986482
1,1,-0.0,-0.0,-0.22922819898670355,-3.947228198986482
1,1,-0.0,-0.0,-0.22922819898670355,-3.947228198986482
2,2,0.0035283099859952927,0.0025283099859952926,-0.22569988900070825,-3.9446998890004865
1,2,0.00040070232353173196,0.00040070232353173196,-0.22529918667717652,-3.944299186676955
0,2,-0.00634385459125042,-0.00634385459125042,-0.23164304126842694,-3.950643041268205
0,2,-0.0024249288253486156,-0.0024249288253486156,-0.23406797009377556,-3.953067970093554
2,2,0.006083156447857618,0.006083156447857618,-0.22798481364591794,-3.946984813645696
1,2,0.0003514779091347009,0.0003514779091347009,-0.22763333573678324,-3.9466333357365615
0,0,0.0017501841066405177,-0.00024981589335948233,-0.22588315163014272,-3.9468831516299208
0,0,0.0013676959788426757,0.0013676959788426757,-0.22451545565130004,-3.945515455651078
0,2,-0.0012081799795851111,-0.003208179979585111,-0.22572363563088516,-3.948723635630663
1,2,-0.00016195345961023122,-0.00016195345961023122,-0.2258855890904954,-3.948885589090273
2,2,0.001956920139491558,0.001956920139491558,-0.22392866895100383,-3.9469286689507816
0,0,0.0028735517989844084,0.0008735517989844083,-0.22105511715201942,-3.946055117151797
0,2,-0.001882475451566279,-0.003882475451566279,-0.2229375926035857,-3.949937592603363
2,2,0.001585879479534924,0.001585879479534924,-0.22135171312405078,-3.948351713123828
1,2,-0.0005227880319580436,-0.0005227880319580436,-0.22187450115600882,-3.948874501155786
2,2,0.002453321125358343,0.002453321125358343,-0.21942118003065048,-3.946421180030428
2,0,-0.0020454274490475655,-0.0040454274490475655,-0.22146660747969804,-3.950466607479475
2,0,-0.008235299959778786,-0.008235299959778786,-0.22970190743947683,-3.958701907439254
2,0,-0.010238680057227612,-0.010238680057227612,-0.23994058749670444,-3.9689405874964816
0,0,0.007396887522190809,0.007396887522190809,-0.23254369997451363,-3.961543699974291
2,0,-0.004661248996853828,-0.004661248996853828,-0.23720494897136746,-3.9662049489711446
1,0,0.0007411090773530304,0.0007411090773530304,-0.23646383989401443,-3.9654638398937916
2,0,-0.003817987395450473,-0.003817987395450473,-0.2402818272894649,-3.969281827289242
2,2,0.01232227310538292,0.01032227310538292,-0.22795955418408198,-3.958959554183859
0,0,0.0023685055784881115,0.00036850557848811145,-0.22559104860559387,-3.9585910486053706
1,1,0.0,-0.001,-0.22559104860559387,-3.9595910486053705
2,2,0.019584711641073227,0.018584711641073226,-0.20600633696452064,-3.941006336964297
0,0,0.002805194351822138,0.0008051943518221378,-0.2032011426126985,-3.940201142612475
0,1,-0.0,-0.001,-0.2032011426126985,-3.9412011426124747
2,1,0.0,0.0,-0.2032011426126985,-3.9412011426124747
1,1,-0.0,-0.0,-0.2032011426126985,-3.9412011426124747
1,1,0.0,0.0,-0.2032011426126985,-3.9412011426124747
1,1,-0.0,-0.0,-0.2032011426126985,-3.9412011426124747
0,1,-0.0,-0.0,-0.2032011426126985,-3.9412011426124747
2,1,0.0,0.0,-0.2032011426126985,-3.9412011426124747
1,1,0.0,0.0,-0.2032011426126985,-3.9412011426124747
2,1,0.0,0.0,-0.2032011426126985,-3.9412011426124747
0,1,-0.0,-0.0,-0.2032011426126985,-3.9412011426124747
0,1,-0.0,-0.0,-0.2032011426126985,-3.9412011426124747
1,1,0.0,0.0,-0.2032011426126985,-3.9412011426124747
1,1,0.0,0.0,-0.2032011426126985,-3.9412011426124747
2,1,0.0,0.0,-0.2032011426126985,-3.9412011426124747
0,0,0.006806476507335901,0.005806476507335901,-0.1963946661053626,-3.9353946661051387
2,2,0.004037105478346348,0.0020371054783463478,-0.19235756062701626,-3.933357560626792
0,0,0.008866808377206326,0.0068668083772063255,-0.18349075224980993,-3.9264907522495855
1,2,0.0012945020571351051,-0.0007054979428648949,-0.18219625019267482,-3.92719625019245
0,2,-0.00881087128072977,-0.00881087128072977,-0.1910071214734046,-3.93600712147318
2,2,0.0017528750468045473,0.0017528750468045473,-0.18925424642660005,-3.9342542464263754
0,2,-0.001630064332857728,-0.001630064332857728,-0.19088431075945778,-3.935884310759233
2,2,0.002356931334361434,0.002356931334361434,-0.18852737942509634,-3.9335273794248717
0,0,0.003425485221669078,0.0014254852216690778,-0.18510189420342726,-3.9321018942032024
1,2,0.001463335589505732,-0.000536664410494268,-0.18363855861392153,-3.9326385586136965
2,1,0.0,-0.001,-0.18363855861392153,-3.9336385586136964
1,0,-0.0006022189045324922,-0.0016022189045324922,-0.18424077751845402,-3.9352407775182288
0,1,-0.0,-0.001,-0.18424077751845402,-3.9362407775182287
1,1,0.0,0.0,-0.18424077751845402,-3.9362407775182287
1,1,-0.0,-0.0,-0.18424077751845402,-3.9362407775182287
0,1,-0.0,-0.0,-0.18424077751845402,-3.9362407775182287
0,2,-0.0017561664571985602,-0.0027561664571985603,-0.18599694397565258,-3.938996943975427
0,2,-0.002183821052312851,-0.002183821052312851,-0.18818076502796544,-3.94118076502774
2,2,0.005141753703355789,0.005141753703355789,-0.18303901132460965,-3.936039011324384
1,1,-0.0,-0.001,-0.18303901132460965,-3.937039011324384
0,2,-0.001987335504963994,-0.002987335504963994,-0.18502634682957364,-3.940026346829348
2,2,0.004552420694380999,0.004552420694380999,-0.18047392613519264,-3.935473926134967
1,0,-0.0009697220521047711,-0.002969722052104771,-0.1814436481872974,-3.9384436481870715
0,2,-0.002829357050359249,-0.004829357050359249,-0.18427300523765666,-3.9432730052374305
2,2,0.0011859741061925888,0.0011859741061925888,-0.18308703113146407,-3.942087031131238
0,2,-0.0041586351580917835,-0.0041586351580917835,-0.18724566628955586,-3.9462456662893297
2,2,0.001312851789407432,0.001312851789407432,-0.18593281450014842,-3.9449328144999223
2,2,0.0026183859445154667,0.0026183859445154667,-0.18331442855563296,-3.942314428555407
2,0,-0.0034383414313197136,-0.005438341431319714,-0.18675276998695267,-3.9477527699867263
2,0,-0.008197356946766376,-0.008197356946766376,-0.19495012693371905,-3.9559501269334927
0,0,0.002147830557078123,0.002147830557078123,-0.19280229637664092,-3.9538022963764146
0,0,0.0013180486857891083,0.0013180486857891083,-0.19148424769085182,-3.9524842476906255
2,0,-0.002951097907498479,-0.002951097907498479,-0.1944353455983503,-3.955435345598124
0,0,0.0020565660670399666,0.0020565660670399666,-0.19237877953131033,-3.953378779531084
1,1,0.0,-0.001,-0.19237877953131033,-3.954378779531084
0,0,0.0021066053304821253,0.0011066053304821253,-0.1902721742008282,-3.9532721742006016
2,0,-0.003070384729653597,-0.003070384729653597,-0.1933425589304818,-3.956342558930255
1,0,-0.000012952723409398459,-0.000012952723409398459,-0.1933555116538912,-3.9563555116536646
1,2,0.0007467012037523091,-0.001253298796247691,-0.1926088104501389,-3.957608810449912
2,2,0.0013245093869045377,0.0013245093869045377,-0.19128430106323435,-3.9562843010630075
1,2,0.0000203879717446398,0.0000203879717446398,-0.1912639130914897,-3.956263913091263
0,0,0.0045138695277273655,0.0025138695277273655,-0.18675004356376235,-3.9537500435635353
1,0,0.0003898652794305235,0.0003898652794305235,-0.18636017828433182,-3.953360178284105
0,0,0.0011239891173318028,0.0011239891173318028,-0.18523618916700002,-3.952236189166773
0,2,-0.0037744403816759586,-0.005774440381675959,-0.18901062954867598,-3.9580106295484487
2,2,0.0035166116431355476,0.0035166116431355476,-0.18549401790554043,-3.954494017905313
1,0,-0.0006596568273380399,-0.00265965682733804,-0.18615367473287847,-3.957153674732651
0,2,-0.01126564759761095,-0.01326564759761095,-0.19741932233048942,-3.9704193223302617
2,2,0.0025080994237214327,0.0025080994237214327,-0.194911222906768,-3.9679112229065403
2,0,-0.009737851098179817,-0.011737851098179817,-0.2046490740049478,-3.97964907400472
0,0,0.007007623557001352,0.007007623557001352,-0.19764145044794645,-3.9726414504477185
2,2,0.0022580313961952925,0.00025803139619529243,-0.19538341905175116,-3.972383419051523
2,2,0.009151301346719265,0.009151301346719265,-0.1862321177050319,-3.9632321177048038
2,0,-0.004206704907119274,-0.006206704907119274,-0.19043882261215117,-3.969438822611923
0,0,0.001587604871019721,0.001587604871019721,-0.18885121774113145,-3.967851217740903
0,0,0.0038523543626070023,0.0038523543626070023,-0.18499886337852445,-3.963998863378296
1,1,-0.0,-0.001,-0.18499886337852445,-3.964998863378296
2,2,0.003817706136032939,0.002817706136032939,-0.1811811572424915,-3.962181157242263
0,1,-0.0,-0.001,-0.1811811572424915,-3.963181157242263
0,1,-0.0,-0.0,-0.1811811572424915,-3.963181157242263
1,1,-0.0,-0.0,-0.1811811572424915,-3.963181157242263
1,2,-0.0011275430442765355,-0.0021275430442765355,-0.18230870028676804,-3.9653087002865393
2,2,0.0023502223193645477,0.0023502223193645477,-0.1799584779674035,-3.9629584779671747
0,1,-0.0,-0.001,-0.1799584779674035,-3.9639584779671746
2,1,0.0,0.0,-0.1799584779674035,-3.9639584779671746
2,1,0.0,0.0,-0.1799584779674035,-3.9639584779671746
2,0,-0.009354869835078716,-0.010354869835078717,-0.1893133478024822,-3.974313347802253
1,0,5.146463990968186e-6,5.146463990968186e-6,-0.18930820133849124,-3.9743082013382622
0,0,0.006636117585003376,0.006636117585003376,-0.18267208375348787,-3.967672083753259
2,2,0.004121874459087849,0.0021218744590878486,-0.17855020929440002,-3.965550209294171
2,2,0.008475065231323242,0.008475065231323242,-0.17007514406307678,-3.9570751440628475
2,0,-0.014417742379009724,-0.016417742379009725,-0.1844928864420865,-3.973492886441857
2,0,-0.007043267600238323,-0.007043267600238323,-0.19153615404232482,-3.9805361540420954
1,0,0.0013072376605123281,0.0013072376605123281,-0.1902289163818125,-3.979228916381583
1,0,-0.0009267412242479622,-0.0009267412242479622,-0.19115565760606046,-3.980155657605831
0,0,0.004332030192017555,0.004332030192017555,-0.1868236274140429,-3.9758236274138135
0,1,-0.0,-0.001,-0.1868236274140429,-3.9768236274138133
2,2,0.003024068893864751,0.002024068893864751,-0.18379955852017815,-3.9747995585199485
1,1,-0.0,-0.001,-0.18379955852017815,-3.9757995585199484
1,1,0.0,0.0,-0.18379955852017815,-3.9757995585199484
0,0,0.001867306767962873,0.000867306767962873,-0.18193225175221528,-3.9749322517519854
0,1,-0.0,-0.001,-0.18193225175221528,-3.9759322517519853
1,1,0.0,0.0,-0.18193225175221528,-3.9759322517519853
1,1,0.0,0.0,-0.18193225175221528,-3.9759322517519853
1,1,0.0,0.0,-0.18193225175221528,-3.9759322517519853
0,1,-0.0,-0.0,-0.18193225175221528,-3.9759322517519853
1,1,0.0,0.0,-0.18193225175221528,-3.9759322517519853
1,1,0.0,0.0,-0.18193225175221528,-3.9759322517519853
1,1,0.0,0.0,-0.18193225175221528,-3.9759322517519853
0,1,-0.0,-0.0,-0.18193225175221528,-3.9759322517519853
0,1,-0.0,-0.0,-0.18193225175221528,-3.9759322517519853
0,1,-0.0,-0.0,-0.18193225175221528,-3.9759322517519853
0,2,-0.005371195264160633,-0.006371195264160633,-0.1873034470163759,-3.982303447016146
0,2,-0.0019774213433265686,-0.0019774213433265686,-0.18928086835970248,-3.9842808683594724
2,2,0.002205904107540846,0.002205904107540846,-0.18707496425216164,-3.9820749642519315
0,2,-0.001104183029383421,-0.001104183029383421,-0.18817914728154506,-3.983179147281315
2,2,0.0016685390146449208,0.0016685390146449208,-0.18651060826690014,-3.98151060826667
0,0,0.0010845224605873227,-0.0009154775394126773,-0.1854260858063128,-3.9824260858060825
0,2,-0.002945094369351864,-0.004945094369351864,-0.18837118017566468,-3.987371180175434
0,2,-0.0015133243286982179,-0.0015133243286982179,-0.1898845045043629,-3.9888845045041323
0,2,-0.0023333739954978228,-0.0023333739954978228,-0.19221787849986072,-3.99121787849963
1,2,-0.000025511952117085457,-0.000025511952117085457,-0.1922433904519778,-3.9912433904517473
2,2,0.0013860872713848948,0.0013860872713848948,-0.1908573031805929,-3.9898573031803624
2,2,0.0008782386430539191,0.0008782386430539191,-0.189979064537539,-3.9889790645373084
1,2,-0.00010301060683559626,-0.00010301060683559626,-0.19008207514437458,-3.989082075144144
0,0,0.0016074689337983727,-0.0003925310662016273,-0.1884746062105762,-3.9894746062103454
1,2,0.00001651421007409226,-0.0019834857899259078,-0.18845809200050212,-3.991458092000271
0,2,-0.0009392330539412796,-0.0009392330539412796,-0.1893973250544434,-3.9923973250542124
0,0,0.0016669102478772402,-0.00033308975212275986,-0.18773041480656616,-3.992730414806335
1,2,0.00026183389127254486,-0.0017381661087274552,-0.18746858091529361,-3.994468580915062
2,2,0.001969171455129981,0.001969171455129981,-0.18549940946016363,-3.992499409459932
0,2,-0.0015742325922474265,-0.0015742325922474265,-0.18707364205241106,-3.9940736420521796
0,2,-0.0019279788248240948,-0.0019279788248240948,-0.18900162087723515,-3.9960016208770037
0,0,0.0019614691846072674,-0.00003853081539273266,-0.1870401516926279,-3.9960401516923962
1,0,-0.00006989571556914598,-0.00006989571556914598,-0.18711004740819703,-3.9961100474079654
0,0,0.003228801768273115,0.003228801768273115,-0.18388124563992392,-3.9928812456396923
2,0,-0.0027616301085799932,-0.0027616301085799932,-0.1866428757485039,-3.9956428757482723
2,2,0.005060923285782337,0.003060923285782337,-0.18158195246272157,-3.9925819524624897
1,0,0.0004300955624785274,-0.0015699044375214726,-0.18115185690024305,-3.994151856900011
2,0,-0.004622653592377901,-0.004622653592377901,-0.18577451049262095,-3.998774510492389
2,0,-0.0013460068730637431,-0.0013460068730637431,-0.1871205173656847,-4.000120517365453
0,0,0.0023359365295618773,0.0023359365295618773,-0.1847845808361228,-3.9977845808358907
0,0,0.006133346818387508,0.006133346818387508,-0.1786512340177353,-3.991651234017503
0,0,0.007878894917666912,0.007878894917666912,-0.1707723391000684,-3.9837723390998363
1,0,0.00028282703715376556,0.00028282703715376556,-0.17048951206291463,-3.9834895120626825
2,2,0.0026094012428075075,0.0006094012428075075,-0.16788011082010712,-3.982880110819875
0,2,-0.004485036246478558,-0.004485036246478558,-0.17236514706658568,-3.9873651470663534
0,2,-0.0027486488688737154,-0.0027486488688737154,-0.1751137959354594,-3.990113795935227
0,2,-0.005089303944259882,-0.005089303944259882,-0.18020309987971928,-3.995203099879487
0,2,-0.0033216322772204876,-0.0033216322772204876,-0.18352473215693976,-3.9985247321567075
2,2,0.006458885036408901,0.006458885036408901,-0.17706584712053086,-3.9920658471202985
2,0,-0.0042333523742854595,-0.0062333523742854596,-0.18129919949481632,-3.998299199494584
0,0,0.002484747674316168,0.002484747674316168,-0.17881445182050015,-3.9958144518202676
2,0,-0.003005691571161151,-0.003005691571161151,-0.1818201433916613,-3.9988201433914288
1,2,-0.0008895345381461084,-0.0028895345381461084,-0.1827096779298074,-4.001709677929575
0,0,0.004078301135450602,0.0020783011354506015,-0.1786313767943568,-3.999631376794124
2,0,-0.007010258734226227,-0.007010258734226227,-0.18564163552858304,-4.00664163552835
1,2,0.0006760958349332213,-0.0013239041650667787,-0.18496553969364982,-4.007965539693417
0,0,0.0014476546784862876,-0.0005523453215137124,-0.18351788501516353,-4.00851788501493
2,2,0.004457664676010609,0.0024576646760106086,-0.17906022033915292,-4.006060220338919
1,0,0.0004731826775241643,-0.0015268173224758357,-0.17858703766162876,-4.007587037661395
2,2,0.002202770672738552,0.00020277067273855205,-0.1763842669888902,-4.007384266988656
2,0,-0.0012917108833789825,-0.0032917108833789826,-0.1776759778722692,-4.010675977872035
1,0,0.00027258365298621356,0.00027258365298621356,-0.17740339421928297,-4.010403394219049
0,0,0.0031215392518788576,0.0031215392518788576,-0.17428185496740412,-4.00728185496717
2,0,-0.00904779601842165,-0.00904779601842165,-0.18332965098582577,-4.0163296509855915
0,0,0.005005190148949623,0.005005190148949623,-0.17832446083687614,-4.011324460836642
2,2,0.007397700101137161,0.005397700101137161,-0.17092676073573898,-4.0059267607355045
2,0,-0.006900548469275236,-0.008900548469275236,-0.17782730920501422,-4.0148273092047795
0,0,0.0016596318455412984,0.0016596318455412984,-0.17616767735947292,-4.013167677359238
1,0,0.00027252506697550416,0.00027252506697550416,-0.17589515229249741,-4.012895152292263
0,0,0.004223328083753586,0.004223328083753586,-0.17167182420874383,-4.008671824208509
1,2,0.00025709386682137847,-0.0017429061331786216,-0.17141473034192245,-4.0104147303416875
0,2,-0.0017556875245645642,-0.0017556875245645642,-0.17317041786648701,-4.012170417866252
2,1,0.0,-0.001,-0.17317041786648701,-4.013170417866252
0,0,0.002168925479054451,0.001168925479054451,-0.17100149238743256,-4.012001492387198
0,1,-0.0,-0.001,-0.17100149238743256,-4.013001492387199
2,2,0.0017049196176230907,0.0007049196176230907,-0.16929657276980947,-4.012296572769576
2,0,-0.0013662513811141253,-0.0033662513811141253,-0.1706628241509236,-4.01566282415069
1,1,-0.0,-0.001,-0.1706628241509236,-4.01666282415069
2,1,0.0,0.0,-0.1706628241509236,-4.01666282415069
2,0,-0.0014498374657705426,-0.0024498374657705426,-0.17211266161669414,-4.019112661616461
2,0,-0.0055425227619707584,-0.0055425227619707584,-0.1776551843786649,-4.024655184378432
0,0,0.0018897110130637884,0.0018897110130637884,-0.1757654733656011,-4.022765473365368
2,0,-0.005011336412280798,-0.005011336412280798,-0.1807768097778819,-4.027776809777649
0,0,0.003831221954897046,0.003831221954897046,-0.17694558782298486,-4.023945587822752
0,1,-0.0,-0.001,-0.17694558782298486,-4.024945587822752
0,2,-0.0014413853641599417,-0.0024413853641599417,-0.1783869731871448,-4.027386973186912
0,2,-0.0029679052531719208,-0.0029679052531719208,-0.18135487844031672,-4.030354878440084
2,2,0.002106796484440565,0.002106796484440565,-0.17924808195587616,-4.028248081955644
1,2,-0.0007053353474475443,-0.0007053353474475443,-0.1799534173033237,-4.028953417303091
0,2,-0.0031132646836340427,-0.0031132646836340427,-0.18306668198695775,-4.032066681986725
1,2,0.0008546147728338838,0.0008546147728338838,-0.18221206721412386,-4.031212067213891
0,0,0.007790862116962671,0.005790862116962671,-0.1744212050971612,-4.0254212050969285
2,2,0.00895801279693842,0.006958012796938419,-0.16546319230022277,-4.01846319229999
0,2,-0.0019639208912849426,-0.0019639208912849426,-0.16742711319150771,-4.020427113191275
2,2,0.0013234126381576061,0.0013234126381576061,-0.1661037005533501,-4.019103700553117
2,1,0.0,-0.001,-0.1661037005533501,-4.0201037005531175
1,0,-0.00044922748929820955,-0.0014492274892982096,-0.16655292804264832,-4.021552928042416
1,0,0.0009492466924712062,0.0009492466924712062,-0.1656036813501771,-4.020603681349945
2,1,0.0,-0.001,-0.1656036813501771,-4.021603681349945
1,0,0.0010730619542300701,0.0000730619542300701,-0.16453061939594704,-4.021530619395715
1,2,0.000019607276044553146,-0.001980392723955447,-0.1645110121199025,-4.023511012119671
2,0,-0.00606915820389986,-0.00806915820389986,-0.17058017032380235,-4.03158017032357
1,0,-0.00020242856408003718,-0.00020242856408003718,-0.1707825988878824,-4.03178259888765
1,0,-0.000026534462449490093,-0.000026534462449490093,-0.17080913335033188,-4.0318091333501
1,0,0.00002397071511950344,0.00002397071511950344,-0.17078516263521237,-4.03178516263498
1,0,0.00011499051470309496,0.00011499051470309496,-0.17067017212050928,-4.031670172120277
2,1,0.0,-0.001,-0.17067017212050928,-4.032670172120278
2,0,-0.0018227329710498452,-0.0028227329710498452,-0.17249290509155912,-4.035492905091328
1,0,0.0008170642540790141,0.0008170642540790141,-0.1716758408374801,-4.034675840837249
2,1,0.0,-0.001,-0.1716758408374801,-4.035675840837249
2,0,-0.00259439367800951,-0.00359439367800951,-0.17427023451548962,-4.039270234515259
2,0,-0.0028695312794297934,-0.0028695312794297934,-0.1771397657949194,-4.042139765794689
0,0,0.006699452642351389,0.006699452642351389,-0.17044031315256802,-4.035440313152337
2,2,0.0019843503832817078,-0.000015649616718292278,-0.16845596276928632,-4.035455962769055
2,2,0.001550002139993012,0.001550002139993012,-0.1669059606292933,-4.033905960629062
0,1,-0.0,-0.001,-0.1669059606292933,-4.034905960629063
0,1,-0.0,-0.0,-0.1669059606292933,-4.034905960629063
2,2,0.004147732630372047,0.0031477326303720474,-0.16275822799892126,-4.031758227998691
0,0,0.001966568175703287,-0.00003343182429671292,-0.16079165982321797,-4.0317916598229875
0,1,-0.0,-0.001,-0.16079165982321797,-4.032791659822988
2,2,0.0031424807384610176,0.0021424807384610176,-0.15764917908475695,-4.030649179084527
1,0,0.0008299342007376254,-0.0011700657992623747,-0.15681924488401933,-4.031819244883789
0,0,0.00536549324169755,0.00536549324169755,-0.15145375164232178,-4.026453751642092
0,2,-0.002485254080966115,-0.004485254080966115,-0.1539390057232879,-4.030939005723058
2,2,0.002230794867500663,0.002230794867500663,-0.15170821085578723,-4.028708210855557
2,0,-0.0014591488288715482,-0.0034591488288715482,-0.15316735968465878,-4.032167359684428
2,0,-0.0022728373296558857,-0.0022728373296558857,-0.15544019701431466,-4.034440197014084
0,0,0.0020838347263634205,0.0020838347263634205,-0.15335636228795124,-4.032356362287721
0,2,-0.002440815791487694,-0.004440815791487694,-0.15579717807943894,-4.036797178079208
0,2,-0.0026108326856046915,-0.0026108326856046915,-0.15840801076504363,-4.039408010764813
0,2,-0.0032466386910527945,-0.0032466386910527945,-0.16165464945609642,-4.042654649455866
2,0,-0.003881036303937435,-0.005881036303937435,-0.16553568576003386,-4.048535685759803
2,2,0.0021328607108443975,0.0001328607108443975,-0.16340282504918946,-4.048402825048958
0,0,0.004353854805231094,0.0023538548052310943,-0.15904897024395837,-4.046048970243727
2,2,0.008329988457262516,0.006329988457262516,-0.15071898178669585,-4.039718981786464
2,0,-0.0025037454906851053,-0.004503745490685105,-0.15322272727738095,-4.044222727277149
0,0,0.003489767899736762,0.003489767899736762,-0.1497329593776442,-4.040732959377412
0,2,-0.00429209228605032,-0.00629209228605032,-0.1540250516636945,-4.0470250516634625
0,0,0.0011651496170088649,-0.0008348503829911352,-0.15285990204668565,-4.047859902046453
1,2,0.0006255875341594219,-0.0013744124658405781,-0.15223431451252623,-4.049234314512294
2,2,0.002052640775218606,0.002052640775218606,-0.15018167373730762,-4.047181673737075
1,0,0.0002842984686139971,-0.001715701531386003,-0.14989737526869362,-4.048897375268461
2,2,0.004746577702462673,0.002746577702462673,-0.14515079756623095,-4.046150797565998
1,0,-0.0002834635670296848,-0.002283463567029685,-0.14543426113326063,-4.0484342611330275
2,0,-0.0020391300786286592,-0.0020391300786286592,-0.1474733912118893,-4.050473391211656
1,2,0.00015951856039464474,-0.0018404814396053553,-0.14731387265149465,-4.052313872651261
0,0,0.003884636564180255,0.001884636564180255,-0.1434292360873144,-4.050429236087081
0,2,-0.004976159427314997,-0.006976159427314997,-0.1484053955146294,-4.057405395514396
1,2,-0.0008731863345019519,-0.0008731863345019519,-0.14927858184913134,-4.058278581848898
2,0,-0.0036431560292840004,-0.0056431560292840004,-0.15292173787841534,-4.063921737878181
0,0,0.002102564089000225,0.002102564089000225,-0.15081917378941512,-4.061819173789181
0,2,-0.0018676701001822948,-0.003867670100182295,-0.1526868438895974,-4.065686843889363
2,2,0.0018157338490709662,0.0018157338490709662,-0.15087111004052645,-4.063871110040292
0,2,-0.0033225752413272858,-0.0033225752413272858,-0.15419368528185373,-4.0671936852816195
2,2,0.00289374147541821,0.00289374147541821,-0.15129994380643552,-4.064299943806201
2,2,0.0062554446049034595,0.0062554446049034595,-0.14504449920153206,-4.058044499201298
1,0,-0.00045235015568323433,-0.0024523501556832344,-0.1454968493572153,-4.060496849356981
0,0,0.002326158806681633,0.002326158806681633,-0.14317069055053366,-4.058170690550299
1,0,0.000719265837687999,0.000719265837687999,-0.14245142471284566,-4.057451424712611
1,0,-0.000012557963600556832,-0.000012557963600556832,-0.14246398267644622,-4.057463982676212
0,0,0.0033544746693223715,0.0033544746693223715,-0.13910950800712385,-4.054109508006889
0,0,0.0012295205378904939,0.0012295205378904939,-0.13787998746923336,-4.052879987468999
1,0,0.0008173860260285437,0.0008173860260285437,-0.1370626014432048,-4.05206260144297
1,2,0.00013668532483279705,-0.001863314675167203,-0.13692591611837202,-4.053925916118137
2,2,0.0011517431121319532,0.0011517431121319532,-0.13577417300624006,-4.052774173006005
0,2,-0.0023423442617058754,-0.0023423442617058754,-0.13811651726794594,-4.055116517267711
0,2,-0.0026806523092091084,-0.0026806523092091084,-0.14079716957715505,-4.05779716957692
2,2,0.0013984981924295425,0.0013984981924295425,-0.1393986713847255,-4.056398671384491
1,0,-0.0002550130884628743,-0.0022550130884628743,-0.13965368447318838,-4.0586536844729535
2,0,-0.0010935589671134949,-0.0010935589671134949,-0.14074724344030187,-4.059747243440067
2,0,-0.0008529841434210539,-0.0008529841434210539,-0.14160022758372293,-4.060600227583488
2,0,-0.0009179140906780958,-0.0009179140906780958,-0.14251814167440102,-4.061518141674166
0,0,0.0007729649660177529,0.0007729649660177529,-0.14174517670838327,-4.060745176708148
0,0,0.0014023140538483858,0.0014023140538483858,-0.14034286265453488,-4.0593428626543
1,1,-0.0,-0.001,-0.14034286265453488,-4.0603428626543
1,2,-0.000031482890335610136,-0.0010314828903356102,-0.1403743455448705,-4.061374345544636
2,2,0.0018328716978430748,0.0018328716978430748,-0.13854147384702742,-4.059541473846793
2,0,-0.0009163357317447662,-0.0029163357317447663,-0.13945780957877218,-4.062457809578538
2,0,-0.000941722362767905,-0.000941722362767905,-0.1403995319415401,-4.063399531941306
0,0,0.0013567886780947447,0.0013567886780947447,-0.13904274326344535,-4.062042743263211
0,0,0.0016124771209433675,0.0016124771209433675,-0.13743026614250198,-4.0604302661422675
2,0,-0.0017333468422293663,-0.0017333468422293663,-0.13916361298473134,-4.062163612984497
0,0,0.00044982749386690557,0.00044982749386690557,-0.13871378549086444,-4.06171378549063
0,2,-0.0042131333611905575,-0.0062131333611905575,-0.142926918852055,-4.06792691885182
2,2,0.0008661678293719888,0.0008661678293719888,-0.142060751022683,-4.067060751022448
0,0,0.0019593515899032354,-0.000040648410096764606,-0.14010139943277977,-4.067101399432545
2,0,-0.0008699604077264667,-0.0008699604077264667,-0.14097135984050624,-4.067971359840271
1,0,-0.0002199905429733917,-0.0002199905429733917,-0.14119135038347963,-4.068191350383245
2,0,-0.0019265018636360765,-0.0019265018636360765,-0.1431178522471157,-4.070117852246881
2,0,-0.0006026903865858912,-0.0006026903865858912,-0.1437205426337016,-4.070720542633467
1,0,-0.0004019787011202425,-0.0004019787011202425,-0.14412252133482184,-4.071122521334587
2,0,-0.0008762614452280104,-0.0008762614452280104,-0.14499878278004985,-4.071998782779815
0,0,0.0015806365991011262,0.0015806365991011262,-0.14341814618094872,-4.070418146180714
0,0,0.000532254169229418,0.000532254169229418,-0.1428858920117193,-4.069885892011484
2,2,0.0006647574482485652,-0.0013352425517514348,-0.14222113456347074,-4.071221134563236
0,2,-0.0014519131509587169,-0.0014519131509587169,-0.14367304771442946,-4.072673047714194
2,2,0.004821420181542635,0.004821420181542635,-0.13885162753288682,-4.067851627532652
2,0,-0.002683915663510561,-0.004683915663510561,-0.14153554319639738,-4.072535543196162
1,0,-0.00020168948685750365,-0.00020168948685750365,-0.1417372326832549,-4.07273723268302
2,0,-0.0013259317493066192,-0.0013259317493066192,-0.1430631644325615,-4.074063164432326
0,0,0.0008958907565101981,0.0008958907565101981,-0.1421672736760513,-4.073167273675816
1,0,0.0004178614472039044,0.0004178614472039044,-0.1417494122288474,-4.072749412228612
1,1,0.0,-0.001,-0.1417494122288474,-4.073749412228612
2,0,-0.0012685145484283566,-0.0022685145484283567,-0.14301792677727576,-4.076017926777041
0,0,0.0034419610165059566,0.0034419610165059566,-0.1395759657607698,-4.072575965760535
2,2,0.0018575089052319527,-0.00014249109476804737,-0.13771845685553785,-4.072718456855303
2,0,-0.0015104429330676794,-0.0035104429330676794,-0.13922889978860553,-4.07622889978837
0,0,0.000597650941926986,0.000597650941926986,-0.13863124884667855,-4.0756312488464435
0,0,0.0016614904161542654,0.0016614904161542654,-0.13696975843052428,-4.073969758430289
2,2,0.001271531218662858,-0.000728468781337142,-0.13569822721186142,-4.074698227211626
2,0,-0.003395853564143181,-0.005395853564143181,-0.1390940807760046,-4.080094080775769
0,0,0.0008025296847335994,0.0008025296847335994,-0.138291551091271,-4.0792915510910355
1,0,0.00034446740755811334,0.00034446740755811334,-0.1379470836837129,-4.078947083683477
2,2,0.002850237302482128,0.0008502373024821281,-0.13509684638123076,-4.078096846380995
0,0,0.0013257117243483663,-0.0006742882756516338,-0.1337711346568824,-4.078771134656646
2,0,-0.004383362364023924,-0.004383362364023924,-0.13815449702090632,-4.08315449702067
2,0,-0.008242951706051826,-0.008242951706051826,-0.14639744872695815,-4.091397448726722
1,0,0.0003145172377116978,0.0003145172377116978,-0.14608293148924645,-4.0910829314890105
0,0,0.0019398584263399243,0.0019398584263399243,-0.14414307306290652,-4.0891430730626706
1,0,0.0003099178138654679,0.0003099178138654679,-0.14383315524904106,-4.088833155248805
0,2,-0.0022941266652196646,-0.004294126665219665,-0.14612728191426072,-4.0931272819140245
0,2,-0.014532598666846752,-0.014532598666846752,-0.16065988058110747,-4.107659880580871
1,2,-0.0010987509740516543,-0.0010987509740516543,-0.16175863155515913,-4.108758631554923
1,2,-0.0012043266324326396,-0.0012043266324326396,-0.16296295818759177,-4.109962958187356
2,2,0.0025447385851293802,0.0025447385851293802,-0.1604182196024624,-4.107418219602226
1,2,0.0012288675643503666,0.0012288675643503666,-0.15918935203811202,-4.106189352037876
1,0,0.0006420545396395028,-0.0013579454603604973,-0.15854729749847252,-4.107547297498236
1,2,-0.00007386270590359345,-0.0020738627059035935,-0.1586211602043761,-4.1096211602041395
0,0,0.0022750720381736755,0.0002750720381736755,-0.15634608816620243,-4.109346088165966
1,2,0.00102152896579355,-0.00097847103420645,-0.15532455920040888,-4.110324559200172
1,2,0.0008808064740151167,0.0008808064740151167,-0.15444375272639377,-4.109443752726157
0,2,-0.013222765177488327,-0.013222765177488327,-0.1676665179038821,-4.122666517903645
0,2,-0.0022749255876988173,-0.0022749255876988173,-0.1699414434915809,-4.124941443491344
2,2,0.0016255677910521626,0.0016255677910521626,-0.16831587570052875,-4.123315875700292
1,2,0.001182727050036192,0.001182727050036192,-0.16713314865049256,-4.1221331486502555
1,2,0.0005726288654841483,0.0005726288654841483,-0.1665605197850084,-4.121560519784771
1,0,-0.0010707334149628878,-0.003070733414962888,-0.1676312531999713,-4.124631253199734
0,1,-0.0,-0.001,-0.1676312531999713,-4.125631253199734
2,2,0.003634766908362508,0.002634766908362508,-0.1639964862916088,-4.122996486291372
2,1,0.0,-0.001,-0.1639964862916088,-4.1239964862913725
1,1,0.0,0.0,-0.1639964862916088,-4.1239964862913725
0,1,-0.0,-0.0,-0.1639964862916088,-4.1239964862913725
0,2,-0.0025166335981339216,-0.0035166335981339216,-0.1665131198897427,-4.127513119889507
1,2,-0.0009856473188847303,-0.0009856473188847303,-0.16749876720862744,-4.1284987672083915
1,2,0.0009485811460763216,0.0009485811460763216,-0.16655018606255112,-4.127550186062315
1,2,-0.000027312798920320347,-0.000027312798920320347,-0.16657749886147144,-4.1275774988612355
0,2,-0.0021611147094517946,-0.0021611147094517946,-0.16873861357092323,-4.129738613570687
2,2,0.0020739687606692314,0.0020739687606692314,-0.166664644810254,-4.127664644810018
1,0,0.00026915944181382656,-0.0017308405581861735,-0.16639548536844018,-4.129395485368204
0,0,0.003396273124963045,0.003396273124963045,-0.16299921224347713,-4.125999212243241
1,2,0.00026563744177110493,-0.0017343625582288951,-0.16273357480170603,-4.12773357480147
0,2,-0.00509463669732213,-0.00509463669732213,-0.16782821149902816,-4.132828211498792
2,2,0.00187482382170856,0.00187482382170856,-0.1659533876773196,-4.130953387677083
0,2,-0.002388671040534973,-0.002388671040534973,-0.16834205871785457,-4.133342058717618
0,0,0.003153023077175021,0.0011530230771750211,-0.16518903564067955,-4.132189035640443
2,0,-0.0015312827890738845,-0.0015312827890738845,-0.16672031842975343,-4.133720318429517
2,0,-0.0007708713528700173,-0.0007708713528700173,-0.16749118978262345,-4.134491189782387
2,0,-0.0008175306720659137,-0.0008175306720659137,-0.16830872045468936,-4.135308720454453
1,0,-0.0007200707332231104,-0.0007200707332231104,-0.16902879118791247,-4.136028791187676
2,0,-0.0011639008298516273,-0.0011639008298516273,-0.1701926920177641,-4.1371926920175275
2,0,-0.0017406342085450888,-0.0017406342085450888,-0.1719333262263092,-4.138933326226073
0,0,0.0013977129710838199,0.0013977129710838199,-0.17053561325522537,-4.137535613254989
0,0,0.0015069532673805952,0.0015069532673805952,-0.16902865998784478,-4.136028659987608
2,2,0.0013186100404709578,-0.0006813899595290423,-0.16771004994737382,-4.136710049947137
2,0,-0.0022142594680190086,-0.004214259468019009,-0.16992430941539283,-4.140924309415156
2,0,-0.0007708236807957292,-0.0007708236807957292,-0.17069513309618856,-4.1416951330959515
1,0,0.0005187381757423282,0.0005187381757423282,-0.17017639492044623,-4.141176394920209
2,0,-0.00603795051574707,-0.00603795051574707,-0.1762143454361933,-4.147214345435956
2,0,-0.0035650485660880804,-0.0035650485660880804,-0.17977939400228138,-4.150779394002044
1,0,-0.00024094492255244404,-0.00024094492255244404,-0.18002033892483382,-4.151020338924597
0,0,0.003334903623908758,0.003334903623908758,-0.17668543530092506,-4.147685435300688
1,0,-0.00029308555531315506,-0.00029308555531315506,-0.17697852085623822,-4.147978520856001
1,0,0.00009500326996203512,0.00009500326996203512,-0.17688351758627618,-4.147883517586039
2,2,0.007701718248426914,0.005701718248426914,-0.16918179933784927,-4.142181799337612
1,0,0.00028841642779298127,-0.0017115835722070188,-0.1688933829100563,-4.143893382909819
1,0,0.00038116189534775913,0.00038116189534775913,-0.16851222101470853,-4.143512221014471
0,0,0.005769282579421997,0.005769282579421997,-0.16274293843528653,-4.137742938435049
0,0,0.004680795595049858,0.004680795595049858,-0.15806214284023667,-4.133062142839999
0,0,0.002783506643027067,0.002783506643027067,-0.1552786361972096,-4.130278636196972
0,2,-0.008469222113490105,-0.010469222113490105,-0.1637478583106997,-4.140747858310462
0,2,-0.0015911393566057086,-0.0015911393566057086,-0.16533899766730542,-4.142338997667068
2,2,0.005006604827940464,0.005006604827940464,-0.16033239283936496,-4.137332392839127
0,0,0.008834720589220524,0.006834720589220524,-0.15149767225014443,-4.1304976722499065
1,2,0.0006612488650716841,-0.001338751134928316,-0.15083642338507275,-4.131836423384835
2,2,0.0014933818019926548,0.0014933818019926548,-0.1493430415830801,-4.130343041582842
2,2,0.0033921117428690195,0.0033921117428690195,-0.14595092984021107,-4.126950929839973
1,1,-0.0,-0.001,-0.14595092984021107,-4.127950929839973
0,1,-0.0,-0.0,-0.14595092984021107,-4.127950929839973
2,1,0.0,0.0,-0.14595092984021107,-4.127950929839973
1,0,0.00020907449652440846,-0.0007909255034755916,-0.14574185534368667,-4.128741855343449
0,1,-0.0,-0.001,-0.14574185534368667,-4.1297418553434495
2,2,0.002946065738797188,0.0019460657387971878,-0.14279578960488948,-4.127795789604653
0,2,-0.005693919491022825,-0.005693919491022825,-0.1484897090959123,-4.1334897090956755
1,2,0.0013645533472299576,0.0013645533472299576,-0.14712515574868235,-4.1321251557484455
2,2,0.0020275702700018883,0.0020275702700018883,-0.14509758547868046,-4.130097585478444
2,1,0.0,-0.001,-0.14509758547868046,-4.131097585478444
1,0,0.0013598755467683077,0.00035987554676830767,-0.14373770993191215,-4.130737709931676
1,1,0.0,-0.001,-0.14373770993191215,-4.131737709931676
1,1,-0.0,-0.0,-0.14373770993191215,-4.131737709931676
1,2,0.00040463393088430166,-0.0005953660691156984,-0.14333307600102785,-4.132333076000792
2,0,-0.0032690640073269606,-0.005269064007326961,-0.1466021400083548,-4.137602140008119
2,0,-0.0014661273453384638,-0.0014661273453384638,-0.14806826735369327,-4.139068267353458
0,0,0.0015610099071636796,0.0015610099071636796,-0.1465072574465296,-4.137507257446294
2,0,-0.0022563934326171875,-0.0022563934326171875,-0.14876365087914678,-4.139763650878911
0,0,0.0027835224755108356,0.0027835224755108356,-0.14598012840363594,-4.1369801284034
1,2,-0.00014451412425842136,-0.0021445141242584214,-0.14612464252789437,-4.139124642527658
2,2,0.0013104850659146905,0.0013104850659146905,-0.14481415746197968,-4.137814157461744
1,2,0.0008221897296607494,0.0008221897296607494,-0.14399196773231893,-4.136991967732083
2,0,-0.001041952520608902,-0.003041952520608902,-0.14503392025292783,-4.140033920252692
0,0,0.003282567486166954,0.003282567486166954,-0.14175135276676087,-4.136751352766525
1,2,-0.00006191022839630023,-0.0020619102283963003,-0.14181326299515717,-4.138813262994921
2,2,0.0014354097656905651,0.0014354097656905651,-0.1403778532294666,-4.13737785322923
2,0,-0.0014591184444725513,-0.0034591184444725514,-0.14183697167393916,-4.140836971673703
2,0,-0.0029786331579089165,-0.0029786331579089165,-0.14481560483184808,-4.1438156048316115
0,0,0.001221174607053399,0.001221174607053399,-0.14359443022479468,-4.142594430224558
2,2,0.00700662937015295,0.00500662937015295,-0.13658780085464173,-4.137587800854405
0,0,0.0011498733656480908,-0.0008501266343519092,-0.13543792748899364,-4.138437927488757
2,0,-0.001602247473783791,-0.001602247473783791,-0.13704017496277743,-4.14004017496254
0,0,0.0022379434667527676,0.0022379434667527676,-0.13480223149602466,-4.137802231495788
2,0,-0.0017785681411623955,-0.0017785681411623955,-0.13658079963718706,-4.13958079963695
2,0,-0.0031963419169187546,-0.0031963419169187546,-0.1397771415541058,-4.142777141553869
0,0,0.0014086365699768066,0.0014086365699768066,-0.138368504984129,-4.141368504983892
1,0,-0.0004630825133062899,-0.0004630825133062899,-0.1388315874974353,-4.141831587497198
2,0,-0.0020629551727324724,-0.0020629551727324724,-0.14089454267016777,-4.143894542669931
2,0,-0.005561677739024162,-0.005561677739024162,-0.14645622040919193,-4.149456220408955
2,0,-0.010741627775132656,-0.010741627775132656,-0.15719784818432458,-4.1601978481840876
0,0,0.004818718880414963,0.004818718880414963,-0.15237912930390962,-4.155379129303673
2,0,-0.0011114467633888125,-0.0011114467633888125,-0.15349057606729843,-4.156490576067061
0,0,0.002955825300887227,0.002955825300887227,-0.1505347507664112,-4.153534750766174
2,2,0.004319529980421066,0.0023195299804210662,-0.14621522078599014,-4.151215220785753
0,0,0.001644064555875957,-0.00035593544412404303,-0.14457115623011418,-4.151571156229877
1,1,-0.0,-0.001,-0.14457115623011418,-4.152571156229877
0,2,-0.006142101250588894,-0.007142101250588894,-0.15071325748070308,-4.159713257480466
2,2,0.004098027944564819,0.004098027944564819,-0.14661522953613826,-4.1556152295359015
1,0,0.0005962135619483888,-0.0014037864380516112,-0.14601901597418987,-4.157019015973953
1,2,0.0009943441255018115,-0.0010056558744981885,-0.14502467184868806,-4.158024671848451
2,1,0.0,-0.001,-0.14502467184868806,-4.159024671848451
1,0,-0.00016911646525841206,-0.001169116465258412,-0.14519378831394647,-4.16019378831371
1,1,-0.0,-0.001,-0.14519378831394647,-4.16119378831371
1,1,0.0,0.0,-0.14519378831394647,-4.16119378831371
0,0,0.0028676281217485666,0.0018676281217485666,-0.1423261601921979,-4.159326160191962
1,2,-0.0000191877807083074,-0.0020191877807083074,-0.1423453479729062,-4.16134534797267
2,2,0.001965473173186183,0.001965473173186183,-0.14037987479972003,-4.159379874799484
0,0,0.001377215376123786,-0.0006227846238762141,-0.13900265942359624,-4.16000265942336
2,1,0.0,-0.001,-0.13900265942359624,-4.16100265942336
1,1,-0.0,-0.0,-0.13900265942359624,-4.16100265942336
1,2,-0.0005655958666466177,-0.0015655958666466177,-0.13956825529024286,-4.162568255290007
0,2,-0.0013583784457296133,-0.0013583784457296133,-0.14092663373597247,-4.163926633735737
2,2,0.0008718659519217908,0.0008718659519217908,-0.14005476778405068,-4.163054767783815
2,2,0.001990314805880189,0.001990314805880189,-0.1380644529781705,-4.161064452977935
2,0,-0.0007260619313456118,-0.002726061931345612,-0.1387905149095161,-4.16379051490928
2,0,-0.0008117944234982133,-0.0008117944234982133,-0.13960230933301432,-4.164602309332778
1,0,0.00041607546154409647,0.00041607546154409647,-0.13918623387147022,-4.164186233871234
0,0,0.000726794998627156,0.000726794998627156,-0.13845943887284307,-4.163459438872607
2,2,0.0008746394887566566,-0.0011253605112433434,-0.1375847993840864,-4.16458479938385
1,0,-0.0002469535102136433,-0.0022469535102136434,-0.13783175289430005,-4.166831752894064
0,0,0.00044119509402662516,0.00044119509402662516,-0.13739055780027343,-4.166390557800037
2,0,-0.003415388287976384,-0.003415388287976384,-0.1408059460882498,-4.1698059460880135
2,0,-0.001436979160644114,-0.001436979160644114,-0.14224292524889393,-4.171242925248658
0,0,0.0018553859554231167,0.0018553859554231167,-0.1403875392934708,-4.1693875392932345
0,0,0.001838463474996388,0.001838463474996388,-0.13854907581847442,-4.167549075818238
0,2,-0.0038459538482129574,-0.005845953848212957,-0.14239502966668738,-4.173395029666451
0,2,-0.0008820257498882711,-0.0008820257498882711,-0.14327705541657565,-4.174277055416339
1,2,0.0003994246362708509,0.0003994246362708509,-0.1428776307803048,-4.173877630780068
0,2,-0.0005102123250253499,-0.0005102123250253499,-0.14338784310533015,-4.174387843105094
2,2,0.0011025966377928853,0.0011025966377928853,-0.14228524646753726,-4.173285246467301
2,2,0.0004967493005096912,0.0004967493005096912,-0.14178849716702757,-4.172788497166791
2,0,-0.0009569009416736662,-0.0029569009416736663,-0.14274539810870124,-4.1757453981084645
1,0,-0.0003140009648632258,-0.0003140009648632258,-0.14305939907356446,-4.176059399073328
2,2,0.001806173357181251,-0.000193826642818749,-0.1412532257163832,-4.176253225716146
0,2,-0.0015491512604057789,-0.0015491512604057789,-0.142802376976789,-4.177802376976552
2,2,0.003157950472086668,0.003157950472086668,-0.13964442650470232,-4.174644426504465
2,0,-0.0011572835501283407,-0.0031572835501283408,-0.14080171005483066,-4.177801710054593
0,0,0.0009793092031031847,0.0009793092031031847,-0.13982240085172748,-4.17682240085149
2,0,-0.0009019700228236616,-0.0009019700228236616,-0.14072437087455114,-4.177724370874314
0,0,0.0009229439310729504,0.0009229439310729504,-0.1398014269434782,-4.176801426943241
1,0,0.00018255510076414794,0.00018255510076414794,-0.13961887184271404,-4.176618871842477
2,2,0.0009119343594647944,-0.0010880656405352056,-0.13870693748324925,-4.177706937483012
1,0,-0.0001766736968420446,-0.0021766736968420446,-0.1388836111800913,-4.179883611179854
1,0,-0.0002622222527861595,-0.0002622222527861595,-0.13914583343287745,-4.18014583343264
2,0,-0.001974552171304822,-0.001974552171304822,-0.14112038560418227,-4.182120385603945
0,0,0.0010700640268623829,0.0010700640268623829,-0.1400503215773199,-4.181050321577082
2,0,-0.004375710617750883,-0.004375710617750883,-0.14442603219507077,-4.185426032194833
0,0,0.007717768661677837,0.007717768661677837,-0.13670826353339294,-4.177708263533155
1,2,-0.00027279258938506246,-0.0022727925893850625,-0.136981056122778,-4.17998105612254
2,0,-0.015441394411027431,-0.017441394411027433,-0.15242245053380543,-4.197422450533567
2,0,-0.005050193518400192,-0.005050193518400192,-0.15747264405220562,-4.2024726440519675
2,0,-0.00178217189386487,-0.00178217189386487,-0.1592548159460705,-4.204254815945832
1,0,-0.0001960804220288992,-0.0001960804220288992,-0.1594508963680994,-4.204450896367861
0,0,0.0038014673627913,0.0038014673627913,-0.1556494290053081,-4.20064942900507
0,2,-0.0018681078217923641,-0.003868107821792364,-0.15751753682710046,-4.204517536826862
0,0,0.0022704117000102997,0.00027041170001029964,-0.15524712512709016,-4.204247125126852
1,2,0.00014491385081782937,-0.0018550861491821707,-0.15510221127627233,-4.206102211276034
2,2,0.0016318728448823094,0.0016318728448823094,-0.15347033843139002,-4.204470338431151
0,0,0.011314230039715767,0.009314230039715767,-0.14215610839167425,-4.195156108391435
0,2,-0.0018587001832202077,-0.0038587001832202077,-0.14401480857489446,-4.199014808574655
1,2,0.0008057045633904636,0.0008057045633904636,-0.143209104011504,-4.198209104011265
1,2,-0.0008522829739376903,-0.0008522829739376903,-0.1440613869854417,-4.1990613869852025
2,2,0.017938906326889992,0.017938906326889992,-0.1261224806585517,-4.1811224806583125
0,0,0.0023377961479127407,0.00033779614791274067,-0.12378468451063895,-4.1807846845103995
1,0,0.00004773392720380798,0.00004773392720380798,-0.12373695058343515,-4.180736950583196
2,0,-0.004560405388474464,-0.004560405388474464,-0.1282973559719096,-4.18529735597167
0,1,-0.0,-0.001,-0.1282973559719096,-4.1862973559716705
1,1,-0.0,-0.0,-0.1282973559719096,-4.1862973559716705
1,1,-0.0,-0.0,-0.1282973559719096,-4.1862973559716705
2,1,0.0,0.0,-0.1282973559719096,-4.1862973559716705
0,1,-0.0,-0.0,-0.1282973559719096,-4.1862973559716705
0,2,-0.002578908111900091,-0.003578908111900091,-0.1308762640838097,-4.189876264083571
2,1,0.0,-0.001,-0.1308762640838097,-4.190876264083571
2,1,0.0,0.0,-0.1308762640838097,-4.190876264083571
2,1,0.0,0.0,-0.1308762640838097,-4.190876264083571
2,1,0.0,0.0,-0.1308762640838097,-4.190876264083571
1,1,0.0,0.0,-0.1308762640838097,-4.190876264083571
1,1,0.0,0.0,-0.1308762640838097,-4.190876264083571
1,2,0.00007409877434838563,-0.0009259012256516144,-0.13080216530946132,-4.191802165309223
0,1,-0.0,-0.001,-0.13080216530946132,-4.192802165309224
1,0,0.0004991624155081809,-0.0005008375844918192,-0.13030300289395313,-4.193303002893716
0,1,-0.0,-0.001,-0.13030300289395313,-4.194303002893716
2,2,0.0029439404606819153,0.0019439404606819153,-0.12735906243327122,-4.1923590624330345
2,0,-0.002353470539674163,-0.004353470539674163,-0.12971253297294538,-4.196712532972708
2,0,-0.003270128509029746,-0.003270128509029746,-0.13298266148197513,-4.199982661481738
1,0,-0.0006222272058948874,-0.0006222272058948874,-0.13360488868787002,-4.200604888687633
1,0,-0.00008102462743408978,-0.00008102462743408978,-0.1336859133153041,-4.200685913315067
2,0,-0.002316075377166271,-0.002316075377166271,-0.13600198869247038,-4.203001988692233
0,0,0.002941327868029475,0.002941327868029475,-0.1330606608244409,-4.200060660824204
1,0,0.00018639690824784338,0.00018639690824784338,-0.13287426391619306,-4.199874263915956
2,2,0.0030027248430997133,0.0010027248430997133,-0.12987153907309334,-4.198871539072856
2,0,-0.0011200251756235957,-0.0031200251756235958,-0.13099156424871694,-4.2019915642484795
1,0,-0.0004904053057543933,-0.0004904053057543933,-0.13148196955447133,-4.202481969554234
0,0,0.0029348672833293676,0.0029348672833293676,-0.12854710227114197,-4.1995471022709046
0,2,-0.0036406998988240957,-0.005640699898824096,-0.13218780216996606,-4.205187802169728
0,2,-0.0025398614816367626,-0.0025398614816367626,-0.13472766365160282,-4.207727663651365
2,2,0.0015375257935374975,0.0015375257935374975,-0.13319013785806533,-4.206190137857828
2,0,-0.005038868635892868,-0.007038868635892868,-0.1382290064939582,-4.21322900649372
0,0,0.0009311875328421593,0.0009311875328421593,-0.13729781896111604,-4.212297818960878
2,0,-0.002677588490769267,-0.002677588490769267,-0.1399754074518853,-4.2149754074516474
0,0,0.0030763722024858,0.0030763722024858,-0.1368990352493995,-4.211899035249162
1,2,0.000023361024432233535,-0.0019766389755677665,-0.13687567422496727,-4.213875674224729
2,0,-0.0017653743270784616,-0.0037653743270784617,-0.13864104855204573,-4.217641048551807
0,0,0.0014356732135638595,0.0014356732135638595,-0.13720537533848187,-4.216205375338244
2,0,-0.007174805272370577,-0.007174805272370577,-0.14438018061085245,-4.223380180610614
1,0,-0.0006263165851123631,-0.0006263165851123631,-0.1450064971959648,-4.2240064971957265
2,0,-0.003567418549209833,-0.003567418549209833,-0.14857391574517465,-4.227573915744936
2,0,-0.0028256296645849943,-0.0028256296645849943,-0.15139954540975964,-4.230399545409521
0,0,0.003671411657705903,0.003671411657705903,-0.14772813375205374,-4.226728133751815
0,2,-0.006706662941724062,-0.008706662941724062,-0.1544347966937778,-4.235434796693539
0,0,0.0017666928470134735,-0.00023330715298652653,-0.15266810384676432,-4.235668103846526
2,0,-0.002175078261643648,-0.002175078261643648,-0.15484318210840797,-4.237843182108169
1,0,0.0008976633544079959,0.0008976633544079959,-0.15394551875399998,-4.236945518753761
0,0,0.0021867325995117426,0.0021867325995117426,-0.15175878615448823,-4.2347587861542495
0,2,-0.0012221926590427756,-0.0032221926590427757,-0.152980978813531,-4.237980978813292
2,2,0.001372452825307846,0.001372452825307846,-0.15160852598822316,-4.236608525987984
1,2,-0.00045858495286665857,-0.00045858495286665857,-0.15206711094108982,-4.237067110940851
2,2,0.0013700962299481034,0.0013700962299481034,-0.15069701471114172,-4.235697014710903
0,2,-0.002416112693026662,-0.002416112693026662,-0.15311312740416838,-4.238113127403929
2,2,0.001285341801121831,0.001285341801121831,-0.15182778560304655,-4.236827785602808
0,2,-0.005294109228998423,-0.005294109228998423,-0.15712189483204497,-4.242121894831806
2,2,0.0018601013580337167,0.0018601013580337167,-0.15526179347401126,-4.240261793473772
1,2,-0.00067118089646101,-0.00067118089646101,-0.15593297437047227,-4.240932974370233
0,0,0.003438509302213788,0.001438509302213788,-0.15249446506825848,-4.239494465068019
2,2,0.0017832814482972026,-0.00021671855170279745,-0.15071118361996128,-4.239711183619722
2,2,0.0013427765807136893,0.0013427765807136893,-0.14936840703924759,-4.238368407039008
2,0,-0.004314500372856855,-0.0063145003728568554,-0.15368290741210444,-4.244682907411865
2,0,-0.0009814848890528083,-0.0009814848890528083,-0.15466439230115725,-4.245664392300918
0,0,0.0035310673993080854,0.0035310673993080854,-0.15113332490184916,-4.2421333249016095
0,2,-0.0037276751827448606,-0.005727675182744861,-0.15486100008459402,-4.247861000084354
0,2,-0.0009673646418377757,-0.0009673646418377757,-0.1558283647264318,-4.248828364726192
1,0,-0.00019663931743707508,-0.002196639317437075,-0.15602500404386888,-4.251025004043629
2,2,0.0036457788664847612,0.0016457788664847612,-0.15237922517738411,-4.249379225177144
0,0,0.008144383318722248,0.006144383318722248,-0.14423484185866187,-4.243234841858421
0,0,0.004136304371058941,0.004136304371058941,-0.14009853748760293,-4.239098537487362
0,2,-0.0035080190282315016,-0.005508019028231502,-0.14360655651583443,-4.244606556515594
0,2,-0.0011215361300855875,-0.0011215361300855875,-0.14472809264592001,-4.245728092645679
2,0,-0.0036703990772366524,-0.005670399077236652,-0.14839849172315667,-4.251398491722916
2,0,-0.001323434174992144,-0.001323434174992144,-0.1497219258981488,-4.252721925897908
1,0,0.0006795275839976966,0.0006795275839976966,-0.14904239831415111,-4.25204239831391
0,0,0.003325960598886013,0.003325960598886013,-0.1457164377152651,-4.248716437715024
0,2,-0.0018166217487305403,-0.0038166217487305403,-0.14753305946399564,-4.2525330594637545
2,2,0.00230498518794775,0.00230498518794775,-0.1452280742760479,-4.250228074275807
2,2,0.001087885000742972,0.001087885000742972,-0.14414018927530492,-4.249140189275064
0,2,-0.002177330432459712,-0.002177330432459712,-0.14631751970776463,-4.2513175197075235
0,2,-0.0011528339236974716,-0.0011528339236974716,-0.1474703536314621,-4.252470353631221
0,2,-0.0031596135813742876,-0.0031596135813742876,-0.1506299672128364,-4.255629967212595
2,0,-0.0011365001555532217,-0.0031365001555532217,-0.1517664673683896,-4.258766467368148
2,2,0.0009593424620106816,-0.0010406575379893184,-0.15080712490637893,-4.259807124906137
1,2,-0.0006934779812581837,-0.0006934779812581837,-0.15150060288763711,-4.2605006028873955
0,2,-0.0009332241606898606,-0.0009332241606898606,-0.15243382704832698,-4.261433827048085
2,2,0.0019677390810102224,0.0019677390810102224,-0.15046608796731675,-4.259466087967075
2,0,-0.002552010351791978,-0.004552010351791978,-0.15301809831910873,-4.264018098318867
1,0,0.0001663758885115385,0.0001663758885115385,-0.1528517224305972,-4.263851722430355
2,0,-0.0042457436211407185,-0.0042457436211407185,-0.1570974660517379,-4.268097466051496
1,0,-0.00023260484158527106,-0.00023260484158527106,-0.15733007089332318,-4.268330070893081
0,0,0.0025633834302425385,0.0025633834302425385,-0.15476668746308064,-4.265766687462839
0,0,0.004734917543828487,0.004734917543828487,-0.15003176991925216,-4.26103176991901
2,2,0.006297565996646881,0.004297565996646881,-0.14373420392260527,-4.256734203922363
1,0,0.00011017316865036264,-0.0018898268313496374,-0.1436240307539549,-4.258624030753713
0,0,0.004248980898410082,0.004248980898410082,-0.13937504985554483,-4.254375049855303
2,0,-0.0032235262915492058,-0.0032235262915492058,-0.14259857614709404,-4.257598576146852
1,0,-0.00022980122594162822,-0.00022980122594162822,-0.14282837737303566,-4.257828377372793
2,2,0.0012672040611505508,-0.0007327959388494492,-0.1415611733118851,-4.258561173311643
1,2,-0.0005844815168529749,-0.0005844815168529749,-0.1421456548287381,-4.259145654828496
2,2,0.0016321996226906776,0.0016321996226906776,-0.1405134552060474,-4.257513455205805
1,0,0.000024793493139441125,-0.001975206506860559,-0.14048866171290797,-4.259488661712665
0,2,-0.0008579344139434397,-0.0028579344139434398,-0.1413465961268514,-4.2623465961266085
1,2,0.000568340765312314,0.000568340765312314,-0.1407782553615391,-4.261778255361296
2,2,0.001108450465835631,0.001108450465835631,-0.13966980489570346,-4.2606698048954605
2,0,-0.0011212748941034079,-0.003121274894103408,-0.14079107978980687,-4.263791079789564
1,0,0.00042188577936030924,0.00042188577936030924,-0.14036919401044656,-4.263369194010203
1,2,-0.00005038446033722721,-0.0020503844603372273,-0.1404195784707838,-4.26541957847054
1,2,-5.100790531287203e-6,-5.100790531287203e-6,-0.14042467926131508,-4.265424679261072
0,2,-0.0014388392446562648,-0.0014388392446562648,-0.14186351850597134,-4.266863518505728
1,2,-0.00043653047760017216,-0.00043653047760017216,-0.14230004898357151,-4.267300048983328
2,2,0.0022190550807863474,0.0022190550807863474,-0.14008099390278517,-4.265080993902542
0,2,-0.0020490558817982674,-0.0020490558817982674,-0.14213004978458343,-4.26713004978434
1,2,0.00026777724269777536,0.00026777724269777536,-0.14186227254188566,-4.266862272541642
2,2,0.0010141369421035051,0.0010141369421035051,-0.14084813559978215,-4.265848135599539
2,0,-0.0006533393170684576,-0.0026533393170684576,-0.1415014749168506,-4.268501474916607
1,0,0.00008445843559456989,0.00008445843559456989,-0.14141701648125604,-4.2684170164810125
0,0,0.0007336828857660294,0.0007336828857660294,-0.14068333359549,-4.267683333595246
2,0,-0.002433170797303319,-0.002433170797303319,-0.14311650439279333,-4.27011650439255
2,0,-0.001204942585900426,-0.001204942585900426,-0.14432144697869376,-4.27132144697845
2,0,-0.0023252321407198906,-0.0023252321407198906,-0.14664667911941365,-4.27364667911917
2,0,-0.001174249337054789,-0.001174249337054789,-0.14782092845646844,-4.274820928456225
2,0,-0.0003815969103015959,-0.0003815969103015959,-0.14820252536677003,-4.2752025253665265
0,0,0.001644945121370256,0.001644945121370256,-0.14655758024539978,-4.273557580245156
1,2,-0.00030534761026501656,-0.0023053476102650166,-0.1468629278556648,-4.275862927855421
1,2,0.000019187536963727325,0.000019187536963727325,-0.14684374031870107,-4.275843740318457
0,0,0.0012879909481853247,-0.0007120090518146754,-0.14555574937051574,-4.276555749370272
1,0,-0.000020327415768406354,-0.000020327415768406354,-0.14557607678628415,-4.27657607678604
1,0,-0.00006841606955276802,-0.00006841606955276802,-0.14564449285583692,-4.276644492855593
2,0,-0.001137846033088863,-0.001137846033088863,-0.14678233888892578,-4.277782338888682
1,0,0.000029959315725136548,0.000029959315725136548,-0.14675237957320064,-4.277752379572957
1,0,0.0001865850354079157,0.0001865850354079157,-0.14656579453779273,-4.277565794537549
0,2,-0.0007328099454753101,-0.00273280994547531,-0.14729860448326804,-4.280298604483024
2,0,-0.00040858672582544386,-0.002408586725825444,-0.14770719120909348,-4.282707191208849
1,0,-0.000028240578103577718,-0.000028240578103577718,-0.14773543178719706,-4.282735431786953
2,0,-0.0011673223925754428,-0.0011673223925754428,-0.1489027541797725,-4.283902754179528
1,2,-0.0002767908445093781,-0.002276790844509378,-0.14917954502428188,-4.286179545024037
2,0,-0.000814315804746002,-0.002814315804746002,-0.14999386082902788,-4.288993860828783
0,0,0.0006503602489829063,0.0006503602489829063,-0.14934350058004497,-4.2883435005798
2,0,-0.0013169795274734497,-0.0013169795274734497,-0.15066048010751842,-4.2896604801072735
2,0,-0.0005429298034869134,-0.0005429298034869134,-0.15120340991100534,-4.29020340991076
1,0,-0.00022770804935134947,-0.00022770804935134947,-0.1514311179603567,-4.290431117960112
2,0,-0.005269452929496765,-0.005269452929496765,-0.15670057088985345,-4.2957005708896085
0,0,0.0004884633235633373,0.0004884633235633373,-0.15621210756629011,-4.295212107566045
2,0,-0.0012026693439111114,-0.0012026693439111114,-0.15741477691020123,-4.296414776909956
0,0,0.0025096458848565817,0.0025096458848565817,-0.15490513102534464,-4.2939051310251
2,0,-0.0020388455595821142,-0.0020388455595821142,-0.15694397658492676,-4.295943976584682
0,0,0.008669206872582436,0.008669206872582436,-0.14827476971234432,-4.287274769712099
1,2,-0.00017850135918706656,-0.0021785013591870666,-0.1484532710715314,-4.289453271071286
2,2,0.016269462183117867,0.016269462183117867,-0.13218380888841352,-4.273183808888168
2,0,-0.0020161394495517015,-0.004016139449551702,-0.13419994833796522,-4.27719994833772
0,0,0.009029076434671879,0.009029076434671879,-0.12517087190329335,-4.268170871903048
1,2,0.00037539994809776545,-0.0016246000519022346,-0.12479547195519558,-4.26979547195495
0,2,-0.00408973777666688,-0.00408973777666688,-0.12888520973186246,-4.273885209731617
0,2,-0.005349690094590187,-0.005349690094590187,-0.13423489982645265,-4.279234899826207
1,2,0.0010968020651489496,0.0010968020651489496,-0.1331380977613037,-4.278138097761058
1,2,0.00009551089897286147,0.00009551089897286147,-0.13304258686233084,-4.278042586862085
1,2,-0.00011716295557562262,-0.00011716295557562262,-0.13315974981790646,-4.278159749817661
1,2,-0.0010207766899839044,-0.0010207766899839044,-0.13418052650789036,-4.279180526507645
1,0,-0.0003414064703974873,-0.0023414064703974873,-0.13452193297828785,-4.281521932978042
2,2,0.002455877372995019,0.0004558773729950189,-0.13206605560529283,-4.281066055605047
1,0,0.00032821399508975446,-0.0016717860049102456,-0.13173784161020308,-4.282737841609957
2,1,0.0,-0.001,-0.13173784161020308,-4.283737841609957
0,1,-0.0,-0.0,-0.13173784161020308,-4.283737841609957
1,1,0.0,0.0,-0.13173784161020308,-4.283737841609957
1,2,-0.0014642153400927782,-0.0024642153400927782,-0.13320205695029586,-4.28620205695005
2,0,-0.006065562833100557,-0.008065562833100557,-0.1392676197833964,-4.294267619783151
2,0,-0.0015942661557346582,-0.0015942661557346582,-0.14086188593913107,-4.295861885938885
2,0,-0.00446731224656105,-0.00446731224656105,-0.14532919818569212,-4.300329198185446
1,0,0.0010028081014752388,0.0010028081014752388,-0.14432639008421688,-4.299326390083971
2,2,0.0012578368186950684,-0.0007421631813049317,-0.14306855326552181,-4.300068553265276
0,0,0.0017214243998751044,-0.0002785756001248956,-0.1413471288656467,-4.3003471288654005
1,2,1.9554859136405867e-6,-0.0019980445140863595,-0.14134517337973307,-4.302345173379487
1,0,-0.00015569328388664871,-0.0021556932838866488,-0.14150086666361972,-4.304500866663373
0,2,-0.0010792302200570703,-0.0030792302200570703,-0.1425800968836768,-4.30758009688343
0,0,0.0024551295209676027,0.0004551295209676027,-0.14012496736270919,-4.307124967362462
0,2,-0.004252319224178791,-0.006252319224178791,-0.14437728658688798,-4.313377286586641
1,2,0.0006248111021704972,0.0006248111021704972,-0.14375247548471748,-4.31275247548447
0,0,0.0023551424965262413,0.00035514249652624126,-0.14139733298819124,-4.312397332987944
2,2,0.0022330426145344973,0.00023304261453449722,-0.13916429037365674,-4.312164290373409
1,2,-0.00019672045891638845,-0.00019672045891638845,-0.13936101083257313,-4.312361010832325
0,2,-0.0024849860928952694,-0.0024849860928952694,-0.1418459969254684,-4.314845996925221
0,2,-0.0019401093013584614,-0.0019401093013584614,-0.14378610622682686,-4.316786106226579
1,2,-0.00027320728986524045,-0.00027320728986524045,-0.1440593135166921,-4.317059313516444
1,2,-0.00007619968528160825,-0.00007619968528160825,-0.1441355132019737,-4.317135513201726
0,2,-0.00211487733758986,-0.00211487733758986,-0.14625039053956357,-4.319250390539316
2,2,0.0014679357409477234,0.0014679357409477234,-0.14478245479861584,-4.317782454798368
2,2,0.0011924577411264181,0.0011924577411264181,-0.14358999705748943,-4.316589997057242
0,0,0.005136109422892332,0.003136109422892332,-0.1384538876345971,-4.313453887634349
2,2,0.000907911395188421,-0.001092088604811579,-0.13754597623940867,-4.3145459762391605
0,2,-0.0025359916035085917,-0.0025359916035085917,-0.14008196784291727,-4.317081967842669
0,2,-0.004191203974187374,-0.004191203974187374,-0.14427317181710464,-4.321273171816856
2,0,-0.006574340630322695,-0.008574340630322695,-0.15084751244742733,-4.329847512447179
2,2,0.0018787053413689137,-0.00012129465863108639,-0.14896880710605842,-4.32996880710581
2,0,-0.0019257807871326804,-0.0039257807871326805,-0.1508945878931911,-4.333894587892942
0,0,0.0017057976219803095,0.0017057976219803095,-0.1491887902712108,-4.332188790270962
0,2,-0.0013569827424362302,-0.0033569827424362302,-0.15054577301364702,-4.335545773013398
2,2,0.000855722522828728,0.000855722522828728,-0.1496900504908183,-4.334690050490569
0,2,-0.0018858177354559302,-0.0018858177354559302,-0.15157586822627422,-4.336575868226025
2,2,0.002648887922987342,0.002648887922987342,-0.14892698030328688,-4.333926980303038
2,2,0.0035616273526102304,0.0035616273526102304,-0.14536535295067665,-4.330365352950428
1,0,-0.0005430221790447831,-0.002543022179044783,-0.14590837512972143,-4.332908375129472
2,0,-0.002464449964463711,-0.002464449964463711,-0.14837282509418515,-4.335372825093936
1,0,0.00022193235054146498,0.00022193235054146498,-0.14815089274364368,-4.335150892743394
0,0,0.0026128513272851706,0.0026128513272851706,-0.1455380414163585,-4.332538041416109
1,2,-0.0004930862924084067,-0.0024930862924084068,-0.14603112770876692,-4.335031127708517
1,2,0.000578617095015943,0.000578617095015943,-0.14545251061375097,-4.3344525106135015
2,0,-0.0020915598142892122,-0.004091559814289212,-0.14754407042804019,-4.3385440704277904
2,0,-0.0011669789673760533,-0.0011669789673760533,-0.14871104939541624,-4.3397110493951665
0,0,0.005951514467597008,0.005951514467597008,-0.14275953492781923,-4.3337595349275695
0,2,-0.0038161296397447586,-0.005816129639744759,-0.146575664567564,-4.339575664567314
0,2,-0.0037141619250178337,-0.0037141619250178337,-0.15028982649258182,-4.343289826492332
0,0,0.006840689107775688,0.004840689107775688,-0.14344913738480614,-4.338449137384556
2,2,0.0012546107172966003,-0.0007453892827033997,-0.14219452666750954,-4.339194526667259
0,2,-0.011713857762515545,-0.011713857762515545,-0.15390838443002508,-4.350908384429775
2,2,0.0035606955643743277,0.0035606955643743277,-0.15034768886565075,-4.3473476888654
2,2,0.0051263682544231415,0.0051263682544231415,-0.1452213206112276,-4.342221320610977
1,1,0.0,-0.001,-0.1452213206112276,-4.3432213206109775
1,2,0.0005558885168284178,-0.00044411148317158224,-0.1446654320943992,-4.3436654320941495
1,0,-0.0007096714107319713,-0.0027096714107319713,-0.14537510350513116,-4.346375103504881
0,1,-0.0,-0.001,-0.14537510350513116,-4.3473751035048815
1,2,0.00037676215288229287,-0.0006232378471177072,-0.14499834135224887,-4.347998341352
0,1,-0.0,-0.001,-0.14499834135224887,-4.348998341352
2,2,0.00335306441411376,0.00235306441411376,-0.1416452769381351,-4.3466452769378865
1,2,0.0003090751124545932,0.0003090751124545932,-0.14133620182568052,-4.346336201825432
0,1,-0.0,-0.001,-0.14133620182568052,-4.347336201825432
0,1,-0.0,-0.0,-0.14133620182568052,-4.347336201825432
2,2,0.0051329960115253925,0.0041329960115253925,-0.13620320581415513,-4.343203205813907
2,1,0.0,-0.001,-0.13620320581415513,-4.3442032058139075
1,0,0.0000557595667487476,-0.0009442404332512524,-0.13614744624740638,-4.345147446247159
1,1,-0.0,-0.001,-0.13614744624740638,-4.346147446247159
1,1,0.0,0.0,-0.13614744624740638,-4.346147446247159
0,2,-0.002333418931812048,-0.003333418931812048,-0.13848086517921843,-4.349480865178972
1,2,-0.0008229613886214793,-0.0008229613886214793,-0.1393038265678399,-4.350303826567593
0,2,-0.003925502300262451,-0.003925502300262451,-0.14322932886810236,-4.354229328867856
2,2,0.006399503443390131,0.006399503443390131,-0.13682982542471223,-4.347829825424466
1,0,0.0008199721341952682,-0.0011800278658047319,-0.13600985329051696,-4.34900985329027
2,2,0.015723817050457,0.013723817050457,-0.12028603624005996,-4.335286036239813
2,0,-0.004146035760641098,-0.006146035760641098,-0.12443207200070106,-4.341432072000454
2,0,-0.007196199148893356,-0.007196199148893356,-0.1316282711495944,-4.348628271149347
0,0,0.002689219079911709,0.002689219079911709,-0.1289390520696827,-4.345939052069435
1,0,0.0010595988715067506,0.0010595988715067506,-0.12787945319817595,-4.344879453197929
0,2,-0.001990776974707842,-0.003990776974707842,-0.1298702301728838,-4.348870230172636
1,2,-0.00009457613487029448,-0.00009457613487029448,-0.1299648063077541,-4.348964806307507
1,1,-0.0,-0.001,-0.1299648063077541,-4.349964806307507
1,0,-0.0007293712114915252,-0.0017293712114915252,-0.1306941775192456,-4.351694177518999
0,2,-0.004503471311181784,-0.006503471311181784,-0.1351976488304274,-4.35819764883018
2,2,0.0052725481800735,0.0052725481800735,-0.1299251006503539,-4.352925100650107
0,2,-0.004766818135976791,-0.004766818135976791,-0.1346919187863307,-4.357691918786084
2,2,0.0020701829344034195,0.0020701829344034195,-0.13262173585192727,-4.35562173585168
0,1,-0.0,-0.001,-0.13262173585192727,-4.3566217358516806
0,2,-0.004134410992264748,-0.005134410992264748,-0.13675614684419202,-4.361756146843946
0,2,-0.004528059624135494,-0.004528059624135494,-0.1412842064683275,-4.366284206468081
2,2,0.002733815461397171,0.002733815461397171,-0.13855039100693034,-4.363550391006684
2,1,0.0,-0.001,-0.13855039100693034,-4.364550391006684
0,1,-0.0,-0.0,-0.13855039100693034,-4.364550391006684
0,1,-0.0,-0.0,-0.13855039100693034,-4.364550391006684
2,1,0.0,0.0,-0.13855039100693034,-4.364550391006684
0,1,-0.0,-0.0,-0.13855039100693034,-4.364550391006684
0,2,-0.003023597178980708,-0.004023597178980708,-0.14157398818591105,-4.368573988185665
0,2,-0.020441608503460884,-0.020441608503460884,-0.16201559668937193,-4.389015596689126
2,2,0.004962109960615635,0.004962109960615635,-0.1570534867287563,-4.384053486728511
1,2,-1.2634187669391395e-6,-1.2634187669391395e-6,-0.15705475014752324,-4.3840547501472775
2,2,0.0018181756604462862,0.0018181756604462862,-0.15523657448707695,-4.382236574486831
2,2,0.002087377244606614,0.002087377244606614,-0.15314919724247034,-4.380149197242225
0,0,0.0022174075711518526,0.00021740757115185257,-0.15093178967131848,-4.3799317896710726
0,2,-0.001735777361318469,-0.003735777361318469,-0.15266756703263695,-4.383667567032391
1,1,-0.0,-0.001,-0.15266756703263695,-4.384667567032391
0,1,-0.0,-0.0,-0.15266756703263695,-4.384667567032391
2,2,0.0016938168555498123,0.0006938168555498123,-0.15097375017708714,-4.383973750176842
1,1,0.0,-0.001,-0.15097375017708714,-4.384973750176842
1,2,-0.00001630587939871475,-0.0010163058793987148,-0.15099005605648586,-4.385990056056241
1,2,0.0007086180266924202,0.0007086180266924202,-0.15028143802979343,-4.385281438029549
1,1,-0.0,-0.001,-0.15028143802979343,-4.386281438029549
1,1,-0.0,-0.0,-0.15028143802979343,-4.386281438029549
1,1,-0.0,-0.0,-0.15028143802979343,-4.386281438029549
1,1,-0.0,-0.0,-0.15028143802979343,-4.386281438029549
0,1,-0.0,-0.0,-0.15028143802979343,-4.386281438029549
0,2,-0.003543933853507042,-0.004543933853507042,-0.15382537188330048,-4.390825371883056
1,2,0.0007243792060762644,0.0007243792060762644,-0.1531009926772242,-4.39010099267698
0,2,-0.004384134896099567,-0.004384134896099567,-0.15748512757332378,-4.39448512757308
0,2,-0.0015826361486688256,-0.0015826361486688256,-0.1590677637219926,-4.3960677637217485
2,0,-0.0015599678736180067,-0.0035599678736180067,-0.1606277315956106,-4.399627731595366
0,2,-0.0009543277556076646,-0.0029543277556076646,-0.16158205935121828,-4.402582059350974
1,2,0.0000944739585975185,0.0000944739585975185,-0.16148758539262076,-4.402487585392376
2,0,-0.0014851568266749382,-0.0034851568266749382,-0.1629727422192957,-4.405972742219051
2,0,-0.0013828810770064592,-0.0013828810770064592,-0.16435562329630216,-4.407355623296057
1,2,-0.00041816712473519146,-0.0024181671247351915,-0.16477379042103735,-4.409773790420792
1,0,0.000057030527386814356,-0.0019429694726131857,-0.16471675989365053,-4.411716759893405
1,2,0.00036194801214151084,-0.0016380519878584892,-0.16435481188150902,-4.4133548118812636
1,2,0.00038149530882947147,0.00038149530882947147,-0.16397331657267955,-4.412973316572434
1,2,0.000017122340068453923,0.000017122340068453923,-0.1639561942326111,-4.412956194232366
1,2,0.00006043696339474991,0.00006043696339474991,-0.16389575726921635,-4.412895757268971
0,0,0.0010160306701436639,-0.0009839693298563362,-0.16287972659907268,-4.413879726598827
1,2,-0.0004886963288299739,-0.002488696328829974,-0.16336842292790266,-4.416368422927657
0,2,-0.0025907496456056833,-0.0025907496456056833,-0.16595917257350834,-4.418959172573262
0,2,-0.002828264143317938,-0.002828264143317938,-0.16878743671682628,-4.42178743671658
2,2,0.0021822224371135235,0.0021822224371135235,-0.16660521427971275,-4.419605214279467
2,2,0.0017107013845816255,0.0017107013845816255,-0.16489451289513113,-4.417894512894885
2,0,-0.0016545557882636786,-0.0036545557882636786,-0.1665490686833948,-4.421549068683149
1,0,0.00046941539039835334,0.00046941539039835334,-0.16607965329299645,-4.42107965329275
1,2,-0.00021264037059154361,-0.0022126403705915437,-0.166292293663588,-4.423292293663342
2,2,0.0009624736267141998,0.0009624736267141998,-0.1653298200368738,-4.4223298200366274
0,0,0.0011545417364686728,-0.0008454582635313273,-0.16417527830040513,-4.4231752783001586
2,2,0.00204082066193223,0.000040820661932229954,-0.1621344576384729,-4.423134457638226
2,2,0.0027650154661387205,0.0027650154661387205,-0.15936944217233417,-4.420369442172087
0,0,0.0006374218501150608,-0.0013625781498849392,-0.15873202032221911,-4.421732020321972
0,0,0.0006526308716274798,0.0006526308716274798,-0.15807938945059163,-4.421079389450345
0,0,0.0020683705806732178,0.0020683705806732178,-0.15601101886991842,-4.419011018869671
0,2,-0.0019378657452762127,-0.003937865745276213,-0.15794888461519463,-4.422948884614947
1,0,1.281205982195388e-6,-0.0019987187940178047,-0.15794760340921243,-4.424947603408965
1,2,-0.00021846963500138372,-0.0022184696350013838,-0.15816607304421382,-4.427166073043966
2,2,0.0007125090342015028,0.0007125090342015028,-0.15745356401001231,-4.426453564009765
2,2,0.002277722116559744,0.002277722116559744,-0.15517584189345257,-4.424175841893205
2,2,0.00187958765309304,0.00187958765309304,-0.15329625424035953,-4.422296254240112
0,0,0.0017606444889679551,-0.00023935551103204493,-0.15153560975139158,-4.422535609751144
2,1,0.0,-0.001,-0.15153560975139158,-4.423535609751144
0,0,0.005223442334681749,0.004223442334681749,-0.14631216741670983,-4.419312167416463
0,2,-0.0069418479688465595,-0.00894184796884656,-0.15325401538555639,-4.428254015385309
0,0,0.0032032588496804237,0.0012032588496804237,-0.15005075653587596,-4.427050756535628
0,0,0.0013054764131084085,0.0013054764131084085,-0.14874528012276755,-4.42574528012252
0,0,0.00355725665576756,0.00355725665576756,-0.145188023467,-4.422188023466752
2,2,0.0011607697233557701,-0.0008392302766442299,-0.14402725374364422,-4.423027253743396
2,2,0.0014787957770749927,0.0014787957770749927,-0.14254845796656923,-4.421548457966321
0,2,-0.001391051453538239,-0.001391051453538239,-0.14393950942010747,-4.42293950941986
1,0,0.0002454435743857175,-0.0017545564256142825,-0.14369406584572175,-4.424694065845474
2,0,-0.0020933051127940416,-0.0020933051127940416,-0.1457873709585158,-4.426787370958268
1,0,0.0004317580023780465,0.0004317580023780465,-0.14535561295613775,-4.42635561295589
0,0,0.001393226208165288,0.001393226208165288,-0.14396238674797246,-4.424962386747724
0,0,0.0021915726829320192,0.0021915726829320192,-0.14177081406504044,-4.422770814064792
2,2,0.0067652068100869656,0.0047652068100869655,-0.13500560725495347,-4.418005607254705
2,2,0.004571873694658279,0.004571873694658279,-0.1304337335602952,-4.413433733560047
0,0,0.009086497128009796,0.007086497128009796,-0.1213472364322854,-4.406347236432037
0,2,-0.007096426095813513,-0.009096426095813513,-0.1284436625280989,-4.41544366252785
1,2,0.00020693296391982585,0.00020693296391982585,-0.12823672956417909,-4.41523672956393
1,0,-7.1980357461143285e-6,-0.0020071980357461144,-0.1282439275999252,-4.417243927599676
2,0,-0.0038713079411536455,-0.0038713079411536455,-0.13211523554107885,-4.42111523554083
0,0,0.00593481445685029,0.00593481445685029,-0.12618042108422856,-4.41518042108398
2,2,0.008819717913866043,0.006819717913866043,-0.11736070317036251,-4.408360703170113
1,0,0.00023505257559008896,-0.001764947424409911,-0.11712565059477242,-4.410125650594523
2,2,0.0025079718325287104,0.0005079718325287103,-0.11461767876224371,-4.409617678761994
1,1,-0.0,-0.001,-0.11461767876224371,-4.410617678761994
1,0,0.0009910431690514088,-8.956830948591253e-6,-0.1136266355931923,-4.410626635592943
2,1,0.0,-0.001,-0.1136266355931923,-4.411626635592944
0,2,-0.0061617325991392136,-0.007161732599139214,-0.11978836819233152,-4.418788368192083
1,2,-0.0006463798927143216,-0.0006463798927143216,-0.12043474808504584,-4.4194347480847975
2,2,0.0022116689942777157,0.0022116689942777157,-0.11822307909076812,-4.41722307909052
2,1,0.0,-0.001,-0.11822307909076812,-4.41822307909052
1,1,-0.0,-0.0,-0.11822307909076812,-4.41822307909052
2,1,0.0,0.0,-0.11822307909076812,-4.41822307909052
2,1,0.0,0.0,-0.11822307909076812,-4.41822307909052
0,0,0.0023979416582733393,0.0013979416582733393,-0.11582513743249478,-4.416825137432247
0,1,-0.0,-0.001,-0.11582513743249478,-4.4178251374322475
2,1,0.0,0.0,-0.11582513743249478,-4.4178251374322475
0,0,0.004256737418472767,0.003256737418472767,-0.11156840001402202,-4.414568400013775
2,2,0.0029363236390054226,0.0009363236390054226,-0.1086320763750166,-4.413632076374769
1,1,-0.0,-0.001,-0.1086320763750166,-4.41463207637477
0,0,0.006267849821597338,0.005267849821597338,-0.10236422655341926,-4.409364226553173
2,2,0.0016846111975610256,-0.0003153888024389744,-0.10067961535585823,-4.4096796153556115
2,2,0.004867304116487503,0.004867304116487503,-0.09581231123937073,-4.404812311239124
1,0,0.000492093269713223,-0.001507906730286777,-0.0953202179696575,-4.4063202179694105
1,0,0.0006960821337997913,0.0006960821337997913,-0.09462413583585771,-4.405624135835611
1,2,0.00020127322932239622,-0.0017987267706776038,-0.09442286260653532,-4.407422862606288
2,2,0.002645460655912757,0.002645460655912757,-0.09177740195062256,-4.404777401950375
1,0,0.0005180365988053381,-0.001481963401194662,-0.09125936535181722,-4.40625936535157
0,2,-0.0035151576157659292,-0.005515157615765929,-0.09477452296758315,-4.4117745229673355
2,2,0.0015910485526546836,0.0015910485526546836,-0.09318347441492847,-4.410183474414681
1,2,-0.0005927490419708192,-0.0005927490419708192,-0.09377622345689929,-4.410776223456652
1,2,0.00041859305929392576,0.00041859305929392576,-0.09335763039760536,-4.410357630397358
0,0,0.0017009815201163292,-0.00029901847988367085,-0.09165664887748903,-4.410656648877241
1,2,0.0004317729617469013,-0.0015682270382530988,-0.09122487591574213,-4.412224875915494
1,0,-0.0007404371863231063,-0.0027404371863231063,-0.09196531310206524,-4.414965313101817
2,0,-0.0054114582017064095,-0.0054114582017064095,-0.09737677130377165,-4.420376771303523
2,0,-0.002808597171679139,-0.002808597171679139,-0.10018536847545079,-4.4231853684752025
0,0,0.001699712942354381,0.001699712942354381,-0.0984856555330964,-4.421485655532848
2,0,-0.0022670195903629065,-0.0022670195903629065,-0.10075267512345931,-4.423752675123211
1,0,-0.0003496765857562423,-0.0003496765857562423,-0.10110235170921555,-4.424102351708967
1,0,-0.0004170253232587129,-0.0004170253232587129,-0.10151937703247427,-4.424519377032226
0,0,0.0017425447003915906,0.0017425447003915906,-0.09977683233208268,-4.422776832331834
2,2,0.003029297571629286,0.0010292975716292858,-0.09674753476045339,-4.421747534760205
0,0,0.005330654792487621,0.0033306547924876213,-0.09141687996796577,-4.418416879967717
2,2,0.003122782101854682,0.001122782101854682,-0.08829409786611109,-4.417294097865862
1,0,-0.00012110918760299683,-0.002121109187602997,-0.08841520705371408,-4.419415207053465
0,0,0.0015098773874342442,0.0015098773874342442,-0.08690532966627984,-4.417905329666031
2,0,-0.0029740340542048216,-0.0029740340542048216,-0.08987936372048466,-4.4208793637202355
0,0,0.0019854954443871975,0.0019854954443871975,-0.08789386827609746,-4.418893868275848
2,2,0.0032550429459661245,0.0012550429459661245,-0.08463882533013134,-4.417638825329882
1,0,-0.0006759874522686005,-0.0026759874522686005,-0.08531481278239994,-4.42031481278215
0,0,0.0028346877079457045,0.0028346877079457045,-0.08248012507445424,-4.417480125074205
1,2,0.00006038526407792233,-0.0019396147359220777,-0.08241973981037631,-4.4194197398101265
1,0,-0.0006131941918283701,-0.00261319419182837,-0.08303293400220468,-4.422032934001955
2,0,-0.005335169844329357,-0.005335169844329357,-0.08836810384653404,-4.427368103846284
0,0,0.0013250259216874838,0.0013250259216874838,-0.08704307792484656,-4.4260430779245965
2,2,0.0011799541534855962,-0.0008200458465144039,-0.08586312377136096,-4.426863123771111
2,0,-0.0015758057124912739,-0.003575805712491274,-0.08743892948385223,-4.430438929483602
1,0,0.0005498527898453176,0.0005498527898453176,-0.08688907669400692,-4.429889076693756
0,0,0.0026664321776479483,0.0026664321776479483,-0.08422264451635897,-4.4272226445161085
0,2,-0.002648567780852318,-0.004648567780852318,-0.08687121229721129,-4.431871212296961
2,2,0.003432168858125806,0.003432168858125806,-0.08343904343908548,-4.428439043438835
1,0,-0.0004572128818836063,-0.0024572128818836064,-0.08389625632096909,-4.430896256320718
0,2,-0.003749225288629532,-0.005749225288629532,-0.08764548160959862,-4.4366454816093475
0,2,-0.005618265829980373,-0.005618265829980373,-0.09326374743957899,-4.442263747439328
1,2,-0.00011633090616669506,-0.00011633090616669506,-0.09338007834574569,-4.4423800783454945
2,2,0.0011579126585274935,0.0011579126585274935,-0.0922221656872182,-4.441222165686967
0,2,-0.002018767176195979,-0.002018767176195979,-0.09424093286341417,-4.443240932863163
0,0,0.0017918689409270883,-0.00020813105907291178,-0.09244906392248708,-4.443449063922236
2,0,-0.003563835984095931,-0.003563835984095931,-0.09601289990658302,-4.447012899906332
1,2,-0.0006671958835795522,-0.002667195883579552,-0.09668009579016257,-4.449680095789911
2,0,-0.008530635386705399,-0.010530635386705399,-0.10521073117686797,-4.460210731176616
0,0,0.006204437464475632,0.006204437464475632,-0.09900629371239233,-4.4540062937121405
2,2,0.003905386896803975,0.001905386896803975,-0.09510090681558836,-4.452100906815336
1,2,0.00019627227447926998,0.00019627227447926998,-0.09490463454110909,-4.451904634540857
1,2,-0.0004314636462368071,-0.0004314636462368071,-0.0953360981873459,-4.452336098187094
1,2,-0.0005703788483515382,-0.0005703788483515382,-0.09590647703569743,-4.452906477035445
1,2,-0.00016077965847216547,-0.00016077965847216547,-0.0960672566941696,-4.453067256693918
0,2,-0.003122157882899046,-0.003122157882899046,-0.09918941457706865,-4.456189414576817
2,2,0.0031283420976251364,0.0031283420976251364,-0.09606107247944351,-4.4530610724791915
1,2,0.0007387499208562076,0.0007387499208562076,-0.0953223225585873,-4.452322322558335
2,2,0.0013717301189899445,0.0013717301189899445,-0.09395059243959736,-4.450950592439345
0,0,0.0016027240781113505,-0.0003972759218886495,-0.09234786836148601,-4.451347868361234
0,2,-0.0021453567314893007,-0.004145356731489301,-0.09449322509297531,-4.455493225092723
1,2,-0.0008468011510558426,-0.0008468011510558426,-0.09534002624403115,-4.456340026243779
1,0,0.00019828010408673435,-0.0018017198959132657,-0.09514174613994442,-4.458141746139692
0,0,0.0018190352711826563,0.0018190352711826563,-0.09332271086876176,-4.456322710868509
1,2,0.0005140563589520752,-0.0014859436410479248,-0.09280865450980968,-4.457808654509557
1,2,0.00006325220601866022,0.00006325220601866022,-0.09274540230379102,-4.457745402303538
2,2,0.0015101381577551365,0.0015101381577551365,-0.09123526414603589,-4.456235264145783
2,0,-0.0013559390790760517,-0.0033559390790760518,-0.09259120322511194,-4.459591203224859
0,0,0.0031505494844168425,0.0031505494844168425,-0.0894406537406951,-4.456440653740442
0,0,0.006695673335343599,0.006695673335343599,-0.0827449804053515,-4.449744980405098
1,2,0.0002130696375388652,-0.0017869303624611348,-0.08253191076781263,-4.451531910767559
2,0,-0.002082590479403734,-0.004082590479403734,-0.08461450124721637,-4.455614501246963
0,0,0.002611310686916113,0.002611310686916113,-0.08200319056030025,-4.453003190560047
0,2,-0.0027729617431759834,-0.0047729617431759835,-0.08477615230347624,-4.457776152303222
0,0,0.008885088376700878,0.006885088376700878,-0.07589106392677536,-4.450891063926521
2,2,0.001633640844374895,-0.00036635915562510495,-0.07425742308240046,-4.451257423082146
1,2,-0.00007422844646498561,-0.00007422844646498561,-0.07433165152886545,-4.451331651528611
0,2,-0.0031810705550014973,-0.0031810705550014973,-0.07751272208386695,-4.454512722083613
0,2,-0.002617980120703578,-0.002617980120703578,-0.08013070220457053,-4.457130702204316
0,2,-0.0024767373688519,-0.0024767373688519,-0.08260743957342243,-4.459607439573168
2,2,0.0018191167619079351,0.0018191167619079351,-0.08078832281151449,-4.45778832281126
2,2,0.001088692806661129,0.001088692806661129,-0.07969963000485336,-4.456699630004599
1,0,-0.0008352772565558553,-0.0028352772565558553,-0.08053490726140922,-4.459534907261155
0,1,-0.0,-0.001,-0.08053490726140922,-4.460534907261155
1,2,-0.0007560465601272881,-0.0017560465601272881,-0.0812909538215365,-4.462290953821283
0,2,-0.0011180997826159,-0.0011180997826159,-0.0824090536041524,-4.463409053603899
0,2,-0.010519158095121384,-0.010519158095121384,-0.09292821169927379,-4.47392821169902
1,2,0.0010039275512099266,0.0010039275512099266,-0.09192428414806386,-4.47292428414781
1,2,-0.00036681100027635694,-0.00036681100027635694,-0.09229109514834022,-4.473291095148086
1,2,0.0006439393036998808,0.0006439393036998808,-0.09164715584464034,-4.4726471558443865
2,2,0.0011370282154530287,0.0011370282154530287,-0.09051012762918731,-4.4715101276289335
1,2,-0.00048226636135950685,-0.00048226636135950685,-0.09099239399054682,-4.471992393990293
2,2,0.00613426836207509,0.00613426836207509,-0.08485812562847173,-4.465858125628218
2,0,-0.004296079743653536,-0.006296079743653536,-0.08915420537212526,-4.472154205371871
1,0,0.00023461230739485472,0.00023461230739485472,-0.0889195930647304,-4.471919593064476
0,0,0.0009975843131542206,0.0009975843131542206,-0.08792200875157619,-4.470922008751322
1,0,-0.0005761501379311085,-0.0005761501379311085,-0.0884981588895073,-4.471498158889253
2,2,0.00472650770097971,0.0027265077009797096,-0.08377165118852758,-4.468771651188273
2,0,-0.001812957925722003,-0.003812957925722003,-0.08558460911424959,-4.472584609113995
2,0,-0.01701771654188633,-0.01701771654188633,-0.10260232565613592,-4.4896023256558815
0,0,0.0062636579386889935,0.0062636579386889935,-0.09633866771744692,-4.4833386677171925
0,2,-0.002875558566302061,-0.004875558566302061,-0.09921422628374899,-4.488214226283494
2,2,0.002185521414503455,0.002185521414503455,-0.09702870486924553,-4.486028704868991
1,1,0.0,-0.001,-0.09702870486924553,-4.487028704868991
1,1,0.0,0.0,-0.09702870486924553,-4.487028704868991
1,1,-0.0,-0.0,-0.09702870486924553,-4.487028704868991
1,1,-0.0,-0.0,-0.09702870486924553,-4.487028704868991
1,1,0.0,0.0,-0.09702870486924553,-4.487028704868991
1,1,0.0,0.0,-0.09702870486924553,-4.487028704868991
2,0,-0.0021500587463378906,-0.0031500587463378906,-0.09917876361558342,-4.490178763615329
0,1,-0.0,-0.001,-0.09917876361558342,-4.49117876361533
1,1,0.0,0.0,-0.09917876361558342,-4.49117876361533
2,1,0.0,0.0,-0.09917876361558342,-4.49117876361533
2,0,-0.0022074920125305653,-0.0032074920125305653,-0.10138625562811399,-4.494386255627861
2,0,-0.0016739286947995424,-0.0016739286947995424,-0.10306018432291353,-4.49606018432266
0,0,0.0026072480250149965,0.0026072480250149965,-0.10045293629789853,-4.493452936297645
0,1,-0.0,-0.001,-0.10045293629789853,-4.4944529362976455
0,1,-0.0,-0.0,-0.10045293629789853,-4.4944529362976455
1,2,-0.001224443898536265,-0.002224443898536265,-0.1016773801964348,-4.496677380196182
2,2,0.003921901807188988,0.003921901807188988,-0.09775547838924581,-4.492755478388993
1,0,-0.00028220252715982497,-0.002282202527159825,-0.09803768091640563,-4.495037680916153
1,2,-0.00036007000016979873,-0.0023600700001697988,-0.09839775091657543,-4.497397750916322
2,2,0.0014026416465640068,0.0014026416465640068,-0.09699510927001143,-4.495995109269758
0,0,0.0013678157702088356,-0.0006321842297911644,-0.09562729349980259,-4.496627293499549
0,0,0.006769578903913498,0.006769578903913498,-0.08885771459588909,-4.489857714595636
2,2,0.00853654183447361,0.00653654183447361,-0.08032117276141548,-4.483321172761162
2,2,0.0033921105787158012,0.0033921105787158012,-0.07692906218269968,-4.479929062182446
2,0,-0.0011418904177844524,-0.0031418904177844525,-0.07807095260048413,-4.48307095260023
0,0,0.0026962030678987503,0.0026962030678987503,-0.07537474953258538,-4.480374749532332
2,2,0.002122632460668683,0.000122632460668683,-0.0732521170719167,-4.480252117071663
0,2,-0.0010652969358488917,-0.0010652969358488917,-0.07431741400776559,-4.481317414007512
2,2,0.004719673655927181,0.004719673655927181,-0.06959774035183841,-4.476597740351584
1,0,-0.00020581652643159032,-0.0022058165264315904,-0.06980355687827,-4.478803556878016
1,0,-0.00016625021817162633,-0.00016625021817162633,-0.06996980709644163,-4.478969807096187
1,0,0.0002422152174403891,0.0002422152174403891,-0.06972759187900124,-4.478727591878747
1,0,-0.0007209182949736714,-0.0007209182949736714,-0.07044851017397491,-4.479448510173721
2,0,-0.0019040192710235715,-0.0019040192710235715,-0.07235252944499848,-4.481352529444744
1,0,0.000759393151383847,0.000759393151383847,-0.07159313629361463,-4.48059313629336
0,0,0.002429261105135083,0.002429261105135083,-0.06916387518847955,-4.478163875188225
1,1,0.0,-0.001,-0.06916387518847955,-4.479163875188226
1,2,-0.00034813740057870746,-0.0013481374005787075,-0.06951201258905826,-4.480512012588805
2,2,0.004810558632016182,0.004810558632016182,-0.06470145395704208,-4.4757014539567885
0,0,0.001096671330742538,-0.0009033286692574621,-0.06360478262629954,-4.476604782626046
2,0,-0.0013757327105849981,-0.0013757327105849981,-0.06498051533688454,-4.477980515336631
0,0,0.002210951643064618,0.002210951643064618,-0.06276956369381992,-4.475769563693566
1,2,-0.0002658802841324359,-0.002265880284132436,-0.06303544397795235,-4.478035443977698
0,2,-0.00131018937099725,-0.00131018937099725,-0.0643456333489496,-4.479345633348696
0,2,-0.002182078780606389,-0.002182078780606389,-0.066527712129556,-4.481527712129302
2,2,0.0012153382413089275,0.0012153382413089275,-0.06531237388824707,-4.480312373887993
0,2,-0.0032472158782184124,-0.0032472158782184124,-0.06855958976646548,-4.4835595897662115
2,2,0.002665144857019186,0.002665144857019186,-0.06589444490944629,-4.480894444909192
0,2,-0.006868936121463776,-0.006868936121463776,-0.07276338103091007,-4.487763381030656
1,2,-0.0004653868090827018,-0.0004653868090827018,-0.07322876783999277,-4.488228767839739
0,2,-0.001264267018996179,-0.001264267018996179,-0.07449303485898895,-4.489493034858735
1,0,-0.000052307528676465154,-0.002052307528676465,-0.07454534238766541,-4.491545342387411
2,0,-0.0011145042954012752,-0.0011145042954012752,-0.07565984668306669,-4.4926598466828125
2,0,-0.0023491757456213236,-0.0023491757456213236,-0.07800902242868801,-4.495009022428434
1,0,0.0002860151289496571,0.0002860151289496571,-0.07772300729973836,-4.494723007299484
0,0,0.0023063188418745995,0.0023063188418745995,-0.07541668845786376,-4.4924166884576096
1,0,0.00005825728294439614,0.00005825728294439614,-0.07535843117491936,-4.492358431174665
1,2,-0.0007063951925374568,-0.002706395192537457,-0.07606482636745682,-4.495064826367202
2,2,0.009835241362452507,0.009835241362452507,-0.06622958500500431,-4.48522958500475
0,0,0.0031879509333521128,0.0011879509333521127,-0.0630416340716522,-4.4840416340713976
1,2,-0.0006616291939280927,-0.0026616291939280928,-0.06370326326558029,-4.486703263265325
2,2,0.001283459598198533,0.001283459598198533,-0.06241980366738176,-4.485419803667127
0,0,0.004198149312287569,0.002198149312287569,-0.05822165435509419,-4.483221654354839
0,2,-0.005082718096673489,-0.007082718096673489,-0.06330437245176768,-4.490304372451512
1,2,0.0005213093245401978,0.0005213093245401978,-0.06278306312722748,-4.489783063126972
0,0,0.00816985871642828,0.00616985871642828,-0.0546132044107992,-4.483613204410544
0,2,-0.0012456546537578106,-0.0032456546537578106,-0.05585885906455701,-4.486858859064301
2,2,0.0027842067647725344,0.0027842067647725344,-0.053074652299784475,-4.484074652299529
1,2,0.0007210884941741824,0.0007210884941741824,-0.05235356380561029,-4.4833535638053545
0,0,0.0028534820303320885,0.0008534820303320884,-0.049500081775278204,-4.482500081775022
0,2,-0.001859416370280087,-0.003859416370280087,-0.05135949814555829,-4.486359498145302
2,0,-0.0023864880204200745,-0.0043864880204200745,-0.053745986165978366,-4.490745986165722
2,2,0.002039272803813219,0.00003927280381321903,-0.051706713362165146,-4.4907067133619085
0,0,0.002731860848143697,0.0007318608481436967,-0.04897485251402145,-4.489974852513765
1,2,0.000020559258700814098,-0.001979440741299186,-0.048954293255320636,-4.491954293255064
0,0,0.002586401766166091,0.0005864017661660909,-0.046367891489154545,-4.491367891488897
0,0,0.0013749654171988368,0.0013749654171988368,-0.04499292607195571,-4.489992926071698
2,2,0.0015730088343843818,-0.00042699116561561827,-0.043419917237571326,-4.490419917237314
2,2,0.001856449292972684,0.001856449292972684,-0.04156346794459864,-4.488563467944341
2,1,0.0,-0.001,-0.04156346794459864,-4.4895634679443415
0,0,0.001368847326375544,0.00036884732637554405,-0.0401946206182231,-4.489194620617966
1,1,0.0,-0.001,-0.0401946206182231,-4.490194620617967
1,1,-0.0,-0.0,-0.0401946206182231,-4.490194620617967
0,2,-0.0018544431077316403,-0.0028544431077316404,-0.04204906372595474,-4.493049063725699
0,2,-0.0010719862766563892,-0.0010719862766563892,-0.04312105000261113,-4.494121050002355
0,2,-0.008153325878083706,-0.008153325878083706,-0.051274375880694834,-4.502274375880439
1,2,-0.0005526786553673446,-0.0005526786553673446,-0.05182705453606218,-4.502827054535806
2,2,0.003911870531737804,0.003911870531737804,-0.047915184004324374,-4.498915184004068
1,2,-0.0002921064442489296,-0.0002921064442489296,-0.0482072904485733,-4.499207290448317
0,0,0.005908074323087931,0.003908074323087931,-0.04229921612548537,-4.495299216125229
2,2,0.002218337496742606,0.00021833749674260612,-0.040080878628742767,-4.495080878628486
1,2,0.0005251419497653842,0.0005251419497653842,-0.03955573667897738,-4.494555736678721
2,0,-0.00277370261028409,-0.00477370261028409,-0.04232943928926147,-4.499329439289005
0,0,0.010705716907978058,0.010705716907978058,-0.031623722381283415,-4.488623722381027
1,2,-0.0007371829124167562,-0.002737182912416756,-0.03236090529370017,-4.491360905293443
1,2,0.0004187618615105748,0.0004187618615105748,-0.031942143432189596,-4.4909421434319325
2,2,0.001628775498829782,0.001628775498829782,-0.030313367933359814,-4.489313367933103
0,0,0.0030430860351771116,0.0010430860351771116,-0.027270281898182702,-4.488270281897925
1,0,0.0007624225108884275,0.0007624225108884275,-0.026507859387294275,-4.487507859387037
0,0,0.013954030349850655,0.013954030349850655,-0.01255382903744362,-4.473553829037186
1,2,-0.001038787537254393,-0.003038787537254393,-0.013592616574698013,-4.4765926165744405
0,0,0.002614441094920039,0.0006144410949200391,-0.010978175479777974,-4.47597817547952
2,0,-0.0028979408089071512,-0.0028979408089071512,-0.013876116288685125,-4.478876116288427
2,0,-0.004025889560580254,-0.004025889560580254,-0.01790200584926538,-4.482902005849008
0,1,-0.0,-0.001,-0.01790200584926538,-4.483902005849008
2,0,-0.0029327210504561663,-0.003932721050456166,-0.020834726899721545,-4.4878347268994645
0,1,-0.0,-0.001,-0.020834726899721545,-4.488834726899465
2,2,0.0014383381931111217,0.00043833819311112163,-0.019396388706610423,-4.488396388706354
1,1,0.0,-0.001,-0.019396388706610423,-4.489396388706354
0,1,-0.0,-0.0,-0.019396388706610423,-4.489396388706354
1,2,0.00015117584553081542,-0.0008488241544691846,-0.019245212861079608,-4.490245212860824
0,2,-0.0014295524451881647,-0.0014295524451881647,-0.020674765306267773,-4.491674765306012
2,2,0.0069952066987752914,0.0069952066987752914,-0.013679558607492481,-4.484679558607237
2,0,-0.001553109148517251,-0.003553109148517251,-0.015232667756009732,-4.488232667755754
2,1,0.0,-0.001,-0.015232667756009732,-4.489232667755754
0,1,-0.0,-0.0,-0.015232667756009732,-4.489232667755754
2,2,0.0021859975531697273,0.0011859975531697273,-0.013046670202840005,-4.488046670202585
2,1,0.0,-0.001,-0.013046670202840005,-4.489046670202585
0,1,-0.0,-0.0,-0.013046670202840005,-4.489046670202585
2,2,0.0020765250083059072,0.0010765250083059072,-0.010970145194534098,-4.4879701451942795
2,2,0.0013419861206784844,0.0013419861206784844,-0.009628159073855613,-4.486628159073601
0,1,-0.0,-0.001,-0.009628159073855613,-4.487628159073601
0,2,-0.004928357433527708,-0.005928357433527708,-0.014556516507383321,-4.493556516507129
2,2,0.0010436333250254393,0.0010436333250254393,-0.013512883182357882,-4.492512883182104
2,2,0.002808681223541498,0.002808681223541498,-0.010704201958816384,-4.4897042019585625
2,0,-0.002694180468097329,-0.004694180468097329,-0.013398382426913713,-4.49439838242666
2,0,-0.0010891415877267718,-0.0010891415877267718,-0.014487524014640485,-4.495487524014386
0,0,0.0034994464367628098,0.0034994464367628098,-0.010988077577877675,-4.4919880775776235
2,2,0.0016964039532467723,-0.00030359604675322775,-0.009291673624630903,-4.4922916736243765
2,2,0.0012423477601259947,0.0012423477601259947,-0.008049325864504908,-4.4910493258642505
0,2,-0.001497086719609797,-0.001497086719609797,-0.009546412584114705,-4.49254641258386
0,2,-0.001993711804971099,-0.001993711804971099,-0.011540124389085804,-4.494540124388831
0,2,-0.0026195019017904997,-0.0026195019017904997,-0.014159626290876304,-4.497159626290622
0,2,-0.0021857337560504675,-0.0021857337560504675,-0.01634536004692677,-4.499345360046672
1,0,0.0005313454894348979,-0.0014686545105651021,-0.015814014557491873,-4.500814014557237
2,0,-0.009685375727713108,-0.009685375727713108,-0.02549939028520498,-4.51049939028495
2,0,-0.0033576658461242914,-0.0033576658461242914,-0.028857056131329273,-4.513857056131075
1,0,0.0010208229068666697,0.0010208229068666697,-0.027836233224462603,-4.512836233224208
0,0,0.008230756036937237,0.008230756036937237,-0.019605477187525366,-4.504605477187271
2,2,0.001984550151973963,-0.000015449848026037258,-0.017620927035551404,-4.504620927035297
2,2,0.0020833753515034914,0.0020833753515034914,-0.015537551684047912,-4.502537551683793
0,0,0.0035944399423897266,0.0015944399423897266,-0.011943111741658186,-4.500943111741403
1,2,0.0010109414579346776,-0.0009890585420653224,-0.010932170283723508,-4.501932170283468
1,2,-0.00030950503423810005,-0.00030950503423810005,-0.011241675317961608,-4.502241675317706
1,0,-0.0005174211692065,-0.0025174211692065,-0.011759096487168108,-4.504759096486913
2,2,0.0021623217035084963,0.00016232170350849624,-0.009596774783659612,-4.504596774783404
2,0,-0.00174696184694767,-0.00374696184694767,-0.011343736630607282,-4.508343736630351
0,0,0.0035663435701280832,0.0035663435701280832,-0.0077773930604791985,-4.504777393060223
0,1,-0.0,-0.001,-0.0077773930604791985,-4.505777393060224
2,1,0.0,0.0,-0.0077773930604791985,-4.505777393060224
1,0,0.00027175762807019055,-0.0007282423719298095,-0.007505635432409008,-4.506505635432154
1,2,-0.0004946525441482663,-0.0024946525441482664,-0.008000287976557274,-4.509000287976302
1,1,-0.0,-0.001,-0.008000287976557274,-4.510000287976302
2,2,0.001160619780421257,0.000160619780421257,-0.006839668196136017,-4.509839668195881
1,0,-0.0005485114525072277,-0.0025485114525072277,-0.007388179648643245,-4.512388179648388
1,0,0.0007310984656214714,0.0007310984656214714,-0.0066570811830217735,-4.511657081182767
2,0,-0.0013056332245469093,-0.0013056332245469093,-0.007962714407568683,-4.512962714407314
2,0,-0.0017777030589058995,-0.0017777030589058995,-0.009740417466474582,-4.51474041746622
2,0,-0.0013508538249880075,-0.0013508538249880075,-0.01109127129146259,-4.516091271291208
1,0,-0.000013932168258179445,-0.000013932168258179445,-0.01110520345972077,-4.516105203459466
1,0,-0.00006560031761182472,-0.00006560031761182472,-0.011170803777332594,-4.516170803777078
2,2,0.001150079071521759,-0.000849920928478241,-0.010020724705810835,-4.517020724705556
1,0,-0.0003148650284856558,-0.002314865028485656,-0.01033558973429649,-4.519335589734041
1,0,0.00036106977495364845,0.00036106977495364845,-0.009974519959342842,-4.518974519959087
0,1,-0.0,-0.001,-0.009974519959342842,-4.519974519959088
1,1,0.0,0.0,-0.009974519959342842,-4.519974519959088
0,0,0.0013348638312891126,0.00033486383128911255,-0.00863965612805373,-4.519639656127799
1,2,0.000014617539818573277,-0.0019853824601814268,-0.008625038588235157,-4.52162503858798
2,0,-0.0020797373726963997,-0.0040797373726964,-0.010704775960931556,-4.525704775960676
1,0,-0.00026752878329716623,-0.00026752878329716623,-0.010972304744228722,-4.5259723047439735
2,0,-0.0004432029090821743,-0.0004432029090821743,-0.011415507653310897,-4.526415507653056
2,0,-0.0008067917660810053,-0.0008067917660810053,-0.012222299419391902,-4.527222299419137
2,0,-0.00037430296652019024,-0.00037430296652019024,-0.012596602385912092,-4.527596602385657
0,0,0.0016517089679837227,0.0016517089679837227,-0.01094489341792837,-4.525944893417673
1,2,-0.000014988773727964144,-0.002014988773727964,-0.010959882191656334,-4.527959882191401
0,2,-0.0024827271699905396,-0.0024827271699905396,-0.013442609361646873,-4.530442609361391
2,2,0.0008980518323369324,0.0008980518323369324,-0.012544557529309941,-4.5295445575290545
0,0,0.001296798000112176,-0.0007032019998878241,-0.011247759529197765,-4.530247759528942
2,2,0.0007879964541643858,-0.0012120035458356142,-0.01045976307503338,-4.5314597630747775
2,0,-0.000511236023157835,-0.002511236023157835,-0.010970999098191214,-4.533970999097935
1,0,0.00024063662567641586,0.00024063662567641586,-0.010730362472514798,-4.533730362472259
0,2,-0.000638732104562223,-0.002638732104562223,-0.011369094577077021,-4.536369094576821
0,0,0.0036701862700283527,0.0016701862700283527,-0.007698908307048669,-4.534698908306792
2,0,-0.0007203713757917285,-0.0007203713757917285,-0.008419279682840397,-4.535419279682584
0,2,-0.0017538911197334528,-0.003753891119733453,-0.01017317080257385,-4.539173170802317
2,0,-0.0024898885749280453,-0.004489888574928045,-0.012663059377501895,-4.543663059377245
0,2,-0.0014357174513861537,-0.0034357174513861537,-0.014098776828888049,-4.547098776828631
0,2,-0.0005472690099850297,-0.0005472690099850297,-0.014646045838873079,-4.547646045838616
2,2,0.0023928906302899122,0.0023928906302899122,-0.012253155208583166,-4.545253155208326
2,0,-0.002070822985842824,-0.004070822985842824,-0.01432397819442599,-4.549323978194169
2,0,-0.000704829697497189,-0.000704829697497189,-0.01502880789192318,-4.550028807891666
0,0,0.003661185735836625,0.003661185735836625,-0.011367622156086554,-4.546367622155829
2,0,-0.002854581456631422,-0.002854581456631422,-0.014222203612717976,-4.5492222036124605
0,0,0.008045815862715244,0.008045815862715244,-0.006176387750002732,-4.541176387749745
2,2,0.006759206298738718,0.004759206298738718,0.000582818548735986,-4.536417181451006
1,0,0.000283818575553596,-0.001716181424446404,0.0008666371242895821,-4.5381333628754525
0,2,-0.0031641842797398567,-0.005164184279739857,-0.0022975471554502747,-4.543297547155192
0,2,-0.002532713580876589,-0.002532713580876589,-0.0048302607363268635,-4.545830260736069
0,0,0.002925337990745902,0.000925337990745902,-0.0019049227455809614,-4.544904922745323
0,0,0.004353989381343126,0.004353989381343126,0.002449066635762165,-4.5405509333639795
2,2,0.0011618121061474085,-0.0008381878938525916,0.0036108787419095734,-4.541389121257832
1,0,0.00031073656282387674,-0.0016892634371761233,0.00392161530473345,-4.543078384695008
0,0,0.001800742233172059,0.001800742233172059,0.005722357537905509,-4.541277642461836
0,0,0.0037029869854450226,0.0037029869854450226,0.009425344523350532,-4.537574655476391
0,0,0.003569553606212139,0.003569553606212139,0.012994898129562671,-4.534005101870179
0,0,0.0070844064466655254,0.0070844064466655254,0.020079304576228196,-4.526920695423513
0,2,-0.0020097745582461357,-0.004009774558246136,0.01806953001798206,-4.530930469981759
0,2,-0.006142942700535059,-0.006142942700535059,0.011926587317447002,-4.537073412682294
2,2,0.006088447757065296,0.006088447757065296,0.018015035074512298,-4.530984964925229
1,0,-0.001145171350799501,-0.003145171350799501,0.016869863723712797,-4.534130136276028
0,2,-0.0020590368658304214,-0.0040590368658304215,0.014810826857882375,-4.538189173141858
2,2,0.0013501627836376429,0.0013501627836376429,0.01616098964152002,-4.536839010358221
0,2,-0.002086671767756343,-0.002086671767756343,0.014074317873763675,-4.538925682125977
0,2,-0.005726833827793598,-0.005726833827793598,0.008347484045970077,-4.5446525159537705
2,2,0.005194821860641241,0.005194821860641241,0.013542305906611318,-4.539457694093129
1,2,0.000012603550203493796,0.000012603550203493796,0.013554909456814812,-4.539445090542926
0,2,-0.0016772473463788629,-0.0016772473463788629,0.01187766211043595,-4.541122337889305
0,0,0.008972194977104664,0.006972194977104664,0.020849857087540613,-4.5341501429122
2,2,0.0027423540595918894,0.0007423540595918893,0.023592211147132502,-4.533407788852608
2,2,0.0015119870658963919,0.0015119870658963919,0.025104198213028894,-4.531895801786711
0,2,-0.002027177019044757,-0.002027177019044757,0.023077021193984137,-4.533922978805756
0,0,0.007670068647712469,0.005670068647712469,0.030747089841696607,-4.528252910158043
0,2,-0.0023173608351498842,-0.004317360835149884,0.028429729006546722,-4.532570270993193
1,2,0.0001727227499941364,0.0001727227499941364,0.02860245175654086,-4.532397548243199
0,2,-0.0042365239933133125,-0.0042365239933133125,0.024365927763227546,-4.536634072236512
0,2,-0.00568742211908102,-0.00568742211908102,0.018678505644146526,-4.542321494355593
2,2,0.0032525614369660616,0.0032525614369660616,0.021931067081112587,-4.539068932918627
0,2,-0.0027383333072066307,-0.0027383333072066307,0.019192733773905957,-4.541807266225834
0,2,-0.0065183015540242195,-0.0065183015540242195,0.012674432219881737,-4.548325567779858
0,2,-0.0028806673362851143,-0.0028806673362851143,0.009793764883596623,-4.551206235116143
0,2,-0.011585352011024952,-0.011585352011024952,-0.001791587127428329,-4.562791587127168
0,2,-0.01056765764951706,-0.01056765764951706,-0.012359244776945388,-4.573359244776685
2,2,0.0016205741558223963,0.0016205741558223963,-0.010738670621122992,-4.571738670620863
1,2,0.0011697054142132401,0.0011697054142132401,-0.009568965206909752,-4.5705689652066495
0,2,-0.002230145037174225,-0.002230145037174225,-0.011799110244083977,-4.572799110243824
1,2,-0.00039879060932435095,-0.00039879060932435095,-0.012197900853408328,-4.573197900853148
2,2,0.004041875246912241,0.004041875246912241,-0.008156025606496087,-4.569156025606236
1,2,-0.00032200358691625297,-0.00032200358691625297,-0.00847802919341234,-4.569478029193152
0,2,-0.017630906775593758,-0.017630906775593758,-0.026108935969006097,-4.587108935968746
2,2,0.0056423912756145,0.0056423912756145,-0.020466544693391597,-4.581466544693131
2,2,0.0026504360139369965,0.0026504360139369965,-0.0178161086794546,-4.578816108679194
1,2,-0.00026909110601991415,-0.00026909110601991415,-0.018085199785474515,-4.579085199785214
0,2,-0.004492893349379301,-0.004492893349379301,-0.022578093134853816,-4.5835780931345935
0,2,-0.011627073399722576,-0.011627073399722576,-0.03420516653457639,-4.595205166534316
2,2,0.009312327951192856,0.009312327951192856,-0.024892838583383536,-4.585892838583123
2,2,0.012915813364088535,0.012915813364088535,-0.011977025219295001,-4.572977025219035
0,1,-0.0,-0.001,-0.011977025219295001,-4.573977025219035
2,2,0.0035283819306641817,0.0025283819306641817,-0.00844864328863082,-4.571448643288371
0,2,-0.002860825974494219,-0.002860825974494219,-0.011309469263125038,-4.574309469262865
1,2,0.0007034882437437773,0.0007034882437437773,-0.010605981019381261,-4.573605981019122
2,1,0.0,-0.001,-0.010605981019381261,-4.574605981019122
0,1,-0.0,-0.0,-0.010605981019381261,-4.574605981019122
1,1,0.0,0.0,-0.010605981019381261,-4.574605981019122
0,1,-0.0,-0.0,-0.010605981019381261,-4.574605981019122
1,2,-0.000613885116763413,-0.001613885116763413,-0.011219866136144674,-4.576219866135886
0,1,-0.0,-0.001,-0.011219866136144674,-4.577219866135886
1,2,-0.00021462436416186392,-0.001214624364161864,-0.011434490500306538,-4.578434490500048
1,2,-0.0014807701809331775,-0.0014807701809331775,-0.012915260681239715,-4.579915260680981
1,2,0.001098328037187457,0.001098328037187457,-0.011816932644052258,-4.578816932643794
0,1,-0.0,-0.001,-0.011816932644052258,-4.579816932643794
0,2,-0.00697071198374033,-0.00797071198374033,-0.018787644627792588,-4.587787644627535
2,2,0.011647668667137623,0.011647668667137623,-0.007139975960654965,-4.576139975960397
0,1,-0.0,-0.001,-0.007139975960654965,-4.577139975960398
0,2,-0.011936535127460957,-0.012936535127460957,-0.01907651108811592,-4.590076511087859
0,2,-0.012515564449131489,-0.012515564449131489,-0.03159207553724741,-4.6025920755369905
0,2,-0.018592655658721924,-0.018592655658721924,-0.050184731195969334,-4.621184731195712
2,2,0.016807496547698975,0.016807496547698975,-0.03337723464827036,-4.604377234648013
2,0,-0.017736202105879784,-0.019736202105879785,-0.05111343675415014,-4.624113436753893
1,1,0.0,-0.001,-0.05111343675415014,-4.625113436753893
0,2,-0.00692641781643033,-0.007926417816430331,-0.058039854570580474,-4.633039854570324
1,2,0.0011332716094329953,0.0011332716094329953,-0.05690658296114748,-4.631906582960891
0,2,-0.006657334044575691,-0.006657334044575691,-0.06356391700572317,-4.638563917005467
1,2,0.00042190265958197415,0.00042190265958197415,-0.0631420143461412,-4.638142014345885
0,1,-0.0,-0.001,-0.0631420143461412,-4.639142014345885
0,1,-0.0,-0.0,-0.0631420143461412,-4.639142014345885
1,2,0.002016389276832342,0.0010163892768323421,-0.06112562506930885,-4.638125625069053
2,2,0.019330866634845734,0.019330866634845734,-0.04179475843446312,-4.618794758434207
2,1,0.0,-0.001,-0.04179475843446312,-4.619794758434208
0,1,-0.0,-0.0,-0.04179475843446312,-4.619794758434208
1,2,-0.0009823618456721306,-0.0019823618456721306,-0.04277712028013525,-4.62177712027988
0,2,-0.005219858605414629,-0.005219858605414629,-0.04799697888554988,-4.626996978885295
1,2,-0.0003546688531059772,-0.0003546688531059772,-0.048351647738655856,-4.627351647738401
2,1,0.0,-0.001,-0.048351647738655856,-4.628351647738401
1,1,-0.0,-0.0,-0.048351647738655856,-4.628351647738401
1,1,0.0,0.0,-0.048351647738655856,-4.628351647738401
0,1,-0.0,-0.0,-0.048351647738655856,-4.628351647738401
2,2,0.007073155138641596,0.006073155138641596,-0.04127849260001426,-4.62227849259976
1,1,0.0,-0.001,-0.04127849260001426,-4.62327849259976
0,1,-0.0,-0.0,-0.04127849260001426,-4.62327849259976
1,2,-0.0008209689403884113,-0.0018209689403884113,-0.04209946154040267,-4.625099461540149
0,1,-0.0,-0.001,-0.04209946154040267,-4.626099461540149
1,2,0.0017914969939738512,0.0007914969939738512,-0.04030796454642882,-4.625307964546176
2,2,0.014013105072081089,0.014013105072081089,-0.02629485947434773,-4.611294859474095
0,1,-0.0,-0.001,-0.02629485947434773,-4.612294859474095
0,2,-0.006160182878375053,-0.007160182878375053,-0.032455042352722785,-4.61945504235247
2,2,0.018701905384659767,0.018701905384659767,-0.013753136968063018,-4.6007531369678105
0,1,-0.0,-0.001,-0.013753136968063018,-4.601753136967811
2,2,0.006470929831266403,0.005470929831266403,-0.007282207136796615,-4.596282207136545
0,1,-0.0,-0.001,-0.007282207136796615,-4.597282207136545
0,2,-0.009186754934489727,-0.010186754934489728,-0.01646896207128634,-4.607468962071035
1,2,-0.00008489024912705645,-0.00008489024912705645,-0.016553852320413398,-4.607553852320162
0,1,-0.0,-0.001,-0.016553852320413398,-4.608553852320163
1,2,0.002246851334348321,0.001246851334348321,-0.014307000986065077,-4.607307000985815
0,2,-0.0071053095161914825,-0.0071053095161914825,-0.02141231050225656,-4.614412310502006
2,2,0.01570025086402893,0.01570025086402893,-0.005712059638227629,-4.598712059637977
0,1,-0.0,-0.001,-0.005712059638227629,-4.5997120596379775
0,2,-0.023593146353960037,-0.024593146353960038,-0.029305205992187666,-4.624305205991938
2,2,0.015109368599951267,0.015109368599951267,-0.014195837392236399,-4.609195837391987
2,1,0.0,-0.001,-0.014195837392236399,-4.610195837391987
1,1,0.0,0.0,-0.014195837392236399,-4.610195837391987
1,1,-0.0,-0.0,-0.014195837392236399,-4.610195837391987
0,1,-0.0,-0.0,-0.014195837392236399,-4.610195837391987
1,2,0.0035448484122753143,0.0025448484122753143,-0.010650988979961085,-4.607650988979712
1,1,-0.0,-0.001,-0.010650988979961085,-4.608650988979712
1,1,-0.0,-0.0,-0.010650988979961085,-4.608650988979712
0,1,-0.0,-0.0,-0.010650988979961085,-4.608650988979712
0,1,-0.0,-0.0,-0.010650988979961085,-4.608650988979712
2,2,0.013897854834794998,0.012897854834794997,0.0032468658548339135,-4.595753134144918
1,1,-0.0,-0.001,0.0032468658548339135,-4.596753134144918
2,1,0.0,0.0,0.0032468658548339135,-4.596753134144918
2,1,0.0,0.0,0.0032468658548339135,-4.596753134144918
0,1,-0.0,-0.0,0.0032468658548339135,-4.596753134144918
0,1,-0.0,-0.0,0.0032468658548339135,-4.596753134144918
2,1,0.0,0.0,0.0032468658548339135,-4.596753134144918
2,1,0.0,0.0,0.0032468658548339135,-4.596753134144918
0,1,-0.0,-0.0,0.0032468658548339135,-4.596753134144918
1,1,-0.0,-0.0,0.0032468658548339135,-4.596753134144918
1,1,-0.0,-0.0,0.0032468658548339135,-4.596753134144918
1,1,-0.0,-0.0,0.0032468658548339135,-4.596753134144918
0,2,-0.0032599892001599073,-0.004259989200159907,-0.000013123345325993796,-4.601013123345078
1,2,0.001006654347293079,0.001006654347293079,0.000993531001967085,-4.600006468997785
1,2,-0.0006136729498393834,-0.0006136729498393834,0.00037985805212770174,-4.6006201419476245
2,2,0.001841207966208458,0.001841207966208458,0.0022210660183361597,-4.598778933981416
1,1,0.0,-0.001,0.0022210660183361597,-4.599778933981416
0,2,-0.003424389287829399,-0.004424389287829399,-0.0012033232694932394,-4.604203323269246
2,2,0.005617987364530563,0.005617987364530563,0.004414664095037324,-4.5985853359047155
0,0,0.001686740666627884,-0.00031325933337211613,0.006101404761665208,-4.598898595238087
2,2,0.011413995176553726,0.009413995176553726,0.017515399938218934,-4.5894846000615335
1,0,-0.0004389100067783147,-0.0024389100067783148,0.01707648993144062,-4.591923510068312
2,0,-0.003154510399326682,-0.003154510399326682,0.013921979532113937,-4.595078020467638
2,0,-0.0030722080264240503,-0.0030722080264240503,0.010849771505689887,-4.598150228494062
0,0,0.0023102748673409224,0.0023102748673409224,0.01316004637303081,-4.595839953626721
2,0,-0.00569888623431325,-0.00569888623431325,0.00746116013871756,-4.601538839861035
2,0,-0.0048789819702506065,-0.0048789819702506065,0.002582178168466953,-4.606417821831285
2,0,-0.007189571857452393,-0.007189571857452393,-0.0046073936889854394,-4.613607393688738
0,0,0.00518420385196805,0.00518420385196805,0.0005768101629826106,-4.60842318983677
0,0,0.0025537137407809496,0.0025537137407809496,0.00313052390376356,-4.605869476095989
2,2,0.004023287445306778,0.002023287445306778,0.007153811349070338,-4.603846188650682
0,0,0.011585012078285217,0.009585012078285217,0.018738823427355555,-4.594261176572396
0,2,-0.0032449655700474977,-0.005244965570047498,0.015493857857308058,-4.5995061421424435
2,2,0.003322829259559512,0.003322829259559512,0.01881668711686757,-4.596183312882884
2,1,0.0,-0.001,0.01881668711686757,-4.597183312882884
1,1,-0.0,-0.0,0.01881668711686757,-4.597183312882884
1,1,0.0,0.0,0.01881668711686757,-4.597183312882884
0,1,-0.0,-0.0,0.01881668711686757,-4.597183312882884
0,2,-0.011383887380361557,-0.012383887380361558,0.007432799736506013,-4.609567200263246
2,2,0.008928357623517513,0.008928357623517513,0.016361157360023526,-4.600638842639729
1,1,-0.0,-0.001,0.016361157360023526,-4.601638842639729
2,1,0.0,0.0,0.016361157360023526,-4.601638842639729
2,1,0.0,0.0,0.016361157360023526,-4.601638842639729
2,1,0.0,0.0,0.016361157360023526,-4.601638842639729
0,0,0.006622550543397665,0.005622550543397665,0.02298370790342119,-4.596016292096332
1,1,-0.0,-0.001,0.02298370790342119,-4.597016292096332
1,1,0.0,0.0,0.02298370790342119,-4.597016292096332
0,1,-0.0,-0.0,0.02298370790342119,-4.597016292096332
1,1,0.0,0.0,0.02298370790342119,-4.597016292096332
2,1,0.0,0.0,0.02298370790342119,-4.597016292096332
2,1,0.0,0.0,0.02298370790342119,-4.597016292096332
0,1,-0.0,-0.0,0.02298370790342119,-4.597016292096332
2,1,0.0,0.0,0.02298370790342119,-4.597016292096332
0,1,-0.0,-0.0,0.02298370790342119,-4.597016292096332
2,2,0.004852837882936001,0.003852837882936001,0.027836545786357192,-4.593163454213396
2,1,0.0,-0.001,0.027836545786357192,-4.594163454213397
1,0,0.0017864143010228872,0.0007864143010228872,0.02962296008738008,-4.593377039912374
2,2,0.0032270094379782677,0.0012270094379782676,0.03284996952535835,-4.592150030474396
0,0,0.002968565560877323,0.0009685655608773231,0.03581853508623567,-4.591181464913518
0,2,-0.0038092369213700294,-0.0058092369213700295,0.03200929816486564,-4.596990701834888
1,2,0.0002831242745742202,0.0002831242745742202,0.03229242243943986,-4.596707577560314
1,1,-0.0,-0.001,0.03229242243943986,-4.597707577560314
0,1,-0.0,-0.0,0.03229242243943986,-4.597707577560314
2,2,0.0017890945309773088,0.0007890945309773087,0.03408151697041717,-4.596918483029337
2,1,0.0,-0.001,0.03408151697041717,-4.597918483029337
0,1,-0.0,-0.0,0.03408151697041717,-4.597918483029337
0,1,-0.0,-0.0,0.03408151697041717,-4.597918483029337
0,2,-0.008340651169419289,-0.00934065116941929,0.02574086580099788,-4.607259134198757
2,2,0.003223754931241274,0.003223754931241274,0.028964620732239155,-4.604035379267516
2,2,0.0016554702306166291,0.0016554702306166291,0.030620090962855784,-4.602379909036899
1,0,-0.00011404197721276432,-0.0021140419772127644,0.03050604898564302,-4.604493951014112
2,1,0.0,-0.001,0.03050604898564302,-4.605493951014112
2,1,0.0,0.0,0.03050604898564302,-4.605493951014112
1,0,0.0006108718225732446,-0.00038912817742675545,0.031116920808216264,-4.605883079191539
0,2,-0.0016057118773460388,-0.003605711877346039,0.029511208930870225,-4.609488791068885
0,2,-0.0055326600559055805,-0.0055326600559055805,0.023978548874964645,-4.6150214511247905
0,2,-0.0021404041908681393,-0.0021404041908681393,0.021838144684096505,-4.617161855315659
2,2,0.0011257247533649206,0.0011257247533649206,0.022963869437461426,-4.616036130562294
0,2,-0.0011934936046600342,-0.0011934936046600342,0.021770375832801392,-4.617229624166954
1,2,-0.0010525202378630638,-0.0010525202378630638,0.020717855594938328,-4.618282144404817
0,2,-0.00594852352514863,-0.00594852352514863,0.014769332069789698,-4.624230667929965
0,2,-0.01181868463754654,-0.01181868463754654,0.0029506474322431586,-4.636049352567512
0,2,-0.006686212494969368,-0.006686212494969368,-0.0037355650627262094,-4.642735565062481
2,2,0.004222419578582048,0.004222419578582048,0.00048685451585583905,-4.638513145483899
2,0,-0.004899161867797375,-0.006899161867797375,-0.004412307351941536,-4.645412307351696
2,2,0.0016196430660784245,-0.0003803569339215756,-0.0027926642858631112,-4.645792664285618
2,2,0.004941163584589958,0.004941163584589958,0.002148499298726847,-4.640851500701028
1,1,0.0,-0.001,0.002148499298726847,-4.641851500701028
0,1,-0.0,-0.0,0.002148499298726847,-4.641851500701028
1,1,-0.0,-0.0,0.002148499298726847,-4.641851500701028
1,1,0.0,0.0,0.002148499298726847,-4.641851500701028
2,1,0.0,0.0,0.002148499298726847,-4.641851500701028
0,1,-0.0,-0.0,0.002148499298726847,-4.641851500701028
0,1,-0.0,-0.0,0.002148499298726847,-4.641851500701028
2,2,0.004025662317872047,0.0030256623178720474,0.006174161616598894,-4.638825838383156
0,1,-0.0,-0.001,0.006174161616598894,-4.639825838383157
1,2,0.001062799827195704,0.00006279982719570396,0.007236961443794598,-4.639763038555961
2,1,0.0,-0.001,0.007236961443794598,-4.640763038555962
2,1,0.0,0.0,0.007236961443794598,-4.640763038555962
0,1,-0.0,-0.0,0.007236961443794598,-4.640763038555962
1,2,0.0011972611537203193,0.00019726115372031925,0.008434222597514918,-4.640565777402242
1,2,0.0008335980237461627,0.0008335980237461627,0.00926782062126108,-4.639732179378496
0,2,-0.005751520860940218,-0.005751520860940218,0.0035162997603208623,-4.645483700239436
2,2,0.008645704947412014,0.008645704947412014,0.012162004707732876,-4.636837995292024
2,0,-0.009415767155587673,-0.011415767155587673,0.002746237552145203,-4.648253762447611
1,0,-0.0007973145111463964,-0.0007973145111463964,0.0019489230409988068,-4.649051076958758
2,0,-0.007101230788975954,-0.007101230788975954,-0.005152307747977147,-4.656152307747734
0,0,0.006726035848259926,0.006726035848259926,0.0015737281002827785,-4.649426271899474
0,2,-0.004015487618744373,-0.006015487618744373,-0.0024417595184615948,-4.655441759518218
1,2,-0.0014208897482603788,-0.0014208897482603788,-0.0038626492667219736,-4.656862649266478
1,0,-0.0009762209374457598,-0.00297622093744576,-0.004838870204167733,-4.659838870203924
0,1,-0.0,-0.001,-0.004838870204167733,-4.660838870203924
0,1,-0.0,-0.0,-0.004838870204167733,-4.660838870203924
1,2,0.0004119355871807784,-0.0005880644128192216,-0.004426934616986955,-4.661426934616744
2,2,0.00210802280344069,0.00210802280344069,-0.002318911813546265,-4.659318911813303
2,1,0.0,-0.001,-0.002318911813546265,-4.660318911813303
2,1,0.0,0.0,-0.002318911813546265,-4.660318911813303
1,1,-0.0,-0.0,-0.002318911813546265,-4.660318911813303
2,1,0.0,0.0,-0.002318911813546265,-4.660318911813303
1,0,-0.0005960945854894817,-0.0015960945854894817,-0.0029150063990357467,-4.661915006398793
0,0,0.0018647352699190378,0.0018647352699190378,-0.0010502711291167088,-4.660050271128874
2,1,0.0,-0.001,-0.0010502711291167088,-4.661050271128874
1,0,0.0008384639513678849,-0.00016153604863211515,-0.00021180717774882396,-4.661211807177507
2,0,-0.003797028446570039,-0.003797028446570039,-0.004008835624318863,-4.665008835624077
1,0,0.0004845673975069076,0.0004845673975069076,-0.003524268226811955,-4.66452426822657
2,1,0.0,-0.001,-0.003524268226811955,-4.66552426822657
1,1,-0.0,-0.0,-0.003524268226811955,-4.66552426822657
0,0,0.0015539417508989573,0.0005539417508989572,-0.001970326475912998,-4.664970326475672
1,0,-0.0010716362157836556,-0.0010716362157836556,-0.0030419626916966536,-4.666041962691455
0,0,0.005461354739964008,0.005461354739964008,0.0024193920482673548,-4.660580607951491
1,2,0.00024576944997534156,-0.0017542305500246585,0.0026651614982426963,-4.662334838501516
0,2,-0.002664766274392605,-0.002664766274392605,3.952238500914973e-7,-4.664999604775908
2,2,0.01682315394282341,0.01682315394282341,0.0168235491666735,-4.648176450833085
0,0,0.0028806054033339024,0.0008806054033339023,0.019704154570007404,-4.647295845429751
2,2,0.002275339560583234,0.0002753395605832338,0.021979494130590638,-4.647020505869167
0,0,0.0033387604635208845,0.0013387604635208845,0.025318254594111522,-4.645681745405646
2,2,0.0019906454253941774,-9.354574605822605e-6,0.0273089000195057,-4.645691099980252
1,1,-0.0,-0.001,0.0273089000195057,-4.646691099980252
2,1,0.0,0.0,0.0273089000195057,-4.646691099980252
1,1,0.0,0.0,0.0273089000195057,-4.646691099980252
0,0,0.0035034464672207832,0.002503446467220783,0.030812346486726483,-4.644187653513032
2,2,0.003114832565188408,0.0011148325651884079,0.03392717905191489,-4.643072820947843
0,1,-0.0,-0.001,0.03392717905191489,-4.6440728209478435
2,0,-0.0027538668364286423,-0.0037538668364286423,0.03117331221548625,-4.647826687784272
0,1,-0.0,-0.001,0.03117331221548625,-4.648826687784273
0,2,-0.005979977082461119,-0.006979977082461119,0.02519333513302513,-4.655806664866734
2,2,0.0019090869463980198,0.0019090869463980198,0.02710242207942315,-4.653897577920336
2,2,0.005846667569130659,0.005846667569130659,0.03294908964855381,-4.6480509103512055
2,1,0.0,-0.001,0.03294908964855381,-4.649050910351206
1,1,-0.0,-0.0,0.03294908964855381,-4.649050910351206
1,1,0.0,0.0,0.03294908964855381,-4.649050910351206
0,1,-0.0,-0.0,0.03294908964855381,-4.649050910351206
0,2,-0.0037319704424589872,-0.004731970442458987,0.02921711920609482,-4.653782880793665
2,2,0.01211828924715519,0.01211828924715519,0.04133540845325001,-4.64166459154651
0,0,0.006379211321473122,0.004379211321473122,0.04771461977472313,-4.637285380225037
2,2,0.006105579901486635,0.004105579901486635,0.05382019967620977,-4.63317980032355
0,0,0.0018309259321540594,-0.00016907406784594063,0.05565112560836383,-4.6333488743913955
0,2,-0.002688003471121192,-0.004688003471121192,0.052963122137242635,-4.6380368778625165
0,2,-0.001645621145144105,-0.001645621145144105,0.05131750099209853,-4.639682499007661
0,2,-0.0022083118092268705,-0.0022083118092268705,0.04910918918287166,-4.6418908108168875
1,2,0.00036243017530068755,0.00036243017530068755,0.04947161935817235,-4.641528380641587
1,2,0.00047253770753741264,0.00047253770753741264,0.04994415706570976,-4.641055842934049
1,2,0.0012277113273739815,0.0012277113273739815,0.05117186839308374,-4.639828131606675
1,2,0.0003145148220937699,0.0003145148220937699,0.05148638321517751,-4.639513616784582
2,1,0.0,-0.001,0.05148638321517751,-4.640513616784582
0,1,-0.0,-0.0,0.05148638321517751,-4.640513616784582
0,0,0.001792920520529151,0.0007929205205291509,0.05327930373570666,-4.639720696264053
1,1,-0.0,-0.001,0.05327930373570666,-4.6407206962640535
1,1,0.0,0.0,0.05327930373570666,-4.6407206962640535
2,0,-0.0023831345606595278,-0.003383134560659528,0.050896169175047135,-4.644103830824713
2,0,-0.0017284608911722898,-0.0017284608911722898,0.049167708283874845,-4.645832291715886
1,0,0.0006267038988880813,0.0006267038988880813,0.049794412182762926,-4.6452055878169976
1,1,-0.0,-0.001,0.049794412182762926,-4.646205587816998
2,2,0.0015658445190638304,0.0005658445190638304,0.051360256701826756,-4.645639743297934
2,0,-0.002007131464779377,-0.004007131464779377,0.04935312523704738,-4.6496468747627135
2,0,-0.002526690484955907,-0.002526690484955907,0.04682643475209147,-4.6521735652476695
1,0,0.0004745944170281291,0.0004745944170281291,0.0473010291691196,-4.651698970830641
2,2,0.001843464095145464,-0.0001565359048545361,0.049144493264265066,-4.651855506735496
2,0,-0.0011699609458446503,-0.0031699609458446503,0.047974532318420415,-4.65502546768134
0,0,0.00416099326685071,0.00416099326685071,0.052135525585271125,-4.650864474414489
0,0,0.0009059350122697651,0.0009059350122697651,0.05304146059754089,-4.64995853940222
2,2,0.0029698931612074375,0.0009698931612074375,0.05601135375874833,-4.648988646241012
2,0,-0.0021038781851530075,-0.0041038781851530075,0.05390747557359532,-4.653092524426165
1,0,0.00028434788691811264,0.00028434788691811264,0.05419182346051343,-4.652808176539247
2,0,-0.002993881469592452,-0.002993881469592452,0.05119794199092098,-4.655802058008839
1,0,0.0002260184846818447,0.0002260184846818447,0.051423960475602826,-4.655576039524157
1,0,-0.00002389180735917762,-0.00002389180735917762,0.05140006866824365,-4.655599931331516
2,0,-0.0016584641998633742,-0.0016584641998633742,0.049741604468380274,-4.65725839553138
1,0,0.000030977014830568805,0.000030977014830568805,0.04977258148321084,-4.657227418516549
0,0,0.0011311632115393877,0.0011311632115393877,0.05090374469475023,-4.65609625530501
2,2,0.0008569748024456203,-0.0011430251975543797,0.05176071949719585,-4.657239280502564
0,0,0.0032002355437725782,0.0012002355437725782,0.05496095504096843,-4.656039044958791
1,0,0.000016630780010018498,0.000016630780010018498,0.05497758582097845,-4.656022414178781
0,2,-0.0008070027688518167,-0.0028070027688518167,0.05417058305212663,-4.658829416947633
2,2,0.0022264618892222643,0.0022264618892222643,0.056397044941348895,-4.6566029550584105
1,0,-0.00041804477223195136,-0.0024180447722319514,0.055979000169116944,-4.659020999830642
2,0,-0.0024741177912801504,-0.0024741177912801504,0.05350488237783679,-4.661495117621922
0,0,0.0014692910481244326,0.0014692910481244326,0.054974173425961226,-4.660025826573798
1,0,-0.00038538084481842816,-0.00038538084481842816,0.0545887925811428,-4.660411207418616
0,0,0.0033904588781297207,0.0033904588781297207,0.05797925145927252,-4.657020748540487
1,2,-0.0001483145315432921,-0.002148314531543292,0.057830936927729226,-4.65916906307203
0,2,-0.005213355179876089,-0.005213355179876089,0.05261758174785314,-4.664382418251906
2,0,-0.0006487063365057111,-0.002648706336505711,0.051968875411347426,-4.667031124588411
0,2,-0.0012884503230452538,-0.003288450323045254,0.05068042508830217,-4.670319574911456
0,2,-0.0032894418109208345,-0.0032894418109208345,0.04739098327738134,-4.673609016722377
2,2,0.0012647993862628937,0.0012647993862628937,0.04865578266364423,-4.672344217336114
1,0,0.0001770947565091774,-0.0018229052434908227,0.04883287742015341,-4.674167122579605
2,0,-0.0032335363794118166,-0.0032335363794118166,0.04559934104074159,-4.677400658959017
2,0,-0.02015143446624279,-0.02015143446624279,0.025447906574498802,-4.6975520934252595
2,0,-0.0017621457809582353,-0.0017621457809582353,0.023685760793540567,-4.699314239206218
2,0,-0.004874022211879492,-0.004874022211879492,0.018811738581661075,-4.704188261418097
0,0,0.0018338706577196717,0.0018338706577196717,0.020645609239380747,-4.7023543907603775
0,0,0.0015400572447106242,0.0015400572447106242,0.02218566648409137,-4.700814333515667
1,0,0.0008090261253528297,0.0008090261253528297,0.0229946926094442,-4.700005307390314
2,0,-0.0069268629886209965,-0.0069268629886209965,0.016067829620823204,-4.706932170378935
0,0,0.004303230904042721,0.004303230904042721,0.020371060524865925,-4.702628939474892
2,1,0.0,-0.001,0.020371060524865925,-4.703628939474893
1,1,-0.0,-0.0,0.020371060524865925,-4.703628939474893
0,1,-0.0,-0.0,0.020371060524865925,-4.703628939474893
1,1,-0.0,-0.0,0.020371060524865925,-4.703628939474893
1,2,-0.0009926948696374893,-0.0019926948696374893,0.019378365655228436,-4.7056216343445305
2,1,0.0,-0.001,0.019378365655228436,-4.706621634344531
2,1,0.0,0.0,0.019378365655228436,-4.706621634344531
2,0,-0.004963812418282032,-0.005963812418282032,0.014414553236946404,-4.712585446762813
0,0,0.0017508391756564379,0.0017508391756564379,0.01616539241260284,-4.710834607587157
2,2,0.0021723026875406504,0.00017230268754065033,0.018337695100143492,-4.710662304899616
2,0,-0.010465746745467186,-0.012465746745467186,0.007871948354676306,-4.723128051645083
0,0,0.001995536033064127,0.001995536033064127,0.009867484387740433,-4.721132515612019
0,0,0.004569823853671551,0.004569823853671551,0.014437308241411984,-4.716562691758347
0,2,-0.0012823132565245032,-0.0032823132565245033,0.01315499498488748,-4.7198450050148715
0,2,-0.002275746548548341,-0.002275746548548341,0.01087924843633914,-4.72212075156342
0,2,-0.0014176660915836692,-0.0014176660915836692,0.00946158234475547,-4.7235384176550035
0,1,-0.0,-0.001,0.00946158234475547,-4.724538417655004
0,1,-0.0,-0.0,0.00946158234475547,-4.724538417655004
2,2,0.0018470586510375142,0.0008470586510375142,0.011308640995792985,-4.723691359003967
0,1,-0.0,-0.001,0.011308640995792985,-4.724691359003967
2,2,0.001455845427699387,0.00045584542769938705,0.012764486423492372,-4.724235513576268
0,2,-0.009153471328318119,-0.009153471328318119,0.0036110150951742526,-4.733388984904586
2,2,0.006416957359761,0.006416957359761,0.010027972454935252,-4.726972027544825
0,0,0.004925872664898634,0.002925872664898634,0.014953845119833886,-4.724046154879926
2,2,0.0031074045691639185,0.0011074045691639185,0.018061249688997805,-4.722938750310762
2,1,0.0,-0.001,0.018061249688997805,-4.723938750310762
1,0,0.0011143068550154567,0.00011430685501545666,0.01917555654401326,-4.723824443455747
2,1,0.0,-0.001,0.01917555654401326,-4.724824443455748
0,1,-0.0,-0.0,0.01917555654401326,-4.724824443455748
1,2,0.00006013952224748209,-0.0009398604777525179,0.019235696066260743,-4.7257643039335
1,2,-0.00048527875333093107,-0.00048527875333093107,0.018750417312929812,-4.726249582686831
1,2,-0.0007809704984538257,-0.0007809704984538257,0.017969446814475987,-4.727030553185285
0,2,-0.005703892093151808,-0.005703892093151808,0.012265554721324179,-4.732734445278437
0,2,-0.006030074320733547,-0.006030074320733547,0.006235480400590632,-4.7387645195991706
2,2,0.0031153967138379812,0.0031153967138379812,0.009350877114428613,-4.735649122885333
0,2,-0.0015452316729351878,-0.0015452316729351878,0.007805645441493425,-4.737194354558268
2,2,0.0033509256318211555,0.0033509256318211555,0.01115657107331458,-4.733843428926447
0,1,-0.0,-0.001,0.01115657107331458,-4.734843428926447
0,2,-0.002617168938741088,-0.003617168938741088,0.008539402134573493,-4.738460597865188
2,2,0.002708435757085681,0.002708435757085681,0.011247837891659174,-4.735752162108103
1,1,-0.0,-0.001,0.011247837891659174,-4.736752162108103
1,1,0.0,0.0,0.011247837891659174,-4.736752162108103
0,1,-0.0,-0.0,0.011247837891659174,-4.736752162108103
1,2,0.0003804376465268433,-0.0006195623534731567,0.011628275538186017,-4.7373717244615765
2,2,0.0036463120486587286,0.0036463120486587286,0.015274587586844746,-4.733725412412918
1,0,0.0005460999673232436,-0.0014539000326767564,0.01582068755416799,-4.735179312445594
1,2,-0.0007894897717051208,-0.002789489771705121,0.015031197782462868,-4.737968802217299
1,2,0.0006073901313357055,0.0006073901313357055,0.015638587913798574,-4.7373614120859635
1,0,0.0008456801297143102,-0.0011543198702856899,0.016484268043512884,-4.738515731956249
0,2,-0.003229875350371003,-0.005229875350371003,0.013254392693141881,-4.74374560730662
0,2,-0.001288468367420137,-0.001288468367420137,0.011965924325721744,-4.74503407567404
0,2,-0.009404546581208706,-0.009404546581208706,0.002561377744513038,-4.754438622255249
1,2,-0.00025540016940794885,-0.00025540016940794885,0.0023059775751050893,-4.7546940224246566
0,2,-0.001718329032883048,-0.001718329032883048,0.0005876485422220412,-4.75641235145754
1,2,0.0001853280555224046,0.0001853280555224046,0.0007729765977444458,-4.756227023402017
2,2,0.0035559285897761583,0.0035559285897761583,0.004328905187520604,-4.752671094812241
2,2,0.0036390775348991156,0.0036390775348991156,0.00796798272241972,-4.749032017277342
0,0,0.0027082504238933325,0.0007082504238933324,0.010676233146313052,-4.748323766853448
2,2,0.009943266399204731,0.007943266399204731,0.020619499545517783,-4.740380500454243
2,0,-0.0017037431243807077,-0.0037037431243807078,0.018915756421137075,-4.744084243578624
2,2,0.0036366377025842667,0.0016366377025842666,0.022552394123721342,-4.742447605876039
0,0,0.008936082012951374,0.006936082012951374,0.031488476136672716,-4.735511523863088
0,2,-0.018705984577536583,-0.020705984577536585,0.012782491559136133,-4.756217508440624
2,2,0.00205862894654274,0.00205862894654274,0.014841120505678873,-4.7541588794940814
0,2,-0.0027443808503448963,-0.0027443808503448963,0.012096739655333977,-4.756903260344426
1,1,0.0,-0.001,0.012096739655333977,-4.757903260344427
2,1,0.0,0.0,0.012096739655333977,-4.757903260344427
1,1,-0.0,-0.0,0.012096739655333977,-4.757903260344427
1,2,0.001251465524546802,0.000251465524546802,0.013348205179880779,-4.75765179481988
2,2,0.0021783034317195415,0.0021783034317195415,0.01552650861160032,-4.755473491388161
0,1,-0.0,-0.001,0.01552650861160032,-4.756473491388161
0,2,-0.006232707295566797,-0.007232707295566797,0.009293801316033523,-4.763706198683728
1,2,0.0017296257428824902,0.0017296257428824902,0.011023427058916013,-4.761976572940846
1,1,0.0,-0.001,0.011023427058916013,-4.762976572940846
2,1,0.0,0.0,0.011023427058916013,-4.762976572940846
1,1,-0.0,-0.0,0.011023427058916013,-4.762976572940846
0,1,-0.0,-0.0,0.011023427058916013,-4.762976572940846
0,2,-0.0018852789653465152,-0.002885278965346515,0.009138148093569498,-4.765861851906193
1,2,-0.0016276075039058924,-0.0016276075039058924,0.007510540589663606,-4.767489459410099
2,1,0.0,-0.001,0.007510540589663606,-4.768489459410099
0,1,-0.0,-0.0,0.007510540589663606,-4.768489459410099
0,2,-0.002619550796225667,-0.003619550796225667,0.004890989793437939,-4.772109010206325
0,2,-0.022938089445233345,-0.022938089445233345,-0.018047099651795406,-4.795047099651558
2,2,0.005094629712402821,0.005094629712402821,-0.012952469939392586,-4.789952469939156
1,2,-0.0013089216081425548,-0.0013089216081425548,-0.01426139154753514,-4.791261391547298
1,2,0.0016425821231678128,0.0016425821231678128,-0.012618809424367328,-4.78961880942413
2,1,0.0,-0.001,-0.012618809424367328,-4.790618809424131
2,1,0.0,0.0,-0.012618809424367328,-4.790618809424131
1,2,-0.001819490222260356,-0.002819490222260356,-0.014438299646627684,-4.793438299646391
1,2,-0.001358206500299275,-0.001358206500299275,-0.01579650614692696,-4.794796506146691
1,1,0.0,-0.001,-0.01579650614692696,-4.795796506146691
1,1,0.0,0.0,-0.01579650614692696,-4.795796506146691
1,1,0.0,0.0,-0.01579650614692696,-4.795796506146691
1,1,-0.0,-0.0,-0.01579650614692696,-4.795796506146691
0,1,-0.0,-0.0,-0.01579650614692696,-4.795796506146691
0,2,-0.005134747363626957,-0.006134747363626957,-0.020931253510553915,-4.801931253510318
2,2,0.004588029813021421,0.004588029813021421,-0.016343223697532494,-4.797343223697297
2,1,0.0,-0.001,-0.016343223697532494,-4.798343223697297
0,1,-0.0,-0.0,-0.016343223697532494,-4.798343223697297
1,1,-0.0,-0.0,-0.016343223697532494,-4.798343223697297
0,2,-0.003424007911235094,-0.004424007911235094,-0.019767231608767588,-4.802767231608533
2,2,0.0022934090811759233,0.0022934090811759233,-0.017473822527591665,-4.800473822527357
1,2,0.0014821121003478765,0.0014821121003478765,-0.015991710427243788,-4.798991710427009
2,2,0.0032522983383387327,0.0032522983383387327,-0.012739412088905055,-4.79573941208867
2,0,-0.006029691081494093,-0.008029691081494093,-0.01876910317039915,-4.803769103170164
1,0,0.00010236245725536719,0.00010236245725536719,-0.01866674071314378,-4.803666740712909
1,0,-0.00016579977818764746,-0.00016579977818764746,-0.01883254049133143,-4.803832540491096
0,0,0.0038359295576810837,0.0038359295576810837,-0.014996610933650345,-4.799996610933415
2,0,-0.0035827888641506433,-0.0035827888641506433,-0.01857939979780099,-4.803579399797566
0,0,0.001393419224768877,0.001393419224768877,-0.01718598057303211,-4.802185980572797
0,0,0.001401869230903685,0.001401869230903685,-0.015784111342128426,-4.800784111341893
2,0,-0.003617760958150029,-0.003617760958150029,-0.019401872300278455,-4.804401872300043
0,1,-0.0,-0.001,-0.019401872300278455,-4.805401872300044
2,2,0.0037866588681936264,0.0027866588681936264,-0.015615213432084829,-4.80261521343185
2,1,0.0,-0.001,-0.015615213432084829,-4.803615213431851
1,0,0.00021877030667383224,-0.0007812296933261678,-0.015396443125410997,-4.804396443125177
1,2,0.0008853311301209033,-0.0011146688698790968,-0.014511111995290094,-4.805511111995056
0,0,0.003871683729812503,0.0018716837298125028,-0.01063942826547759,-4.803639428265243
2,2,0.0021482871379703283,0.0001482871379703283,-0.008491141127507262,-4.803491141127273
2,0,-0.0016801472520455718,-0.003680147252045572,-0.010171288379552834,-4.807171288379318
2,0,-0.0014857586938887835,-0.0014857586938887835,-0.011657047073441618,-4.808657047073207
2,0,-0.0010443981736898422,-0.0010443981736898422,-0.01270144524713146,-4.809701445246897
0,0,0.0014034558553248644,0.0014034558553248644,-0.011297989391806595,-4.808297989391572
0,0,0.0037339157424867153,0.0037339157424867153,-0.00756407364931988,-4.804564073649085
2,2,0.005083248019218445,0.0030832480192184448,-0.0024808256301014353,-4.8014808256298664
0,0,0.001043198280967772,-0.000956801719032228,-0.0014376273491336633,-4.8024376273488985
1,0,-0.00020885236153844744,-0.00020885236153844744,-0.0016464797106721107,-4.802646479710437
1,1,-0.0,-0.001,-0.0016464797106721107,-4.803646479710437
0,2,-0.004050445277243853,-0.005050445277243853,-0.005696924987915963,-4.808696924987681
2,2,0.008671118877828121,0.008671118877828121,0.002974193889912158,-4.800025806109853
2,0,-0.0032806226518005133,-0.005280622651800513,-0.00030642876188835544,-4.805306428761654
0,0,0.00196155346930027,0.00196155346930027,0.0016551247074119146,-4.803344875292353
0,0,0.0031221038661897182,0.0031221038661897182,0.004777228573601633,-4.800222771426164
1,0,0.00045142380986362696,0.00045142380986362696,0.00522865238346526,-4.7997713476163
2,2,0.002037077210843563,0.00003707721084356304,0.007265729594308823,-4.799734270405456
1,1,-0.0,-0.001,0.007265729594308823,-4.8007342704054565
2,0,-0.0013508066767826676,-0.0023508066767826677,0.005914922917526155,-4.8030850770822395
2,1,0.0,-0.001,0.005914922917526155,-4.80408507708224
1,0,-0.00040444888873025775,-0.0014044488887302578,0.0055104740287958975,-4.8054895259709705
1,0,0.00006236779154278338,0.00006236779154278338,0.005572841820338681,-4.805427158179428
1,0,0.0007157194195315242,0.0007157194195315242,0.006288561239870205,-4.804711438759896
1,0,0.00010506715625524521,0.00010506715625524521,0.00639362839612545,-4.804606371603641
2,0,-0.002871750621125102,-0.002871750621125102,0.0035218777750003483,-4.807478122224766
0,0,0.0023291001562029123,0.0023291001562029123,0.005850977931203261,-4.805149022068563
1,2,-0.0003045140183530748,-0.002304514018353075,0.005546463912850186,-4.807453536086916
1,2,0.0007297759293578565,0.0007297759293578565,0.006276239842208042,-4.806723760157558
0,2,-0.0017493355553597212,-0.0017493355553597212,0.004526904286848321,-4.808473095712918
0,0,0.0027622950728982687,0.0007622950728982687,0.00728919935974659,-4.807710800640019
2,2,0.0030440702103078365,0.0010440702103078365,0.010333269570054426,-4.806666730429711
2,0,-0.0024395084474235773,-0.004439508447423577,0.007893761122630849,-4.811106238877135
0,0,0.0029560790862888098,0.0029560790862888098,0.010849840208919659,-4.808150159790846
1,2,0.00037390165380202234,-0.0016260983461979777,0.011223741862721681,-4.809776258137044
0,0,0.0008414754411205649,-0.001158524558879435,0.012065217303842246,-4.810934782695923
1,0,4.676832077166182e-7,4.676832077166182e-7,0.012065684987049963,-4.810934315012715
2,0,-0.0012157050659880042,-0.0012157050659880042,0.010849979921061959,-4.812150020078703
0,0,0.0012259940849617124,0.0012259940849617124,0.012075974006023671,-4.810924025993741
1,2,0.00009587147360434756,-0.0019041285263956525,0.012171845479628018,-4.812828154520137
2,0,-0.0009714466286823153,-0.0029714466286823154,0.011200398850945703,-4.815799601148819
1,0,0.00010418862075312063,0.00010418862075312063,0.011304587471698824,-4.815695412528066
0,0,0.005608849227428436,0.005608849227428436,0.01691343669912726,-4.810086563300637
1,2,-0.0006265275296755135,-0.0026265275296755135,0.016286909169451746,-4.812713090830313
1,0,0.00010061939246952534,-0.0018993806075304747,0.016387528561921272,-4.814612471437843
0,0,0.007703384850174189,0.007703384850174189,0.02409091341209546,-4.806909086587669
2,0,-0.009182191453874111,-0.009182191453874111,0.01490872195822135,-4.816091278041543
2,0,-0.01105036772787571,-0.01105036772787571,0.0038583542303456397,-4.8271416457694185
0,0,0.00540121179074049,0.00540121179074049,0.00925956602108613,-4.821740433978678
0,2,-0.004429166670888662,-0.006429166670888662,0.004830399350197467,-4.8281696006495665
2,2,0.00196776888333261,0.00196776888333261,0.0067981682335300775,-4.826201831766234
2,0,-0.002301872009411454,-0.004301872009411454,0.004496296224118623,-4.830503703775645
0,0,0.004020508378744125,0.004020508378744125,0.008516804602862749,-4.826483195396901
2,2,0.003451454686000943,0.0014514546860009431,0.011968259288863692,-4.8250317407109
1,1,-0.0,-0.001,0.011968259288863692,-4.8260317407109
1,2,-0.00032109388848766685,-0.0013210938884876669,0.011647165400376025,-4.827352834599388
1,1,-0.0,-0.001,0.011647165400376025,-4.8283528345993885
2,1,0.0,0.0,0.011647165400376025,-4.8283528345993885
2,0,-0.007585925981402397,-0.008585925981402398,0.004061239418973628,-4.836938760580791
2,0,-0.006554570514708757,-0.006554570514708757,-0.0024933310957351296,-4.8434933310955
0,0,0.009154741652309895,0.009154741652309895,0.006661410556574765,-4.83433858944319
0,2,-0.0022098752669990063,-0.004209875266999006,0.004451535289575759,-4.838548464710189
0,2,-0.0018089378718286753,-0.0018089378718286753,0.0026425974177470835,-4.8403574025820175
0,0,0.0018213489092886448,-0.00017865109071135525,0.004463946327035728,-4.840536053672729
0,1,-0.0,-0.001,0.004463946327035728,-4.841536053672729
2,1,0.0,0.0,0.004463946327035728,-4.841536053672729
1,1,-0.0,-0.0,0.004463946327035728,-4.841536053672729
0,2,-0.001758853322826326,-0.002758853322826326,0.0027050930042094024,-4.844294906995556
0,1,-0.0,-0.001,0.0027050930042094024,-4.845294906995556
1,2,0.000763959251344204,-0.00023604074865579607,0.0034690522555536063,-4.845530947744212
2,2,0.002106183674186468,0.002106183674186468,0.005575235929740074,-4.843424764070026
1,0,-0.0000157430004037451,-0.002015743000403745,0.005559492929336329,-4.845440507070429
1,1,0.0,-0.001,0.005559492929336329,-4.8464405070704295
0,1,-0.0,-0.0,0.005559492929336329,-4.8464405070704295
0,0,0.00692830141633749,0.00592830141633749,0.01248779434567382,-4.840512205654092
0,2,-0.003511493094265461,-0.005511493094265461,0.008976301251408358,-4.846023698748358
0,2,-0.007345365360379219,-0.007345365360379219,0.0016309358910291394,-4.853369064108737
1,0,0.0007944554672576487,-0.0012055445327423513,0.002425391358286788,-4.854574608641479
0,2,-0.007983309216797352,-0.009983309216797352,-0.005557917858510564,-4.864557917858276
1,2,1.6029238736336993e-7,1.6029238736336993e-7,-0.0055577575661232,-4.864557757565889
1,2,-0.0009299677331000566,-0.0009299677331000566,-0.006487725299223257,-4.865487725298989
2,2,0.0028685869183391333,0.0028685869183391333,-0.0036191383808841238,-4.86261913838065
0,2,-0.0040149567648768425,-0.0040149567648768425,-0.007634095145760966,-4.8666340951455265
2,2,0.003517769044265151,0.003517769044265151,-0.004116326101495815,-4.863116326101261
1,2,0.00028230861062183976,0.00028230861062183976,-0.0038340174908739755,-4.8628340174906395
1,2,-0.00009345389116788283,-0.00009345389116788283,-0.003927471382041858,-4.862927471381807
2,2,0.0011229487136006355,0.0011229487136006355,-0.0028045226684412228,-4.861804522668207
0,2,-0.003201833926141262,-0.003201833926141262,-0.006006356594582485,-4.865006356594348
0,2,-0.0018624401418492198,-0.0018624401418492198,-0.007868796736431705,-4.866868796736197
2,2,0.0023509508464485407,0.0023509508464485407,-0.005517845889983164,-4.864517845889749
2,2,0.0013168435543775558,0.0013168435543775558,-0.004201002335605608,-4.863201002335371
2,2,0.002063957042992115,0.002063957042992115,-0.002137045292613493,-4.861137045292379
1,1,-0.0,-0.001,-0.002137045292613493,-4.862137045292379
2,2,0.002307130489498377,0.0013071304894983768,0.00017008519688488377,-4.860829914802881
2,0,-0.004444272723048925,-0.0064442727230489254,-0.004274187526164042,-4.86727418752593
0,0,0.0012991264229640365,0.0012991264229640365,-0.002975061103200005,-4.865975061102966
0,0,0.004813401028513908,0.004813401028513908,0.0018383399253139032,-4.861161660074452
2,2,0.001591898500919342,-0.000408101499080658,0.0034302384262332453,-4.8615697615735325
1,2,0.0002333547454327345,0.0002333547454327345,0.0036635931716659798,-4.8613364068281
2,0,-0.0023175186943262815,-0.004317518694326282,0.0013460744773396982,-4.865653925522426
0,2,-0.001750617171637714,-0.003750617171637714,-0.0004045426942980157,-4.869404542694063
0,2,-0.001945344265550375,-0.001945344265550375,-0.0023498869598483907,-4.871349886959614
2,2,0.002263866364955902,0.002263866364955902,-0.00008602059489248859,-4.869086020594658
0,0,0.0018855344969779253,-0.00011446550302207474,0.0017995139020854367,-4.86920048609768
0,0,0.003767515765503049,0.003767515765503049,0.005567029667588486,-4.865432970332177
2,2,0.007580967620015144,0.005580967620015144,0.01314799728760363,-4.859852002712161
0,0,0.004825263749808073,0.002825263749808073,0.017973261037411703,-4.857026738962353
0,2,-0.020658010616898537,-0.02265801061689854,-0.0026847495794868337,-4.879684749579251
0,2,-0.003673470113426447,-0.003673470113426447,-0.006358219692913281,-4.883358219692678
0,2,-0.01422367338091135,-0.01422367338091135,-0.02058189307382463,-4.897581893073589
0,2,-0.006661140359938145,-0.006661140359938145,-0.027243033433762776,-4.904243033433527
0,2,-0.007479867897927761,-0.007479867897927761,-0.03472290133169054,-4.911722901331455
2,2,0.003293842077255249,0.003293842077255249,-0.03142905925443529,-4.9084290592542
2,2,0.005993914324790239,0.005993914324790239,-0.025435144929645048,-4.9024351449294095
2,2,0.016502972692251205,0.016502972692251205,-0.008932172237393843,-4.885932172237158
2,1,0.0,-0.001,-0.008932172237393843,-4.886932172237159
0,1,-0.0,-0.0,-0.008932172237393843,-4.886932172237159
2,2,0.0033455821685492992,0.0023455821685492992,-0.0055865900688445436,-4.88458659006861
0,1,-0.0,-0.001,-0.0055865900688445436,-4.88558659006861
1,1,0.0,0.0,-0.0055865900688445436,-4.88558659006861
1,1,-0.0,-0.0,-0.0055865900688445436,-4.88558659006861
1,1,0.0,0.0,-0.0055865900688445436,-4.88558659006861
2,1,0.0,0.0,-0.0055865900688445436,-4.88558659006861
2,1,0.0,0.0,-0.0055865900688445436,-4.88558659006861
1,1,0.0,0.0,-0.0055865900688445436,-4.88558659006861
2,1,0.0,0.0,-0.0055865900688445436,-4.88558659006861
0,1,-0.0,-0.0,-0.0055865900688445436,-4.88558659006861
1,1,0.0,0.0,-0.0055865900688445436,-4.88558659006861
0,1,-0.0,-0.0,-0.0055865900688445436,-4.88558659006861
1,2,0.0001969776931218803,-0.0008030223068781197,-0.005389612375722663,-4.886389612375488
1,1,-0.0,-0.001,-0.005389612375722663,-4.887389612375489
0,2,-0.049432579427957535,-0.050432579427957536,-0.0548221918036802,-4.937822191803447
2,2,0.0200637374073267,0.0200637374073267,-0.0347584543963535,-4.91775845439612
1,2,0.0014532535569742322,0.0014532535569742322,-0.03330520083937927,-4.916305200839146
0,2,-0.00412802305072546,-0.00412802305072546,-0.03743322389010473,-4.920433223889871
2,2,0.006107660476118326,0.006107660476118326,-0.0313255634139864,-4.914325563413753
1,1,-0.0,-0.001,-0.0313255634139864,-4.915325563413753
1,2,-0.0032433858141303062,-0.004243385814130306,-0.03456894922811671,-4.919568949227884
1,1,0.0,-0.001,-0.03456894922811671,-4.920568949227884
2,1,0.0,0.0,-0.03456894922811671,-4.920568949227884
0,1,-0.0,-0.0,-0.03456894922811671,-4.920568949227884
1,1,-0.0,-0.0,-0.03456894922811671,-4.920568949227884
1,1,-0.0,-0.0,-0.03456894922811671,-4.920568949227884
0,1,-0.0,-0.0,-0.03456894922811671,-4.920568949227884
0,1,-0.0,-0.0,-0.03456894922811671,-4.920568949227884
2,2,0.02485869824886322,0.02385869824886322,-0.009710250979253487,-4.896710250979021
1,1,-0.0,-0.001,-0.009710250979253487,-4.897710250979022
1,1,0.0,0.0,-0.009710250979253487,-4.897710250979022
2,1,0.0,0.0,-0.009710250979253487,-4.897710250979022
1,1,0.0,0.0,-0.009710250979253487,-4.897710250979022
0,1,-0.0,-0.0,-0.009710250979253487,-4.897710250979022
0,1,-0.0,-0.0,-0.009710250979253487,-4.897710250979022
0,1,-0.0,-0.0,-0.009710250979253487,-4.897710250979022
1,2,0.001684207352809608,0.000684207352809608,-0.00802604362644388,-4.897026043626212
0,1,-0.0,-0.001,-0.00802604362644388,-4.898026043626213
2,2,0.016595659777522087,0.015595659777522086,0.008569616151078208,-4.882430383848691
0,1,-0.0,-0.001,0.008569616151078208,-4.883430383848691
2,2,0.012301620095968246,0.011301620095968246,0.020871236247046454,-4.872128763752723
0,1,-0.0,-0.001,0.020871236247046454,-4.873128763752724
1,2,-0.00029617114341817796,-0.001296171143418178,0.020575065103628276,-4.874424934896142
0,1,-0.0,-0.001,0.020575065103628276,-4.8754249348961425
1,2,0.0014061301480978727,0.0004061301480978727,0.02198119525172615,-4.875018804748045
1,1,-0.0,-0.001,0.02198119525172615,-4.876018804748045
2,1,0.0,0.0,0.02198119525172615,-4.876018804748045
1,1,0.0,0.0,0.02198119525172615,-4.876018804748045
1,1,0.0,0.0,0.02198119525172615,-4.876018804748045
1,1,-0.0,-0.0,0.02198119525172615,-4.876018804748045
1,1,-0.0,-0.0,0.02198119525172615,-4.876018804748045
2,1,0.0,0.0,0.02198119525172615,-4.876018804748045
1,1,0.0,0.0,0.02198119525172615,-4.876018804748045
1,1,-0.0,-0.0,0.02198119525172615,-4.876018804748045
1,1,-0.0,-0.0,0.02198119525172615,-4.876018804748045
2,1,0.0,0.0,0.02198119525172615,-4.876018804748045
2,1,0.0,0.0,0.02198119525172615,-4.876018804748045
1,0,0.0015217672334983945,0.0005217672334983945,0.023502962485224543,-4.875497037514547
1,1,-0.0,-0.001,0.023502962485224543,-4.8764970375145476
1,1,0.0,0.0,0.023502962485224543,-4.8764970375145476
1,2,-0.0009377076057717204,-0.0019377076057717204,0.022565254879452823,-4.87843474512032
2,2,0.0010985677363350987,0.0010985677363350987,0.02366382261578792,-4.8773361773839845
2,0,-0.0026169600896537304,-0.0046169600896537304,0.02104686252613419,-4.881953137473638
1,0,-0.00038201367715373635,-0.00038201367715373635,0.020664848848980455,-4.882335151150792
2,0,-0.0037638095673173666,-0.0037638095673173666,0.01690103928166309,-4.886098960718109
1,0,0.0005272587877698243,0.0005272587877698243,0.017428298069432913,-4.885571701930339
0,0,0.004666674416512251,0.004666674416512251,0.022094972485945163,-4.880905027513827
2,2,0.0007593991467729211,-0.001240600853227079,0.022854371632718085,-4.882145628367054
0,0,0.006541148293763399,0.004541148293763399,0.029395519926481484,-4.87760448007329
2,2,0.0020593327935785055,0.000059332793578505474,0.03145485272005999,-4.877545147279712
0,0,0.0015962983015924692,-0.0004037016984075308,0.03305115102165246,-4.877948848978119
1,0,-0.0004173282941337675,-0.0004173282941337675,0.03263382272751869,-4.878366177272253
0,0,0.0033253550063818693,0.0033253550063818693,0.03595917773390056,-4.875040822265871
2,2,0.0019471610430628061,-0.00005283895693719391,0.037906338776963366,-4.875093661222808
2,0,-0.0012664473615586758,-0.003266447361558676,0.03663989141540469,-4.878360108584366
0,0,0.0011924635618925095,0.0011924635618925095,0.0378323549772972,-4.877167645022474
2,2,0.0007742579909972847,-0.0012257420090027154,0.038606612968294485,-4.878393387031476
0,0,0.0010644060093909502,-0.0009355939906090498,0.039671018977685435,-4.879328981022085
0,2,-0.002394729759544134,-0.004394729759544134,0.0372762892181413,-4.883723710781629
1,2,0.00022751519281882793,0.00022751519281882793,0.03750380441096013,-4.88349619558881
2,0,-0.0036127958446741104,-0.0056127958446741105,0.03389100856628602,-4.889108991433484
2,0,-0.0024879358243197203,-0.0024879358243197203,0.0314030727419663,-4.891596927257804
0,0,0.0018430092604830861,0.0018430092604830861,0.033246082002449384,-4.889753917997321
0,2,-0.001530074281617999,-0.003530074281617999,0.031716007720831385,-4.893283992278938
2,2,0.0029091692995280027,0.0029091692995280027,0.03462517702035939,-4.89037482297941
0,0,0.0008039092645049095,-0.0011960907354950905,0.0354290862848643,-4.891570913714905
0,0,0.003682624315842986,0.003682624315842986,0.03911171060070728,-4.887888289399062
1,2,-0.0006474341498687863,-0.0026474341498687864,0.0384642764508385,-4.890535723548931
0,2,-0.0023848647251725197,-0.0023848647251725197,0.03607941172566598,-4.892920588274103
0,2,-0.0033346570562571287,-0.0033346570562571287,0.03274475466940885,-4.8962552453303605
0,2,-0.0017540741246193647,-0.0017540741246193647,0.030990680544789484,-4.89800931945498
1,2,0.0004773471155203879,0.0004773471155203879,0.03146802766030987,-4.8975319723394595
0,2,-0.0022279468830674887,-0.0022279468830674887,0.029240080777242383,-4.899759919222527
2,2,0.0029915638733655214,0.0029915638733655214,0.032231644650607905,-4.896768355349161
0,2,-0.0035942827817052603,-0.0035942827817052603,0.028637361868902644,-4.900362638130867
0,2,-0.0063949343748390675,-0.0063949343748390675,0.022242427494063577,-4.906757572505706
2,2,0.008597198873758316,0.008597198873758316,0.030839626367821893,-4.8981603736319475
2,0,-0.0015095099806785583,-0.0035095099806785584,0.029330116387143335,-4.901669883612626
0,0,0.0037958885077387094,0.0037958885077387094,0.033126004894882044,-4.897873995104887
2,2,0.005310653708875179,0.0033106537088751792,0.03843665860375722,-4.894563341396012
2,0,-0.0048745195381343365,-0.0068745195381343365,0.03356213906562289,-4.901437860934146
0,0,0.003661348484456539,0.003661348484456539,0.037223487550079426,-4.897776512449689
2,0,-0.004549222066998482,-0.004549222066998482,0.032674265483080944,-4.902325734516688
1,0,0.0004544914118014276,0.0004544914118014276,0.03312875689488237,-4.901871243104886
1,0,0.0008241363684646785,0.0008241363684646785,0.03395289326334705,-4.901047106736422
0,0,0.0031034681014716625,0.0031034681014716625,0.03705636136481871,-4.89794363863495
2,2,0.0036197775043547153,0.0016197775043547153,0.04067613886917343,-4.896323861130595
1,0,-0.0005160431028343737,-0.0025160431028343738,0.040160095766339055,-4.898839904233429
0,2,-0.002198360627517104,-0.004198360627517104,0.03796173513882195,-4.903038264860946
1,2,-0.00012126284127589315,-0.00012126284127589315,0.03784047229754606,-4.903159527702222
0,2,-0.006170583888888359,-0.006170583888888359,0.0316698884086577,-4.90933011159111
0,2,-0.0018535126000642776,-0.0018535126000642776,0.02981637580859342,-4.911183624191175
2,0,-0.005940650589764118,-0.007940650589764118,0.023875725218829302,-4.9191242747809385
1,0,-0.0011502139968797565,-0.0011502139968797565,0.022725511221949546,-4.920274488777818
2,0,-0.008663401007652283,-0.008663401007652283,0.014062110214297263,-4.9289378897854705
0,0,0.001971519086509943,0.001971519086509943,0.016033629300807206,-4.926966370698961
2,2,0.0022942398209124804,0.0002942398209124803,0.018327869121719687,-4.926672130878048
0,0,0.002277654828503728,0.00027765482850372787,0.020605523950223414,-4.926394476049544
2,2,0.003042335622012615,0.0010423356220126152,0.02364785957223603,-4.925352140427531
0,1,-0.0,-0.001,0.02364785957223603,-4.9263521404275314
0,1,-0.0,-0.0,0.02364785957223603,-4.9263521404275314
0,1,-0.0,-0.0,0.02364785957223603,-4.9263521404275314
2,2,0.0017019831575453281,0.0007019831575453281,0.025349842729781358,-4.9256501572699865
1,2,0.00013846236106473953,0.00013846236106473953,0.025488305090846097,-4.925511694908922
0,2,-0.005364981479942799,-0.005364981479942799,0.0201233236109033,-4.9308766763888645
0,2,-0.0022745237220078707,-0.0022745237220078707,0.017848799888895428,-4.933151200110872
2,2,0.0026878383941948414,0.0026878383941948414,0.02053663828309027,-4.9304633617166775
1,0,0.0010085193207487464,-0.0009914806792512536,0.021545157603839016,-4.931454842395929
1,2,-0.0011415763292461634,-0.0031415763292461634,0.020403581274592852,-4.9345964187251745
0,2,-0.0035694630350917578,-0.0035694630350917578,0.016834118239501095,-4.938165881760266
1,2,0.0010622910922393203,0.0010622910922393203,0.017896409331740415,-4.937103590668027
1,2,-0.0006899225991219282,-0.0006899225991219282,0.017206486732618487,-4.937793513267149
0,2,-0.0023844426032155752,-0.0023844426032155752,0.014822044129402911,-4.9401779558703645
0,2,-0.013276875019073486,-0.013276875019073486,0.0015451691103294252,-4.953454830889438
2,2,0.005551568232476711,0.005551568232476711,0.0070967373428061364,-4.947903262656961
0,0,0.004340051673352718,0.0023400516733527183,0.011436789016158855,-4.945563210983608
0,2,-0.0017254130216315389,-0.003725413021631539,0.009711375994527316,-4.94928862400524
2,2,0.0019791305530816317,0.0019791305530816317,0.011690506547608948,-4.947309493452158
0,2,-0.0013626920990645885,-0.0013626920990645885,0.010327814448544359,-4.948672185551223
2,2,0.0044898889027535915,0.0044898889027535915,0.01481770335129795,-4.944182296648469
2,2,0.0023350012488663197,0.0023350012488663197,0.01715270460016427,-4.941847295399603
0,1,-0.0,-0.001,0.01715270460016427,-4.942847295399603
0,1,-0.0,-0.0,0.01715270460016427,-4.942847295399603
1,1,-0.0,-0.0,0.01715270460016427,-4.942847295399603
1,2,0.0002852446341421455,-0.0007147553658578545,0.017437949234306416,-4.943562050765461
1,2,-0.0008312236750498414,-0.0008312236750498414,0.016606725559256574,-4.944393274440511
2,2,0.003316163085401058,0.003316163085401058,0.019922888644657633,-4.94107711135511
2,2,0.005335865542292595,0.005335865542292595,0.025258754186950227,-4.935741245812817
2,0,-0.001895975903607905,-0.003895975903607905,0.023362778283342323,-4.939637221716425
2,0,-0.0024103852920234203,-0.0024103852920234203,0.020952392991318902,-4.9420476070084485
0,0,0.0031336548272520304,0.0031336548272520304,0.024086047818570933,-4.938913952181196
0,2,-0.0067599196918308735,-0.008759919691830874,0.01732612812674006,-4.947673871873027
1,2,0.0002186779020121321,0.0002186779020121321,0.01754480602875219,-4.947455193971015
2,1,0.0,-0.001,0.01754480602875219,-4.948455193971015
1,0,0.000499327783472836,-0.000500672216527164,0.018044133812225027,-4.948955866187543
0,2,-0.004839448723942041,-0.0068394487239420414,0.013204685088282986,-4.955795314911485
1,2,-0.0006471580709330738,-0.0006471580709330738,0.012557527017349912,-4.956442472982418
0,2,-0.0014342776266857982,-0.0014342776266857982,0.011123249390664114,-4.9578767506091035
2,2,0.016266915947198868,0.016266915947198868,0.02739016533786298,-4.941609834661905
1,0,-0.0007387431105598807,-0.0027387431105598808,0.0266514222273031,-4.944348577772464
2,2,0.010112114250659943,0.008112114250659943,0.036763536477963044,-4.936236463521804
0,0,0.0037837205454707146,0.0017837205454707145,0.04054725702343376,-4.934452742976333
2,2,0.004505854565650225,0.0025058545656502246,0.04505311158908398,-4.931946888410683
1,0,0.00032302617910318077,-0.0016769738208968193,0.045376137768187164,-4.933623862231579
0,0,0.0023708862718194723,0.0023708862718194723,0.047747024040006636,-4.93125297595976
2,1,0.0,-0.001,0.047747024040006636,-4.93225297595976
2,1,0.0,0.0,0.047747024040006636,-4.93225297595976
0,0,0.005572919733822346,0.004572919733822346,0.05331994377382898,-4.927680056225938
0,2,-0.0075353458523750305,-0.00953534585237503,0.04578459792145395,-4.937215402078313
0,2,-0.004378992598503828,-0.004378992598503828,0.04140560532295012,-4.941594394676817
2,1,0.0,-0.001,0.04140560532295012,-4.942594394676817
2,1,0.0,0.0,0.04140560532295012,-4.942594394676817
2,1,0.0,0.0,0.04140560532295012,-4.942594394676817
0,1,-0.0,-0.0,0.04140560532295012,-4.942594394676817
0,1,-0.0,-0.0,0.04140560532295012,-4.942594394676817
0,2,-0.0038174043875187635,-0.0048174043875187636,0.03758820093543136,-4.947411799064336
0,2,-0.0020597230177372694,-0.0020597230177372694,0.03552847791769409,-4.9494715220820735
2,1,0.0,-0.001,0.03552847791769409,-4.950471522082074
2,1,0.0,0.0,0.03552847791769409,-4.950471522082074
1,1,0.0,0.0,0.03552847791769409,-4.950471522082074
1,1,0.0,0.0,0.03552847791769409,-4.950471522082074
2,1,0.0,0.0,0.03552847791769409,-4.950471522082074
2,0,-0.006422195117920637,-0.007422195117920637,0.029106282799773453,-4.957893717199995
0,0,0.003921689465641975,0.003921689465641975,0.03302797226541543,-4.953972027734353
1,0,0.0013572350144386292,0.0013572350144386292,0.03438520727985406,-4.952614792719914
1,0,-0.0011259152088314295,-0.0011259152088314295,0.03325929207102263,-4.953740707928746
1,0,0.0002424002013867721,0.0002424002013867721,0.0335016922724094,-4.953498307727359
1,1,0.0,-0.001,0.0335016922724094,-4.954498307727359
0,1,-0.0,-0.0,0.0335016922724094,-4.954498307727359
2,1,0.0,0.0,0.0335016922724094,-4.954498307727359
1,1,0.0,0.0,0.0335016922724094,-4.954498307727359
0,1,-0.0,-0.0,0.0335016922724094,-4.954498307727359
2,1,0.0,0.0,0.0335016922724094,-4.954498307727359
0,1,-0.0,-0.0,0.0335016922724094,-4.954498307727359
2,2,0.00454447278752923,0.00354447278752923,0.03804616505993863,-4.95095383493983
0,1,-0.0,-0.001,0.03804616505993863,-4.951953834939831
1,0,0.0000978237803792581,-0.0009021762196207419,0.03814398884031789,-4.952856011159452
1,1,0.0,-0.001,0.03814398884031789,-4.953856011159452
2,2,0.0041005839593708515,0.0031005839593708515,0.04224457279968874,-4.9507554272000815
1,0,-0.00015428184997290373,-0.0021542818499729038,0.042090290949715836,-4.952909709050054
1,0,-0.000655432406347245,-0.000655432406347245,0.04143485854336859,-4.9535651414564015
0,0,0.0026994901709258556,0.0026994901709258556,0.04413434871429445,-4.950865651285476
2,2,0.0021845437586307526,0.00018454375863075252,0.0463188924729252,-4.950681107526845
2,0,-0.0031994166783988476,-0.005199416678398848,0.04311947579452635,-4.955880524205243
2,0,-0.0017356722382828593,-0.0017356722382828593,0.04138380355624349,-4.957616196443526
1,0,0.0006456034607253969,0.0006456034607253969,0.04202940701696889,-4.956970592982801
2,0,-0.002127639716491103,-0.002127639716491103,0.039901767300477786,-4.959098232699292
2,0,-0.0008282677154056728,-0.0008282677154056728,0.03907349958507211,-4.9599265004146975
0,0,0.003944877535104752,0.003944877535104752,0.043018377120176865,-4.955981622879593
2,0,-0.002936285687610507,-0.002936285687610507,0.04008209143256636,-4.958917908567203
2,0,-0.0014350904384627938,-0.0014350904384627938,0.038647000994103564,-4.960352999005666
1,0,-0.00016093504382297397,-0.00016093504382297397,0.03848606595028059,-4.960513934049489
1,0,-0.00009629140549805015,-0.00009629140549805015,0.03838977454478254,-4.960610225454987
2,0,-0.009071731008589268,-0.009071731008589268,0.029318043536193272,-4.969681956463576
1,0,0.0007158057414926589,0.0007158057414926589,0.03003384927768593,-4.968966150722084
0,0,0.002457905560731888,0.002457905560731888,0.03249175483841782,-4.966508245161352
1,0,-0.00008405156404478475,-0.00008405156404478475,0.032407703274373034,-4.966592296725397
2,0,-0.002760981908068061,-0.002760981908068061,0.029646721366304973,-4.969353278633465
0,0,0.004597343038767576,0.004597343038767576,0.03424406440507255,-4.964755935594697
2,2,0.0011282532941550016,-0.0008717467058449984,0.03537231769922755,-4.965627682300542
2,0,-0.001411403063684702,-0.003411403063684702,0.03396091463554285,-4.969039085364226
2,0,-0.0011603219900280237,-0.0011603219900280237,0.032800592645514826,-4.970199407354254
0,0,0.003650674829259515,0.003650674829259515,0.03645126747477434,-4.966548732524995
1,0,-0.00045594386756420135,-0.00045594386756420135,0.03599532360721014,-4.967004676392559
2,0,-0.001215101219713688,-0.001215101219713688,0.03478022238749645,-4.968219777612273
1,0,0.000355151278199628,0.000355151278199628,0.03513537366569608,-4.967864626334073
0,0,0.0009561146143823862,0.0009561146143823862,0.036091488280078465,-4.966908511719691
1,0,-0.0003039829898625612,-0.0003039829898625612,0.035787505290215904,-4.967212494709553
1,0,0.0004958598292432725,0.0004958598292432725,0.03628336511945918,-4.96671663488031
2,2,0.0029086044523864985,0.0009086044523864984,0.039191969571845675,-4.965808030427923
0,0,0.0012002921430394053,-0.0007997078569605947,0.04039226171488508,-4.966607738284884
2,0,-0.0016786023043096066,-0.0016786023043096066,0.038713659410575474,-4.968286340589193
2,0,-0.003968572709709406,-0.003968572709709406,0.03474508670086607,-4.972254913298903
1,0,0.00025422938051633537,0.00025422938051633537,0.0349993160813824,-4.972000683918386
2,0,-0.005595395807176828,-0.005595395807176828,0.029403920274205575,-4.977596079725563
0,0,0.0017018163343891501,0.0017018163343891501,0.031105736608594725,-4.975894263391174
2,0,-0.001928401179611683,-0.001928401179611683,0.029177335428983042,-4.977822664570786
0,0,0.0009632612927816808,0.0009632612927816808,0.030140596721764723,-4.976859403278004
2,0,-0.0010125533444806933,-0.0010125533444806933,0.02912804337728403,-4.977871956622485
0,0,0.0017844324465841055,0.0017844324465841055,0.030912475823868135,-4.976087524175901
0,2,-0.0006487821810878813,-0.0026487821810878814,0.030263693642780254,-4.978736306356988
0,0,0.0024215278681367636,0.00042152786813676353,0.03268522151091702,-4.978314778488851
0,2,-0.0016420504543930292,-0.0036420504543930293,0.031043171056523988,-4.981956828943244
0,0,0.0030956813134253025,0.0010956813134253025,0.03413885236994929,-4.980861147629819
2,2,0.001203227206133306,-0.000796772793866694,0.0353420795760826,-4.981657920423685
2,2,0.0007477006292901933,0.0007477006292901933,0.03608978020537279,-4.980910219794395
0,2,-0.0012024868046864867,-0.0012024868046864867,0.0348872934006863,-4.982112706599081
1,2,0.0006641031359322369,0.0006641031359322369,0.03555139653661854,-4.981448603463149
2,0,-0.0037841934245079756,-0.005784193424507976,0.031767203112110565,-4.987232796887657
0,0,0.0016708595212548971,0.0016708595212548971,0.03343806263336546,-4.985561937366402
0,0,0.0046650804579257965,0.0046650804579257965,0.03810314309129126,-4.980896856908476
2,2,0.0021365745924413204,0.00013657459244132038,0.04023971768373258,-4.980760282316035
0,0,0.0015500535955652595,-0.0004499464044347406,0.04178977127929784,-4.981210228720469
2,0,-0.0013730034697800875,-0.0013730034697800875,0.04041676780951775,-4.982583232190249
2,0,-0.0007486238609999418,-0.0007486238609999418,0.03966814394851781,-4.983331856051249
1,0,-0.00032244130852632225,-0.00032244130852632225,0.03934570263999149,-4.9836542973597755
0,0,0.0011507560266181827,0.0011507560266181827,0.04049645866660967,-4.982503541333157
0,0,0.001635541208088398,0.001635541208088398,0.04213199987469807,-4.980868000125069
1,2,-0.00020037934882566333,-0.0022003793488256634,0.041931620525872404,-4.983068379473894
2,2,0.0031153056770563126,0.0031153056770563126,0.045046926202928717,-4.979953073796838
0,0,0.0008193379617296159,-0.0011806620382703841,0.04586626416465833,-4.981133735835108
1,2,-0.0006098829908296466,-0.0026098829908296466,0.045256381173828686,-4.983743618825938
2,2,0.005744610913097858,0.005744610913097858,0.051000992086926544,-4.97799900791284
2,0,-0.010155415162444115,-0.012155415162444115,0.04084557692448243,-4.990154423075284
0,0,0.0013502270448952913,0.0013502270448952913,0.04219580396937772,-4.988804196030388
2,2,0.0017579197883605957,-0.00024208021163940434,0.04395372375773832,-4.989046276242028
0,0,0.0029212040826678276,0.0009212040826678276,0.046874927840406144,-4.9881250721593595
0,0,0.0018260969081893563,0.0018260969081893563,0.0487010247485955,-4.98629897525117
0,2,-0.0026194057427346706,-0.004619405742734671,0.04608161900586083,-4.990918380993905
1,2,-0.00041102388058789074,-0.00041102388058789074,0.04567059512527294,-4.9913294048744925
0,2,-0.0024368991144001484,-0.0024368991144001484,0.04323369601087279,-4.993766303988893
0,2,-0.0021889135241508484,-0.0021889135241508484,0.04104478248672194,-4.9959552175130435
2,2,0.0017993836663663387,0.0017993836663663387,0.04284416615308828,-4.994155833846677
0,2,-0.0029431714210659266,-0.0029431714210659266,0.039900994732022355,-4.997099005267743
0,2,-0.003810505848377943,-0.003810505848377943,0.03609048888364441,-5.000909511116121
2,2,0.0025068779941648245,0.0025068779941648245,0.038597366877809236,-4.998402633121956
0,2,-0.0053983223624527454,-0.0053983223624527454,0.03319904451535649,-5.003800955484409
0,2,-0.011749050579965115,-0.011749050579965115,0.021449993935391376,-5.015550006064374
1,2,0.00022991815058048815,0.00022991815058048815,0.021679912085971864,-5.015320087913794
2,2,0.004583912435919046,0.004583912435919046,0.02626382452189091,-5.0107361754778745
2,2,0.0237909946590662,0.0237909946590662,0.05005481918095711,-4.986945180818808
2,0,-0.0029230527579784393,-0.004923052757978439,0.04713176642297867,-4.9918682335767866
0,2,-0.002271768171340227,-0.004271768171340227,0.044859998251638444,-4.996140001748127
1,2,0.00171302305534482,0.00171302305534482,0.046573021306983264,-4.994426978692782
1,1,0.0,-0.001,0.046573021306983264,-4.995426978692782
1,1,0.0,0.0,0.046573021306983264,-4.995426978692782
2,1,0.0,0.0,0.046573021306983264,-4.995426978692782
0,1,-0.0,-0.0,0.046573021306983264,-4.995426978692782
0,1,-0.0,-0.0,0.046573021306983264,-4.995426978692782
2,2,0.0025259279645979404,0.0015259279645979404,0.049098949271581205,-4.9939010507281845
0,1,-0.0,-0.001,0.049098949271581205,-4.994901050728185
0,1,-0.0,-0.0,0.049098949271581205,-4.994901050728185
1,1,-0.0,-0.0,0.049098949271581205,-4.994901050728185
1,1,-0.0,-0.0,0.049098949271581205,-4.994901050728185
1,2,0.00044364159111864865,-0.0005563584088813514,0.04954259086269985,-4.9954574091370665
2,1,0.0,-0.001,0.04954259086269985,-4.996457409137067
0,1,-0.0,-0.0,0.04954259086269985,-4.996457409137067
1,2,0.0003299859818071127,-0.0006700140181928873,0.049872576844506966,-4.99712742315526
2,1,0.0,-0.001,0.049872576844506966,-4.99812742315526
1,1,0.0,0.0,0.049872576844506966,-4.99812742315526
1,1,0.0,0.0,0.049872576844506966,-4.99812742315526
1,1,0.0,0.0,0.049872576844506966,-4.99812742315526
0,1,-0.0,-0.0,0.049872576844506966,-4.99812742315526
2,2,0.007993374019861221,0.006993374019861221,0.05786595086436819,-4.9911340491353995
2,0,-0.005780118051916361,-0.007780118051916361,0.05208583281245183,-4.998914167187316
1,0,-0.0008249307284131646,-0.0008249307284131646,0.05126090208403866,-4.999739097915729
2,0,-0.0031634755432605743,-0.0031634755432605743,0.04809742654077809,-5.002902573458989
0,0,0.007914734072983265,0.007914734072983265,0.05601216061376135,-4.994987839386006
2,2,0.0021647410467267036,0.0001647410467267036,0.058176901660488056,-4.994823098339279
0,0,0.001882117590866983,-0.0001178824091330171,0.06005901925135504,-4.994940980748412
0,0,0.004311615135520697,0.004311615135520697,0.06437063438687574,-4.990629365612891
2,1,0.0,-0.001,0.06437063438687574,-4.991629365612892
0,1,-0.0,-0.0,0.06437063438687574,-4.991629365612892
2,2,0.003918517380952835,0.002918517380952835,0.06828915176782857,-4.988710848231939
0,1,-0.0,-0.001,0.06828915176782857,-4.989710848231939
1,2,-0.0009208209230564535,-0.0019208209230564535,0.06736833084477212,-4.991631669154996
0,2,-0.003403531387448311,-0.003403531387448311,0.0639647994573238,-4.9950352005424445
1,2,0.0005415478954091668,0.0005415478954091668,0.06450634735273297,-4.994493652647035
0,2,-0.0025848664809018373,-0.0025848664809018373,0.061921480871831136,-4.997078519127937
1,2,0.0003181274514645338,0.0003181274514645338,0.06223960832329567,-4.996760391676473
2,2,0.003672597464174032,0.003672597464174032,0.0659122057874697,-4.993087794212299
0,1,-0.0,-0.001,0.0659122057874697,-4.994087794212299
1,2,0.0006336437654681504,-0.00036635623453184964,0.06654584955293785,-4.994454150446831
2,2,0.0020194663666188717,0.0020194663666188717,0.06856531591955672,-4.992434684080212
2,0,-0.0018776849610731006,-0.0038776849610731006,0.06668763095848362,-4.996312369041285
0,1,-0.0,-0.001,0.06668763095848362,-4.9973123690412855
1,2,-0.00019757356494665146,-0.0011975735649466515,0.06649005739353697,-4.9985099426062325
1,2,-0.0008989358320832253,-0.0008989358320832253,0.06559112156145375,-4.999408878438316
0,2,-0.003006948158144951,-0.003006948158144951,0.0625841734033088,-5.002415826596461
2,2,0.00660686893388629,0.00660686893388629,0.06919104233719509,-4.995808957662574
1,1,-0.0,-0.001,0.06919104233719509,-4.996808957662575
1,2,0.0012985767098143697,0.00029857670981436966,0.07048961904700946,-4.996510380952761
2,1,0.0,-0.001,0.07048961904700946,-4.997510380952761
0,1,-0.0,-0.0,0.07048961904700946,-4.997510380952761
2,2,0.0014089996693655849,0.00040899966936558483,0.07189861871637504,-4.997101381283396
2,1,0.0,-0.001,0.07189861871637504,-4.998101381283396
1,1,-0.0,-0.0,0.07189861871637504,-4.998101381283396
0,1,-0.0,-0.0,0.07189861871637504,-4.998101381283396
0,1,-0.0,-0.0,0.07189861871637504,-4.998101381283396
0,2,-0.0020565094891935587,-0.0030565094891935587,0.06984210922718148,-5.00115789077259
2,2,0.0029983101412653923,0.0029983101412653923,0.07284041936844687,-4.998159580631325
2,2,0.007705694064497948,0.007705694064497948,0.08054611343294482,-4.990453886566827
2,0,-0.002173167187720537,-0.004173167187720537,0.07837294624522428,-4.994627053754547
2,0,-0.0058996789157390594,-0.0058996789157390594,0.07247326732948522,-5.000526732670286
1,0,-0.0006357576348818839,-0.0006357576348818839,0.07183750969460334,-5.001162490305168
0,0,0.001530535751953721,0.001530535751953721,0.07336804544655706,-4.999631954553214
1,0,-0.0007905795355327427,-0.0007905795355327427,0.07257746591102432,-5.000422534088747
0,0,0.0026620144490152597,0.0026620144490152597,0.07523948036003958,-4.997760519639732
1,0,-4.778120910486905e-6,-4.778120910486905e-6,0.07523470223912909,-4.997765297760642
0,0,0.0027483191806823015,0.0027483191806823015,0.0779830214198114,-4.99501697857996
2,0,-0.006595410406589508,-0.006595410406589508,0.07138761101322189,-5.001612388986549
1,0,0.00019596276979427785,0.00019596276979427785,0.07158357378301616,-5.001416426216755
0,0,0.0023505769204348326,0.0023505769204348326,0.073934150703451,-4.99906584929632
0,2,-0.0026764783542603254,-0.0046764783542603255,0.07125767234919067,-5.00374232765058
2,2,0.007037062663584948,0.007037062663584948,0.07829473501277562,-4.996705264986995
2,0,-0.0012066937051713467,-0.0032066937051713467,0.07708804130760427,-4.9999119586921665
1,2,0.00045972419320605695,-0.001540275806793943,0.07754776550081033,-5.00145223449896
1,0,-0.0010315935360267758,-0.003031593536026776,0.07651617196478355,-5.004483828034987
1,0,0.0006128544919192791,0.0006128544919192791,0.07712902645670283,-5.0038709735430675
1,0,0.0008824178366921842,0.0008824178366921842,0.07801144429339502,-5.002988555706375
1,1,0.0,-0.001,0.07801144429339502,-5.003988555706376
0,0,0.0018373661441728473,0.0008373661441728473,0.07984881043756786,-5.003151189562203
2,0,-0.010025481693446636,-0.010025481693446636,0.06982332874412123,-5.01317667125565
2,0,-0.003322012722492218,-0.003322012722492218,0.06650131602162901,-5.016498683978142
1,0,0.00023125781444832683,0.00023125781444832683,0.06673257383607734,-5.016267426163694
2,0,-0.0015731857856735587,-0.0015731857856735587,0.06515938805040378,-5.017840611949367
2,0,-0.0010628581512719393,-0.0010628581512719393,0.06409652989913184,-5.018903470100639
0,0,0.00408344017341733,0.00408344017341733,0.06817997007254917,-5.014820029927222
2,2,0.0016944447997957468,-0.00030555520020425324,0.06987441487234491,-5.015125585127426
2,0,-0.004414829425513744,-0.006414829425513744,0.06545958544683117,-5.021540414552939
2,0,-0.002162463963031769,-0.002162463963031769,0.0632971214837994,-5.023702878515971
1,0,-0.0003526592336129397,-0.0003526592336129397,0.06294446225018646,-5.024055537749584
1,0,-0.00026980668189935386,-0.00026980668189935386,0.06267465556828711,-5.0243253444314835
0,0,0.002152716973796487,0.002152716973796487,0.0648273725420836,-5.022172627457687
2,0,-0.00306529738008976,-0.00306529738008976,0.061762075161993835,-5.025237924837777
0,0,0.008865089155733585,0.008865089155733585,0.07062716431772742,-5.016372835682043
2,2,0.00195584655739367,-0.00004415344260632996,0.07258301087512109,-5.016416989124649
2,2,0.001560462056659162,0.001560462056659162,0.07414347293178025,-5.01485652706799
0,0,0.004939211532473564,0.002939211532473564,0.07908268446425382,-5.011917315535516
1,2,-0.00021922060113865882,-0.002219220601138659,0.07886346386311516,-5.014136536136655
2,2,0.0016892165876924992,0.0016892165876924992,0.08055268045080766,-5.012447319548962
0,2,-0.0011996013345196843,-0.0011996013345196843,0.07935307911628797,-5.013646920883482
2,2,0.0026708764489740133,0.0026708764489740133,0.08202395556526199,-5.010976044434508
2,2,0.0015656676841899753,0.0015656676841899753,0.08358962324945196,-5.009410376750318
1,0,-0.000770693935919553,-0.002770693935919553,0.08281892931353241,-5.012181070686237
1,0,0.0005880623357370496,0.0005880623357370496,0.08340699164926946,-5.0115930083505
0,0,0.0017333021387457848,0.0017333021387457848,0.08514029378801524,-5.0098597062117545
2,2,0.0022640079259872437,0.0002640079259872436,0.08740430171400249,-5.009595698285767
1,0,0.00011877626820933074,-0.0018812237317906693,0.08752307798221182,-5.0114769220175575
1,0,-0.000024629309336887673,-0.000024629309336887673,0.08749844867287493,-5.011501551326894
1,1,0.0,-0.001,0.08749844867287493,-5.012501551326895
1,0,-0.0006712093600071967,-0.0016712093600071967,0.08682723931286773,-5.014172760686902
0,0,0.0008867337019182742,0.0008867337019182742,0.087713973014786,-5.013286026984984
2,2,0.0016164683038368821,-0.00038353169616311793,0.08933044131862289,-5.013669558681147
0,0,0.001536050345748663,-0.0004639496542513371,0.09086649166437155,-5.014133508335398
1,2,0.00044654496014118195,-0.001553455039858818,0.09131303662451273,-5.0156869633752565
1,0,-0.000031154104362940416,-0.0020311541043629405,0.09128188252014979,-5.017718117479619
1,0,0.00003909855513484217,0.00003909855513484217,0.09132098107528464,-5.017679018924484
2,0,-0.0006255491753108799,-0.0006255491753108799,0.09069543189997376,-5.018304568099795
2,0,-0.0017795136664062738,-0.0017795136664062738,0.08891591823356748,-5.020084081766202
0,0,0.002712608315050602,0.002712608315050602,0.09162852654861808,-5.017371473451151
1,2,0.00006637800834141672,-0.0019336219916585833,0.0916949045569595,-5.019305095442809
2,0,-0.0021093348041176796,-0.00410933480411768,0.08958556975284182,-5.023414430246927
1,0,-0.00019371361122466624,-0.00019371361122466624,0.08939185614161715,-5.0236081438581515
0,0,0.000652961665764451,0.000652961665764451,0.0900448178073816,-5.022955182192387
2,0,-0.0014992023352533579,-0.0014992023352533579,0.08854561547212825,-5.02445438452764
0,0,0.00041106605203822255,0.00041106605203822255,0.08895668152416647,-5.024043318475602
0,0,0.0023788297548890114,0.0023788297548890114,0.09133551127905548,-5.021664488720713
0,0,0.006000232882797718,0.006000232882797718,0.0973357441618532,-5.015664255837915
1,2,0.00014837739581707865,-0.0018516226041829214,0.09748412155767028,-5.017515878442098
2,2,0.004769234452396631,0.004769234452396631,0.10225335601006691,-5.0127466439897015
0,0,0.000986240804195404,-0.001013759195804596,0.10323959681426231,-5.013760403185506
2,0,-0.0023904459085315466,-0.0023904459085315466,0.10084915090573077,-5.016150849094037
0,0,0.003490778850391507,0.003490778850391507,0.10433992975612227,-5.012660070243646
1,0,0.0006251960876397789,0.0006251960876397789,0.10496512584376205,-5.012034874156006
0,2,-0.003092177677899599,-0.005092177677899599,0.10187294816586245,-5.0171270518339055
2,2,0.0019242024281993508,0.0019242024281993508,0.1037971505940618,-5.015202849405706
2,0,-0.0015314179472625256,-0.0035314179472625256,0.10226573264679928,-5.0187342673529685
1,0,0.00033717669430188835,0.00033717669430188835,0.10260290934110117,-5.018397090658667
0,2,-0.0014996790559962392,-0.0034996790559962392,0.10110323028510493,-5.021896769714663
2,2,0.0023810695856809616,0.0023810695856809616,0.10348429987078589,-5.019515700128982
1,0,-0.00012480083387345076,-0.002124800833873451,0.10335949903691244,-5.021640500962855
1,0,0.000044670352508546785,0.000044670352508546785,0.10340416938942099,-5.021595830610346
2,0,-0.002806604141369462,-0.002806604141369462,0.10059756524805152,-5.024402434751716
1,0,0.0004218755930196494,0.0004218755930196494,0.10101944084107117,-5.023980559158696
1,0,-0.00002648930239956826,-0.00002648930239956826,0.1009929515386716,-5.024007048461096
0,0,0.0015547070652246475,0.0015547070652246475,0.10254765860389625,-5.022452341395871
2,0,-0.0010916665196418762,-0.0010916665196418762,0.10145599208425438,-5.023544007915513
2,0,-0.0012556809233501554,-0.0012556809233501554,0.10020031116090422,-5.024799688838863
1,0,0.00046251784078776836,0.00046251784078776836,0.10066282900169199,-5.024337170998075
0,0,0.004347361624240875,0.004347361624240875,0.10501019062593286,-5.019989809373834
1,2,-0.0005246963119134307,-0.0025246963119134307,0.10448549431401943,-5.022514505685748
0,0,0.001674201339483261,-0.00032579866051673893,0.1061596956535027,-5.022840304346264
2,2,0.004567945376038551,0.0025679453760385513,0.11072764102954125,-5.020272358970225
0,0,0.010354331694543362,0.008354331694543362,0.12108197272408461,-5.011918027275682
1,2,-0.0005681925686076283,-0.0025681925686076284,0.12051378015547698,-5.014486219844289
0,2,-0.009027944877743721,-0.009027944877743721,0.11148583527773326,-5.023514164722033
0,2,-0.0021423613652586937,-0.0021423613652586937,0.10934347391247456,-5.025656526087292
2,2,0.0020243728067725897,0.0020243728067725897,0.11136784671924715,-5.023632153280519
1,2,-0.000023089805836207233,-0.000023089805836207233,0.11134475691341095,-5.023655243086355
2,2,0.002988798776641488,0.002988798776641488,0.11433355569005244,-5.020666444309714
2,2,0.003509721253067255,0.003509721253067255,0.11784327694311969,-5.0171567230566465
0,2,-0.0016934933373704553,-0.0016934933373704553,0.11614978360574923,-5.018850216394017
0,2,-0.003685545874759555,-0.003685545874759555,0.11246423773098968,-5.0225357622687765
1,2,0.0005422601825557649,0.0005422601825557649,0.11300649791354545,-5.021993502086221
0,2,-0.004410846158862114,-0.004410846158862114,0.10859565175468333,-5.026404348245083
0,2,-0.004916646052151918,-0.004916646052151918,0.10367900570253141,-5.031320994297235
2,2,0.007574979215860367,0.007574979215860367,0.11125398491839178,-5.023746015081374
0,2,-0.0027723514940589666,-0.0027723514940589666,0.10848163342433281,-5.026518366575433
0,2,-0.005476817488670349,-0.005476817488670349,0.10300481593566246,-5.031995184064104
0,2,-0.0059753283858299255,-0.0059753283858299255,0.09702948754983254,-5.037970512449934
2,2,0.0018561233300715685,0.0018561233300715685,0.0988856108799041,-5.036114389119862
2,2,0.004315569531172514,0.004315569531172514,0.10320118041107662,-5.03179881958869
1,1,-0.0,-0.001,0.10320118041107662,-5.03279881958869
0,1,-0.0,-0.0,0.10320118041107662,-5.03279881958869
0,1,-0.0,-0.0,0.10320118041107662,-5.03279881958869
2,2,0.006607538554817438,0.005607538554817438,0.10980871896589406,-5.027191281033873
2,1,0.0,-0.001,0.10980871896589406,-5.028191281033873
1,0,0.00014581506547983736,-0.0008541849345201627,0.1099545340313739,-5.029045465968394
1,1,0.0,-0.001,0.1099545340313739,-5.030045465968394
1,2,0.00046180817298591137,-0.0005381918270140887,0.11041634220435981,-5.030583657795408
2,2,0.002750441897660494,0.002750441897660494,0.1131667841020203,-5.027833215897748
1,0,0.00013117394701112062,-0.0018688260529888794,0.11329795804903142,-5.029702041950737
0,1,-0.0,-0.001,0.11329795804903142,-5.030702041950737
1,2,-0.0010085876565426588,-0.002008587656542659,0.11228937039248876,-5.03271062960728
2,2,0.0024415142834186554,0.0024415142834186554,0.11473088467590742,-5.030269115323861
0,1,-0.0,-0.001,0.11473088467590742,-5.031269115323862
2,0,-0.002717861905694008,-0.003717861905694008,0.11201302277021341,-5.034986977229556
1,1,0.0,-0.001,0.11201302277021341,-5.035986977229556
2,0,-0.017586668953299522,-0.018586668953299523,0.09442635381691389,-5.054573646182856
0,0,0.001877778209745884,0.001877778209745884,0.09630413202665977,-5.05269586797311
2,2,0.0072575900703668594,0.005257590070366859,0.10356172209702663,-5.047438277902743
2,0,-0.0068031782284379005,-0.0088031782284379,0.09675854386858873,-5.056241456131181
1,0,0.00021610518160741776,0.00021610518160741776,0.09697464905019615,-5.056025350949573
0,0,0.0016786829801276326,0.0016786829801276326,0.09865333203032378,-5.054346667969446
1,0,0.0007655189838260412,0.0007655189838260412,0.09941885101414982,-5.05358114898562
1,2,-0.00003701364403241314,-0.002037013644032413,0.09938183737011741,-5.055618162629652
1,1,0.0,-0.001,0.09938183737011741,-5.056618162629652
2,1,0.0,0.0,0.09938183737011741,-5.056618162629652
2,1,0.0,0.0,0.09938183737011741,-5.056618162629652
2,1,0.0,0.0,0.09938183737011741,-5.056618162629652
0,0,0.003378804074600339,0.002378804074600339,0.10276064144471775,-5.054239358555052
0,1,-0.0,-0.001,0.10276064144471775,-5.055239358555053
0,1,-0.0,-0.0,0.10276064144471775,-5.055239358555053
2,1,0.0,0.0,0.10276064144471775,-5.055239358555053
1,1,-0.0,-0.0,0.10276064144471775,-5.055239358555053
2,1,0.0,0.0,0.10276064144471775,-5.055239358555053
0,1,-0.0,-0.0,0.10276064144471775,-5.055239358555053
0,2,-0.004091736860573292,-0.005091736860573292,0.09866890458414446,-5.060331095415626
2,2,0.0033819160889834166,0.0033819160889834166,0.10205082067312787,-5.056949179326643
0,0,0.001486096065491438,-0.0005139039345085621,0.10353691673861931,-5.057463083261151
1,2,-0.00013654481153935194,-0.002136544811539352,0.10340037192707996,-5.05959962807269
2,2,0.0010688191978260875,0.0010688191978260875,0.10446919112490605,-5.058530808874864
2,2,0.006649182178080082,0.006649182178080082,0.11111837330298613,-5.051881626696784
1,0,0.0007063140510581434,-0.0012936859489418567,0.11182468735404427,-5.053175312645726
2,2,0.004318498075008392,0.0023184980750083923,0.11614318542905266,-5.050856814570717
1,0,-0.00042498737457208335,-0.0024249873745720834,0.11571819805448058,-5.053281801945289
0,0,0.004700487479567528,0.004700487479567528,0.12041868553404811,-5.0485813144657214
0,0,0.0009938784642145038,0.0009938784642145038,0.12141256399826261,-5.047587436001507
0,0,0.003018873743712902,0.003018873743712902,0.12443143774197551,-5.044568562257794
2,2,0.0018074928084388375,-0.0001925071915611625,0.12623893055041435,-5.044761069449355
1,0,0.00014359882334247231,-0.0018564011766575277,0.12638252937375682,-5.046617470626012
0,0,0.0020600564312189817,0.0020600564312189817,0.1284425858049758,-5.044557414194793
1,1,0.0,-0.001,0.1284425858049758,-5.045557414194794
0,2,-0.0017072564223781228,-0.002707256422378123,0.12673532938259768,-5.048264670617172
0,2,-0.00266289827413857,-0.00266289827413857,0.12407243110845911,-5.050927568891311
2,2,0.00225714105181396,0.00225714105181396,0.12632957216027307,-5.048670427839497
0,0,0.0013604180421680212,-0.0006395819578319788,0.1276899902024411,-5.0493100097973285
1,0,0.0003413223894312978,0.0003413223894312978,0.1280313125918724,-5.048968687407897
1,2,0.00046569196274504066,-0.0015343080372549594,0.12849700455461743,-5.050502995445152
2,0,-0.004135902505367994,-0.006135902505367994,0.12436110204924944,-5.05663889795052
0,0,0.002169238869100809,0.002169238869100809,0.12653034091835025,-5.054469659081419
0,0,0.008360606618225574,0.008360606618225574,0.13489094753657582,-5.046109052463193
0,2,-0.0017317829187959433,-0.0037317829187959433,0.13315916461777988,-5.049840835381989
1,2,-0.0005748074618168175,-0.0005748074618168175,0.13258435715596306,-5.050415642843806
2,0,-0.0020472086034715176,-0.004047208603471518,0.13053714855249154,-5.054462851447277
1,0,-0.0005477986414916813,-0.0005477986414916813,0.12998934991099986,-5.055010650088769
0,0,0.00453150412067771,0.00453150412067771,0.13452085403167757,-5.050479145968091
2,2,0.006389044225215912,0.004389044225215912,0.14090989825689348,-5.046090101742875
2,0,-0.0025986770633608103,-0.00459867706336081,0.13831122119353267,-5.050688778806236
2,0,-0.002494735410436988,-0.002494735410436988,0.1358164857830957,-5.053183514216673
0,0,0.0034171745646744967,0.0034171745646744967,0.13923366034777018,-5.049766339651998
0,2,-0.006456035189330578,-0.008456035189330578,0.1327776251584396,-5.058222374841328
2,2,0.0027585248462855816,0.0027585248462855816,0.1355361500047252,-5.055463849995043
1,2,0.0004019675252493471,0.0004019675252493471,0.13593811752997453,-5.0550618824697935
0,0,0.002454628236591816,0.0004546282365918159,0.13839274576656635,-5.0546072542332015
1,2,0.0007440192275680602,-0.0012559807724319399,0.1391367649941344,-5.055863235005633
0,1,-0.0,-0.001,0.1391367649941344,-5.0568632350056335
0,2,-0.002156525617465377,-0.003156525617465377,0.13698023937666903,-5.060019760623099
1,2,0.0008738124743103981,0.0008738124743103981,0.13785405185097943,-5.059145948148789
0,2,-0.0053324149921536446,-0.0053324149921536446,0.1325216368588258,-5.0644783631409425
1,2,-0.0010114287724718451,-0.0010114287724718451,0.13151020808635394,-5.065489791913414
2,2,0.001385259791277349,0.001385259791277349,0.1328954678776313,-5.064104532122137
0,2,-0.001322094234637916,-0.001322094234637916,0.13157337364299337,-5.065426626356775
0,2,-0.010231572203338146,-0.010231572203338146,0.12134180143965523,-5.075658198560113
2,2,0.0017209945945069194,0.0017209945945069194,0.12306279603416215,-5.073937203965606
0,2,-0.0019064039224758744,-0.0019064039224758744,0.12115639211168627,-5.075843607888082
1,2,0.000952781701926142,0.000952781701926142,0.12210917381361241,-5.074890826186156
2,2,0.001612044288776815,0.001612044288776815,0.12372121810238923,-5.073278781897379
2,2,0.0030191184487193823,0.0030191184487193823,0.1267403365511086,-5.07025966344866
2,0,-0.001867361948825419,-0.003867361948825419,0.1248729746022832,-5.074127025397485
0,0,0.0031370834913104773,0.0031370834913104773,0.12801005809359367,-5.070989941906174
1,2,0.0008592221420258284,-0.0011407778579741717,0.1288692802356195,-5.072130719764148
1,0,-0.00031679440871812403,-0.002316794408718124,0.12855248582690137,-5.074447514172866
2,0,-0.004390890244394541,-0.004390890244394541,0.12416159558250683,-5.078838404417261
2,0,-0.0022354116663336754,-0.0022354116663336754,0.12192618391617316,-5.081073816083594
2,0,-0.007142716087400913,-0.007142716087400913,0.11478346782877225,-5.088216532170995
2,0,-0.0032713094260543585,-0.0032713094260543585,0.11151215840271789,-5.09148784159705
0,0,0.0015407196478918195,0.0015407196478918195,0.1130528780506097,-5.089947121949158
1,0,0.0006361045525409281,0.0006361045525409281,0.11368898260315063,-5.089311017396617
1,0,0.00015596974117215723,0.00015596974117215723,0.11384495234432279,-5.089155047655445
0,1,-0.0,-0.001,0.11384495234432279,-5.090155047655445
1,1,-0.0,-0.0,0.11384495234432279,-5.090155047655445
1,1,-0.0,-0.0,0.11384495234432279,-5.090155047655445
1,1,0.0,0.0,0.11384495234432279,-5.090155047655445
1,1,0.0,0.0,0.11384495234432279,-5.090155047655445
2,2,0.0007849330431781709,-0.0002150669568218291,0.11462988538750096,-5.090370114612267
0,0,0.0007789925439283252,-0.0012210074560716749,0.11540887793142929,-5.091591122068339
1,0,6.253129640754196e-7,6.253129640754196e-7,0.11540950324439336,-5.091590496755375
1,1,0.0,-0.001,0.11540950324439336,-5.092590496755375
1,0,-0.000360674544936046,-0.001360674544936046,0.11504882869945732,-5.093951171300311
1,0,-0.000050934013415826485,-0.000050934013415826485,0.11499789468604149,-5.094002105313727
1,0,0.0002851701283361763,0.0002851701283361763,0.11528306481437767,-5.093716935185391
1,0,-0.0004479540803004056,-0.0004479540803004056,0.11483511073407726,-5.094164889265691
2,0,-0.0008347496041096747,-0.0008347496041096747,0.11400036112996759,-5.094999638869801
2,0,-0.0023090264294296503,-0.0023090264294296503,0.11169133470053794,-5.097308665299231
0,0,0.0017455819761380553,0.0017455819761380553,0.11343691667667599,-5.095563083323093
1,0,-0.0003119346220046282,-0.0003119346220046282,0.11312498205467136,-5.095875017945097
1,2,-0.000044912587327416986,-0.002044912587327417,0.11308006946734395,-5.0979199305324245
2,0,-0.0028086102101951838,-0.004808610210195184,0.11027145925714876,-5.1027285407426195
2,0,-0.002746000187471509,-0.002746000187471509,0.10752545906967725,-5.105474540930091
2,0,-0.000498012697789818,-0.000498012697789818,0.10702744637188744,-5.105972553627881
2,0,-0.0006257302593439817,-0.0006257302593439817,0.10640171611254345,-5.106598283887225
2,0,-0.002169820014387369,-0.002169820014387369,0.10423189609815608,-5.108768103901612
2,0,-0.0005981855210848153,-0.0005981855210848153,0.10363371057707127,-5.109366289422697
2,0,-0.0011321882484480739,-0.0011321882484480739,0.1025015223286232,-5.110498477671145
2,0,-0.0004500179784372449,-0.0004500179784372449,0.10205150435018595,-5.110948495649582
0,0,0.0006501767202280462,0.0006501767202280462,0.102701681070414,-5.110298318929354
0,0,0.00040275376522913575,0.00040275376522913575,0.10310443483564313,-5.109895565164125
2,0,-0.0009262918028980494,-0.0009262918028980494,0.10217814303274508,-5.110821856967023
0,0,0.0018501969752833247,0.0018501969752833247,0.10402834000802841,-5.10897165999174
1,2,0.00021618472237605602,-0.001783815277623944,0.10424452473040446,-5.110755475269364
1,0,-0.0000593305921938736,-0.0020593305921938736,0.10418519413821059,-5.112814805861557
1,0,0.0001903647935250774,0.0001903647935250774,0.10437555893173567,-5.112624441068032
1,0,9.89007003227016e-6,9.89007003227016e-6,0.10438544900176794,-5.112614550998
1,0,0.000055015301768435165,0.000055015301768435165,0.10444046430353637,-5.1125595356962314
0,0,0.0030568642541766167,0.0030568642541766167,0.10749732855771299,-5.109502671442055
2,2,0.0013169129379093647,-0.0006830870620906353,0.10881424149562235,-5.110185758504145
0,0,0.0019736159592866898,-0.000026384040713310283,0.11078785745490904,-5.110212142544858
1,2,-0.0004109882574994117,-0.0024109882574994117,0.11037686919740963,-5.1126231308023575
2,0,-0.0006540264002978802,-0.00265402640029788,0.10972284279711175,-5.115277157202655
2,0,-0.0017006988637149334,-0.0017006988637149334,0.10802214393339682,-5.11697785606637
1,0,0.0001199891121359542,0.0001199891121359542,0.10814213304553277,-5.116857866954234
0,0,0.0007217866368591785,0.0007217866368591785,0.10886391968239195,-5.116136080317375
1,0,-0.00014161037688609213,-0.00014161037688609213,0.10872230930550586,-5.116277690694261
0,0,0.0019829755183309317,0.0019829755183309317,0.11070528482383679,-5.11429471517593
2,0,-0.0006609117262996733,-0.0006609117262996733,0.11004437309753712,-5.11495562690223
2,0,-0.0011381523218005896,-0.0011381523218005896,0.10890622077573653,-5.11609377922403
0,0,0.0018648842815309763,0.0018648842815309763,0.1107711050572675,-5.114228894942499
2,0,-0.004011457320302725,-0.004011457320302725,0.10675964773696478,-5.118240352262802
2,0,-0.0007398923626169562,-0.0007398923626169562,0.10601975537434782,-5.118980244625419
0,0,0.0026099137030541897,0.0026099137030541897,0.10862966907740201,-5.116370330922365
2,0,-0.00114830385427922,-0.00114830385427922,0.1074813652231228,-5.117518634776644
2,0,-0.003077360335737467,-0.003077360335737467,0.10440400488738533,-5.120595995112382
2,0,-0.0006569157703779638,-0.0006569157703779638,0.10374708911700736,-5.12125291088276
0,0,0.005096842534840107,0.005096842534840107,0.10884393165184747,-5.1161560683479195
0,2,-0.0064042555168271065,-0.008404255516827107,0.10243967613502036,-5.124560323864746
0,2,-0.0032803870271891356,-0.0032803870271891356,0.09915928910783123,-5.1278407108919355
2,2,0.005647997371852398,0.005647997371852398,0.10480728647968363,-5.122192713520083
0,0,0.0035848242696374655,0.0015848242696374654,0.10839211074932109,-5.120607889250445
2,0,-0.002331550233066082,-0.002331550233066082,0.10606056051625501,-5.1229394394835115
2,2,0.0015825600130483508,-0.00041743998695164923,0.10764312052930336,-5.123356879470463
2,0,-0.010840210132300854,-0.012840210132300854,0.0968029103970025,-5.1361970896027636
0,0,0.005584778264164925,0.005584778264164925,0.10238768866116743,-5.130612311338599
0,2,-0.004589569289237261,-0.006589569289237261,0.09779811937193017,-5.137201880627836
1,2,0.0011183597380295396,0.0011183597380295396,0.09891647910995971,-5.136083520889806
2,0,-0.01819443702697754,-0.02019443702697754,0.08072204208298217,-5.1562779579167834
1,0,0.0013767356285825372,0.0013767356285825372,0.08209877771156471,-5.154901222288201
1,0,-0.00121254229452461,-0.00121254229452461,0.0808862354170401,-5.1561137645827255
0,1,-0.0,-0.001,0.0808862354170401,-5.157113764582726
1,2,-0.001503428560681641,-0.002503428560681641,0.07938280685635846,-5.159617193143408
2,1,0.0,-0.001,0.07938280685635846,-5.160617193143408
1,1,-0.0,-0.0,0.07938280685635846,-5.160617193143408
0,1,-0.0,-0.0,0.07938280685635846,-5.160617193143408
1,1,0.0,0.0,0.07938280685635846,-5.160617193143408
2,1,0.0,0.0,0.07938280685635846,-5.160617193143408
0,1,-0.0,-0.0,0.07938280685635846,-5.160617193143408
2,1,0.0,0.0,0.07938280685635846,-5.160617193143408
2,1,0.0,0.0,0.07938280685635846,-5.160617193143408
1,1,-0.0,-0.0,0.07938280685635846,-5.160617193143408
2,1,0.0,0.0,0.07938280685635846,-5.160617193143408
2,1,0.0,0.0,0.07938280685635846,-5.160617193143408
2,0,-0.004146263003349304,-0.005146263003349304,0.07523654385300915,-5.165763456146758
1,0,-0.0005978251574561,-0.0005978251574561,0.07463871869555305,-5.166361281304214
1,0,-0.0009892964735627174,-0.0009892964735627174,0.07364942222199033,-5.167350577777777
0,0,0.0016907729441300035,0.0016907729441300035,0.07534019516612034,-5.165659804833647
2,0,-0.0024989903904497623,-0.0024989903904497623,0.07284120477567058,-5.168158795224096
2,0,-0.003208775073289871,-0.003208775073289871,0.0696324297023807,-5.171367570297386
2,0,-0.0034074096474796534,-0.0034074096474796534,0.06622502005490105,-5.174774979944866
1,0,-0.0008426359272561967,-0.0008426359272561967,0.06538238412764485,-5.175617615872122
0,0,0.002482946729287505,0.002482946729287505,0.06786533085693236,-5.173134669142835
0,0,0.002019689418375492,0.002019689418375492,0.06988502027530785,-5.171114979724459
0,0,0.005032930988818407,0.005032930988818407,0.07491795126412626,-5.166082048735641
2,2,0.0016902105417102575,-0.0003097894582897425,0.07660816180583652,-5.16639183819393
2,0,-0.0018801689147949219,-0.003880168914794922,0.0747279928910416,-5.170272007108725
1,0,0.0005749284173361957,0.0005749284173361957,0.07530292130837779,-5.169697078691389
1,1,-0.0,-0.001,0.07530292130837779,-5.170697078691389
0,1,-0.0,-0.0,0.07530292130837779,-5.170697078691389
2,2,0.0037955737207084894,0.0027955737207084894,0.07909849502908628,-5.167901504970681
2,0,-0.0009732902981340885,-0.0029732902981340886,0.07812520473095219,-5.170874795268815
0,0,0.00282095605507493,0.00282095605507493,0.08094616078602712,-5.16805383921374
0,0,0.001795590971596539,0.001795590971596539,0.08274175175762366,-5.166258248242143
0,2,-0.0015713368775323033,-0.0035713368775323034,0.08117041488009136,-5.169829585119675
2,2,0.0025801153387874365,0.0025801153387874365,0.0837505302188788,-5.167249469780888
0,0,0.006137257441878319,0.004137257441878319,0.08988778766075711,-5.163112212339009
1,2,-0.0006151199922896922,-0.002615119992289692,0.08927266766846742,-5.165727332331299
0,2,-0.0013788363430649042,-0.0013788363430649042,0.08789383132540252,-5.167106168674364
2,2,0.0021918907295912504,0.0021918907295912504,0.09008572205499377,-5.1649142779447725
0,2,-0.000909063674043864,-0.000909063674043864,0.0891766583809499,-5.165823341618816
2,2,0.0017885343404486775,0.0017885343404486775,0.09096519272139858,-5.164034807278368
1,2,-0.0004946260014548898,-0.0004946260014548898,0.09047056671994369,-5.164529433279823
0,2,-0.0057326676324009895,-0.0057326676324009895,0.0847378990875427,-5.170262100912224
2,2,0.0047934772446751595,0.0047934772446751595,0.08953137633221786,-5.165468623667548
0,0,0.00238961074501276,0.0003896107450127601,0.09192098707723062,-5.1650790129225355
2,2,0.0038441698998212814,0.0018441698998212814,0.0957651569770519,-5.163234843022714
2,0,-0.0027460698038339615,-0.0047460698038339615,0.09301908717321794,-5.167980912826548
0,0,0.003099817782640457,0.003099817782640457,0.0961189049558584,-5.164881095043907
0,2,-0.0019492198480293155,-0.0039492198480293155,0.09416968510782908,-5.168830314891936
1,2,0.0004207295423839241,0.0004207295423839241,0.094590414650213,-5.168409585349552
1,0,0.00005324519952409901,-0.001946754800475901,0.0946436598497371,-5.170356340150028
2,2,0.0023151386994868517,0.00031513869948685165,0.09695879854922396,-5.170041201450541
1,1,-0.0,-0.001,0.09695879854922396,-5.171041201450541
2,0,-0.0010641755070537329,-0.002064175507053733,0.09589462304217022,-5.173105376957595
1,1,-0.0,-0.001,0.09589462304217022,-5.174105376957596
0,2,-0.003460358828306198,-0.004460358828306198,0.09243426421386403,-5.178565735785902
1,2,-0.0003746714210137725,-0.0003746714210137725,0.09205959279285025,-5.178940407206916
0,2,-0.0021725469268858433,-0.0021725469268858433,0.08988704586596441,-5.181112954133802
1,2,-0.000701559241861105,-0.000701559241861105,0.0891854866241033,-5.181814513375663
2,2,0.0011351981665939093,0.0011351981665939093,0.09032068479069721,-5.180679315209069
2,2,0.0015057690907269716,0.0015057690907269716,0.09182645388142419,-5.179173546118342
0,0,0.005301610566675663,0.003301610566675663,0.09712806444809985,-5.175871935551666
2,2,0.0029123774729669094,0.0009123774729669094,0.10004044192106676,-5.174959558078699
1,0,-0.00009019445860758424,-0.0020901944586075843,0.09995024746245917,-5.1770497525373065
2,2,0.0015387554885819554,-0.0004612445114180446,0.10148900295104113,-5.177510997048724
0,0,0.002814879873767495,0.0008148798737674951,0.10430388282480862,-5.176696117174957
0,0,0.0059388685040175915,0.0059388685040175915,0.11024275132882622,-5.170757248670939
0,2,-0.00441440986469388,-0.00641440986469388,0.10582834146413234,-5.177171658535633
1,2,0.0004621311672963202,0.0004621311672963202,0.10629047263142866,-5.176709527368336
1,2,0.0007449082331731915,0.0007449082331731915,0.10703538086460185,-5.175964619135163
0,0,0.0031071172561496496,0.0011071172561496496,0.1101424981207515,-5.174857501879013
0,0,0.0011676624417304993,0.0011676624417304993,0.111310160562482,-5.173689839437283
2,2,0.0029000318609178066,0.0009000318609178066,0.1142101924233998,-5.172789807576365
1,0,0.0003419776912778616,-0.0016580223087221384,0.11455217011467766,-5.174447829885087
2,2,0.004624206107109785,0.002624206107109785,0.11917637622178745,-5.171823623777977
1,0,-0.00034239504020661116,-0.002342395040206611,0.11883398118158084,-5.174166018818183
1,0,-0.0003930495586246252,-0.0003930495586246252,0.11844093162295621,-5.174559068376808
0,0,0.0014806471299380064,0.0014806471299380064,0.11992157875289422,-5.17307842124687
0,2,-0.0019216913497075438,-0.003921691349707544,0.11799988740318668,-5.177000112596577
2,0,-0.001722436398267746,-0.003722436398267746,0.11627745100491893,-5.1807225489948445
1,0,-0.00047602594713680446,-0.00047602594713680446,0.11580142505778213,-5.181198574941981
2,0,-0.005203356966376305,-0.005203356966376305,0.11059806809140582,-5.186401931908358
0,0,0.0021212061401456594,0.0021212061401456594,0.11271927423155148,-5.184280725768212
1,0,-0.00010716226825024933,-0.00010716226825024933,0.11261211196330123,-5.184387888036462
2,1,0.0,-0.001,0.11261211196330123,-5.1853878880364626
1,0,-0.00042680895421653986,-0.0014268089542165399,0.11218530300908469,-5.186814696990679
0,0,0.00302395923063159,0.00302395923063159,0.11520926223971628,-5.183790737760048
0,2,-0.002899201586842537,-0.004899201586842537,0.11231006065287374,-5.18868993934689
0,0,0.0025084754452109337,0.0005084754452109336,0.11481853609808468,-5.188181463901679
2,2,0.0020522421691566706,0.00005224216915667053,0.11687077826724135,-5.188129221732522
0,0,0.0046729170717298985,0.0026729170717298984,0.12154369533897125,-5.185456304660792
0,2,-0.009687867946922779,-0.011687867946922779,0.11185582739204847,-5.1971441726077146
0,2,-0.0015652377624064684,-0.0015652377624064684,0.110290589629642,-5.198709410370121
1,0,-0.0006044527981430292,-0.0026044527981430293,0.10968613683149897,-5.201313863168264
0,2,-0.0021217975299805403,-0.00412179752998054,0.10756433930151843,-5.205435660698244
2,2,0.003465017769485712,0.003465017769485712,0.11102935707100414,-5.201970642928758
2,0,-0.001432441989891231,-0.003432441989891231,0.10959691508111291,-5.2054030849186494
1,0,0.000726552156265825,0.000726552156265825,0.11032346723737874,-5.204676532762384
1,2,-0.0008581294678151608,-0.002858129467815161,0.10946533776956358,-5.207534662230199
1,2,-0.00023736563161946833,-0.00023736563161946833,0.10922797213794411,-5.207772027861818
1,2,0.00021835352526977658,0.00021835352526977658,0.10944632566321388,-5.207553674336548
1,2,-0.0004523455281741917,-0.0004523455281741917,0.10899398013503969,-5.2080060198647224
0,2,-0.0010354596888646483,-0.0010354596888646483,0.10795852044617504,-5.209041479553587
1,2,-0.00008740329940337688,-0.00008740329940337688,0.10787111714677167,-5.2091288828529905
1,2,-0.0002499219262972474,-0.0002499219262972474,0.10762119522047442,-5.209378804779288
1,2,0.0005206912173889577,0.0005206912173889577,0.10814188643786338,-5.208858113561899
2,2,0.0014984392328187823,0.0014984392328187823,0.10964032567068216,-5.20735967432908
0,0,0.002456370973959565,0.0004563709739595651,0.11209669664464172,-5.20690330335512
1,2,-0.00021869191550649703,-0.002218691915506497,0.11187800472913523,-5.2091219952706265
1,2,-0.00010623904381645843,-0.00010623904381645843,0.11177176568531877,-5.209228234314443
0,2,-0.0019884388893842697,-0.0019884388893842697,0.1097833267959345,-5.211216673203827
2,2,0.0019382837926968932,0.0019382837926968932,0.11172161058863139,-5.20927838941113
2,0,-0.0010933085577562451,-0.003093308557756245,0.11062830203087515,-5.212371697968886
1,0,0.00009349586616735905,0.00009349586616735905,0.1107217978970425,-5.212278202102719
2,0,-0.0009328500600531697,-0.0009328500600531697,0.10978894783698934,-5.213211052162772
2,0,-0.0007513886084780097,-0.0007513886084780097,0.10903755922851133,-5.21396244077125
2,0,-0.0006548998644575477,-0.0006548998644575477,0.10838265936405378,-5.214617340635708
0,0,0.0004990808083675802,0.0004990808083675802,0.10888174017242136,-5.21411825982734
2,0,-0.0003832115908153355,-0.0003832115908153355,0.10849852858160602,-5.2145014714181555
2,0,-0.0009464950999245048,-0.0009464950999245048,0.10755203348168152,-5.21544796651808
2,0,-0.002309389878064394,-0.002309389878064394,0.10524264360361713,-5.217757356396144
0,0,0.0004287121701054275,0.0004287121701054275,0.10567135577372255,-5.217328644226039
0,2,-0.0007555458578281105,-0.0027555458578281105,0.10491580991589444,-5.220084190083867
1,0,-0.00006636423495365307,-0.002066364234953653,0.10484944568094079,-5.22215055431882
2,0,-0.00105595076456666,-0.00105595076456666,0.10379349491637413,-5.223206505083387
0,0,0.0005745921516790986,0.0005745921516790986,0.10436808706805323,-5.222631912931708
2,2,0.0020482309628278017,0.00004823096282780166,0.10641631803088103,-5.22258368196888
0,0,0.0006976871518418193,-0.0013023128481581808,0.10711400518272285,-5.223885994817038
2,0,-0.0010165164712816477,-0.0010165164712816477,0.1060974887114412,-5.224902511288319
2,0,-0.00045613510883413255,-0.00045613510883413255,0.10564135360260707,-5.2253586463971535
0,0,0.0004173927300143987,0.0004173927300143987,0.10605874633262147,-5.224941253667139
0,0,0.0017428769497200847,0.0017428769497200847,0.10780162328234155,-5.223198376717419
2,2,0.00031523636425845325,-0.0016847636357415468,0.1081168596466,-5.22488314035316
0,0,0.0010558351641520858,-0.0009441648358479143,0.10917269481075209,-5.225827305189008
2,2,0.0017075672512874007,-0.0002924327487125993,0.11088026206203949,-5.2261197379377204
2,0,-0.0008989443304017186,-0.0028989443304017187,0.10998131773163777,-5.229018682268122
0,0,0.0003502426261547953,0.0003502426261547953,0.11033156035779257,-5.228668439641967
1,0,0.00012478420103434473,0.00012478420103434473,0.11045634455882691,-5.228543655440933
0,0,0.0006308247684501112,0.0006308247684501112,0.11108716932727702,-5.227912830672483
2,2,0.0007959085633046925,-0.0012040914366953075,0.11188307789058172,-5.229116922109178
2,2,0.0030176995787769556,0.0030176995787769556,0.11490077746935867,-5.226099222530401
2,0,-0.0008497000671923161,-0.002849700067192316,0.11405107740216636,-5.228948922597593
0,0,0.0005224623018875718,0.0005224623018875718,0.11457353970405393,-5.228426460295705
0,0,0.0005712680285796523,0.0005712680285796523,0.11514480773263358,-5.227855192267126
2,2,0.0005745120579376817,-0.0014254879420623184,0.11571931979057126,-5.229280680209188
0,0,0.000600479485001415,-0.001399520514998585,0.11631979927557268,-5.230680200724186
0,0,0.0007187005248852074,0.0007187005248852074,0.11703849980045788,-5.229961500199301
2,2,0.003227317240089178,0.001227317240089178,0.12026581704054706,-5.2287341829592116
2,0,-0.008515550754964352,-0.010515550754964352,0.11175026628558271,-5.239249733714176
1,0,0.00019401790632400662,0.00019401790632400662,0.11194428419190672,-5.239055715807852
0,0,0.004106893204152584,0.004106893204152584,0.1160511773960593,-5.234948822603699
2,2,0.0011394976172596216,-0.0008605023827403784,0.11719067501331892,-5.235809324986439
1,0,0.0005247809458523989,-0.0014752190541476012,0.11771545595917132,-5.237284544040587
2,0,-0.001717054401524365,-0.001717054401524365,0.11599840155764696,-5.239001598442111
1,0,0.00001838139542087447,0.00001838139542087447,0.11601678295306783,-5.23898321704669
2,2,0.0028386760968714952,0.0008386760968714952,0.11885545904993933,-5.238144540949818
0,0,0.0007887832471169531,-0.001211216752883047,0.11964424229705628,-5.239355757702701
0,2,-0.0029818126931786537,-0.004981812693178654,0.11666242960387763,-5.24433757039588
0,2,-0.0009051657398231328,-0.0009051657398231328,0.1157572638640545,-5.245242736135703
2,2,0.0015210259007290006,0.0015210259007290006,0.1172782897647835,-5.243721710234974
2,0,-0.0010900833876803517,-0.0030900833876803518,0.11618820637710314,-5.246811793622654
0,0,0.0035659412387758493,0.0035659412387758493,0.11975414761587899,-5.243245852383878
1,2,-0.00022721198911312968,-0.0022272119891131297,0.11952693562676586,-5.245473064372991
2,2,0.0020163722801953554,0.0020163722801953554,0.12154330790696122,-5.243456692092796
0,0,0.008158634416759014,0.006158634416759014,0.12970194232372023,-5.237298057676036
0,2,-0.002064972650259733,-0.004064972650259733,0.1276369696734605,-5.241363030326296
2,0,-0.00532258115708828,-0.00732258115708828,0.12231438851637222,-5.248685611483384
2,0,-0.001867173588834703,-0.001867173588834703,0.12044721492753752,-5.250552785072219
0,0,0.002183409407734871,0.002183409407734871,0.12263062433527239,-5.248369375664484
2,1,0.0,-0.001,0.12263062433527239,-5.249369375664484
1,1,-0.0,-0.0,0.12263062433527239,-5.249369375664484
0,2,-0.0021482203155755997,-0.0031482203155755997,0.12048240401969679,-5.25251759598006
0,2,-0.01600569114089012,-0.01600569114089012,0.10447671287880667,-5.26852328712095
1,2,-0.0005666892393492162,-0.0005666892393492162,0.10391002363945745,-5.269089976360299
0,2,-0.004212080035358667,-0.004212080035358667,0.09969794360409878,-5.273302056395658
0,2,-0.004057022742927074,-0.004057022742927074,0.09564092086117171,-5.277359079138585
1,0,0.0007157298387028277,-0.0012842701612971723,0.09635665069987454,-5.278643349299882
2,2,0.0025012376718223095,0.0005012376718223095,0.09885788837169684,-5.27814211162806
1,0,-0.00011239610466873273,-0.0021123961046687328,0.09874549226702811,-5.280254507732728
2,2,0.001587665406987071,-0.000412334593012929,0.10033315767401518,-5.280666842325741
2,2,0.0029745346400886774,0.0029745346400886774,0.10330769231410386,-5.277692307685652
0,1,-0.0,-0.001,0.10330769231410386,-5.2786923076856525
1,2,-0.0012275665067136288,-0.002227566506713629,0.10208012580739023,-5.280919874192366
1,2,-0.0005376036278903484,-0.0005376036278903484,0.10154252217949988,-5.281457477820257
1,2,0.0012529613450169563,0.0012529613450169563,0.10279548352451684,-5.28020451647524
1,1,-0.0,-0.001,0.10279548352451684,-5.28120451647524
2,2,0.001522087724879384,0.000522087724879384,0.10431757124939622,-5.280682428750361
0,1,-0.0,-0.001,0.10431757124939622,-5.281682428750361
2,2,0.004876055289059877,0.0038760552890598774,0.1091936265384561,-5.277806373461302
2,2,0.008104587905108929,0.008104587905108929,0.11729821444356503,-5.269701785556193
2,0,-0.0017939904937520623,-0.0037939904937520624,0.11550422394981297,-5.273495776049945
0,0,0.005595918744802475,0.005595918744802475,0.12110014269461544,-5.267899857305142
1,2,0.0007629863684996963,-0.0012370136315003038,0.12186312906311514,-5.269136870936642
2,1,0.0,-0.001,0.12186312906311514,-5.270136870936643
1,0,-0.00021201433264650404,-0.001212014332646504,0.12165111473046863,-5.27134888526929
1,2,0.0008583940798416734,-0.0011416059201583267,0.12250950881031031,-5.272490491189448
0,1,-0.0,-0.001,0.12250950881031031,-5.273490491189448
2,2,0.0020562470890581608,0.0010562470890581608,0.12456575589936847,-5.27243424410039
1,0,-0.0006098429439589381,-0.002609842943958938,0.12395591295540953,-5.275044087044349
0,0,0.003899924224242568,0.003899924224242568,0.1278558371796521,-5.271144162820106
2,2,0.004305914975702763,0.0023059149757027626,0.13216175215535486,-5.268838247844403
0,0,0.003553197020664811,0.001553197020664811,0.13571494917601967,-5.267285050823738
2,2,0.0033715611789375544,0.0013715611789375543,0.13908651035495723,-5.2659134896448005
2,0,-0.0015461320290341973,-0.0035461320290341974,0.13754037832592303,-5.2694596216738345
2,0,-0.005732180085033178,-0.005732180085033178,0.13180819824088985,-5.275191801758868
2,0,-0.0019439274910837412,-0.0019439274910837412,0.1298642707498061,-5.2771357292499514
0,0,0.002228127559646964,0.002228127559646964,0.13209239830945307,-5.2749076016903045
2,0,-0.004347903188318014,-0.004347903188318014,0.12774449512113506,-5.2792555048786225
0,0,0.0035329267848283052,0.0035329267848283052,0.13127742190596337,-5.275722578093794
1,0,-0.0005847537540830672,-0.0005847537540830672,0.1306926681518803,-5.276307331847877
0,1,-0.0,-0.001,0.1306926681518803,-5.277307331847878
2,0,-0.006016544532030821,-0.007016544532030821,0.12467612361984948,-5.284323876379909
0,0,0.008646140806376934,0.008646140806376934,0.1333222644262264,-5.275677735573532
0,2,-0.0022487356327474117,-0.004248735632747412,0.131073528793479,-5.279926471206279
0,2,-0.0024368353188037872,-0.0024368353188037872,0.1286366934746752,-5.282363306525083
2,2,0.007206568028777838,0.007206568028777838,0.13584326150345305,-5.275156738496305
2,0,-0.003598475130274892,-0.005598475130274892,0.13224478637317816,-5.28075521362658
0,0,0.014241056516766548,0.014241056516766548,0.1464858428899447,-5.266514157109813
1,2,-0.0010612732730805874,-0.0030612732730805874,0.14542456961686412,-5.269575430382893
2,2,0.0053067272529006,0.0053067272529006,0.15073129686976472,-5.264268703129993
1,0,-0.001291054766625166,-0.003291054766625166,0.14944024210313955,-5.267559757896618
1,1,0.0,-0.001,0.14944024210313955,-5.268559757896618
0,1,-0.0,-0.0,0.14944024210313955,-5.268559757896618
2,2,0.008897650055587292,0.00789765005558729,0.15833789215872685,-5.260662107841031
1,0,0.0011834404431283474,-0.0008165595568716526,0.1595213326018552,-5.261478667397903
1,2,-0.0004364561173133552,-0.0024364561173133552,0.15908487648454184,-5.263915123515216
0,1,-0.0,-0.001,0.15908487648454184,-5.264915123515216
1,2,0.00015461757720913738,-0.0008453824227908626,0.15923949406175097,-5.265760505938007
1,1,-0.0,-0.001,0.15923949406175097,-5.266760505938008
1,2,0.00037491798866540194,-0.0006250820113345981,0.15961441205041638,-5.2673855879493425
2,1,0.0,-0.001,0.15961441205041638,-5.268385587949343
2,0,-0.004027921706438065,-0.005027921706438065,0.1555864903439783,-5.273413509655781
1,0,-0.00004893978621112183,-0.00004893978621112183,0.1555375505577672,-5.273462449441992
2,2,0.003359343856573105,0.0013593438565731048,0.1588968944143403,-5.272103105585419
2,0,-0.0021123564802110195,-0.0041123564802110196,0.15678453793412928,-5.27621546206563
2,0,-0.0014930703910067677,-0.0014930703910067677,0.1552914675431225,-5.277708532456637
0,0,0.005212415941059589,0.005212415941059589,0.1605038834841821,-5.272496116515577
1,0,-0.0007159952656365931,-0.0007159952656365931,0.1597878882185455,-5.273212111781214
2,0,-0.001354089705273509,-0.001354089705273509,0.158433798513272,-5.274566201486487
1,0,-0.0008326008100993931,-0.0008326008100993931,0.1576011977031726,-5.2753988022965865
0,0,0.0026116203516721725,0.0026116203516721725,0.16021281805484477,-5.272787181944914
2,2,0.001501126098446548,-0.0004988739015534521,0.16171394415329132,-5.273286055846468
1,1,-0.0,-0.001,0.16171394415329132,-5.274286055846468
1,2,-0.000646113243419677,-0.001646113243419677,0.16106783090987165,-5.275932169089888
2,0,-0.0017845972906798124,-0.0037845972906798125,0.15928323361919183,-5.2797167663805675
0,2,-0.0010975755285471678,-0.003097575528547168,0.15818565809064467,-5.2828143419091145
0,2,-0.0008510873303748667,-0.0008510873303748667,0.1573345707602698,-5.283665429239489
0,2,-0.0024890003260225058,-0.0024890003260225058,0.1548455704342473,-5.286154429565512
0,2,-0.004131874069571495,-0.004131874069571495,0.1507136963646758,-5.290286303635083
2,2,0.0011224255431443453,0.0011224255431443453,0.15183612190782014,-5.289163878091939
0,2,-0.0010880548506975174,-0.0010880548506975174,0.15074806705712263,-5.2902519329426365
2,2,0.0009802348213270307,0.0009802348213270307,0.15172830187844966,-5.2892716981213095
0,2,-0.002038804115727544,-0.002038804115727544,0.1496894977627221,-5.291310502237037
0,2,-0.004399377387017012,-0.004399377387017012,0.1452901203757051,-5.295709879624054
0,2,-0.0018155639991164207,-0.0018155639991164207,0.14347455637658868,-5.2975254436231705
0,0,0.0018519815057516098,-0.00014801849424839024,0.1453265378823403,-5.297673462117419
2,0,-0.003177355043590069,-0.003177355043590069,0.14214918283875022,-5.300850817161009
0,0,0.0017719437601044774,0.0017719437601044774,0.1439211265988547,-5.299078873400904
0,2,-0.0008074662182480097,-0.0028074662182480097,0.1431136603806067,-5.301886339619152
0,2,-0.007609263062477112,-0.007609263062477112,0.13550439731812958,-5.309495602681629
0,2,-0.009347538463771343,-0.009347538463771343,0.12615685885435823,-5.3188431411454005
1,2,0.00055040477309376,0.00055040477309376,0.126707263627452,-5.318292736372307
2,0,-0.002457412425428629,-0.004457412425428629,0.12424985120202336,-5.322750148797735
2,0,-0.00593993067741394,-0.00593993067741394,0.11830992052460942,-5.328690079475149
0,0,0.002340771723538637,0.002340771723538637,0.12065069224814806,-5.32634930775161
0,2,-0.001992075238376856,-0.003992075238376856,0.1186586170097712,-5.330341382989987
1,2,-0.0002906475856434554,-0.0002906475856434554,0.11836796942412775,-5.3306320305756305
1,2,-0.00009404178854310885,-0.00009404178854310885,0.11827392763558464,-5.330726072364174
1,2,0.000035266704799141735,0.000035266704799141735,0.11830919434038378,-5.3306908056593745
1,2,-0.0009873021626845002,-0.0009873021626845002,0.11732189217769928,-5.331678107822059
1,2,0.0007968153804540634,0.0007968153804540634,0.11811870755815335,-5.330881292441605
1,2,0.0005877073272131383,0.0005877073272131383,0.11870641488536648,-5.330293585114392
2,2,0.0015876232646405697,0.0015876232646405697,0.12029403815000705,-5.328705961849751
0,0,0.0011197692947462201,-0.0008802307052537799,0.12141380744475327,-5.329586192555005
2,2,0.0017527827294543386,-0.0002472172705456615,0.12316659017420761,-5.32983340982555
0,0,0.0015064813196659088,-0.0004935186803340912,0.12467307149387352,-5.330326928505884
1,0,-0.0009617715841159225,-0.0009617715841159225,0.1237112999097576,-5.33128870009
1,0,0.0004785497148986906,0.0004785497148986906,0.12418984962465629,-5.330810150375101
2,2,0.0012013311497867107,-0.0007986688502132893,0.125391180774443,-5.331608819225314
0,0,0.0011583507293835282,-0.0008416492706164718,0.12654953150382653,-5.332450468495931
1,2,0.00004488174818106927,-0.0019551182518189308,0.1265944132520076,-5.334405586747749
1,0,-0.0003171280841343105,-0.0023171280841343105,0.1262772851678733,-5.336722714831883
1,0,-0.0004387394292280078,-0.0004387394292280078,0.12583854573864528,-5.337161454261111
0,0,0.0005446490249596536,0.0005446490249596536,0.12638319476360493,-5.336616805236152
2,0,-0.0009065275662578642,-0.0009065275662578642,0.12547666719734707,-5.33752333280241
0,0,0.0018941828748211265,0.0018941828748211265,0.1273708500721682,-5.3356291499275885
0,0,0.0011869203299283981,0.0011869203299283981,0.1285577704020966,-5.33444222959766
0,0,0.0035697156563401222,0.0035697156563401222,0.13212748605843672,-5.33087251394132
0,2,-0.0020354606676846743,-0.004035460667684674,0.13009202539075204,-5.3349079746090045
0,0,0.0008111238130368292,-0.0011888761869631708,0.13090314920378887,-5.336096850795967
2,0,-0.00211371504701674,-0.00211371504701674,0.12878943415677213,-5.338210565842984
2,0,-0.0024008003529161215,-0.0024008003529161215,0.126388633803856,-5.3406113661959
1,0,-0.000294960307655856,-0.000294960307655856,0.12609367349620015,-5.340906326503556
1,0,0.0001216028758790344,0.0001216028758790344,0.1262152763720792,-5.340784723627677
1,0,-0.00016473332652822137,-0.00016473332652822137,0.12605054304555097,-5.340949456954205
2,0,-0.002350738039240241,-0.002350738039240241,0.12369980500631073,-5.3433001949934456
2,0,-0.007430188357830048,-0.007430188357830048,0.11626961664848068,-5.350730383351276
1,0,-0.00016341835726052523,-0.00016341835726052523,0.11610619829122015,-5.350893801708536
2,0,-0.0020157115068286657,-0.0020157115068286657,0.11409048678439149,-5.352909513215365
0,0,0.0021524957846850157,0.0021524957846850157,0.1162429825690765,-5.35075701743068
1,0,-0.0004603903798852116,-0.0004603903798852116,0.11578259218919129,-5.351217407810565
1,0,-0.00037404894828796387,-0.00037404894828796387,0.11540854324090333,-5.351591456758853
0,0,0.004928966984152794,0.004928966984152794,0.12033751022505612,-5.3466624897747
2,2,0.0012643523514270782,-0.0007356476485729218,0.1216018625764832,-5.347398137423273
0,0,0.001089667435735464,-0.0009103325642645359,0.12269153001221866,-5.348308469987537
0,0,0.0027415112126618624,0.0027415112126618624,0.12543304122488053,-5.345566958774875
2,2,0.001482274616137147,-0.0005177253838628531,0.12691531584101767,-5.346084684158738
1,2,0.00002265303373860661,0.00002265303373860661,0.12693796887475628,-5.346062031124999
0,0,0.0009120712638832629,-0.0010879287361167372,0.12785004013863954,-5.347149959861116
1,2,0.0006303768022917211,-0.001369623197708279,0.12848041694093126,-5.348519583058824
2,0,-0.0011278848396614194,-0.0031278848396614194,0.12735253210126984,-5.351647467898485
2,0,-0.0018962591420859098,-0.0018962591420859098,0.12545627295918393,-5.353543727040571
2,0,-0.0012903147144243121,-0.0012903147144243121,0.12416595824475962,-5.354834041754995
2,0,-0.001166842645034194,-0.001166842645034194,0.12299911559972543,-5.3560008844000295
1,0,-0.0006066930363886058,-0.0006066930363886058,0.12239242256333682,-5.356607577436418
2,0,-0.0013138955691829324,-0.0013138955691829324,0.12107852699415389,-5.357921473005601
0,0,0.002416015136986971,0.002416015136986971,0.12349454213114086,-5.355505457868614
2,2,0.0022901773918420076,0.0002901773918420076,0.12578471952298287,-5.355215280476772
0,0,0.003978329245001078,0.0019783292450010776,0.12976304876798395,-5.353236951231771
0,0,0.0016666438896209002,0.0016666438896209002,0.13142969265760485,-5.35157030734215
0,0,0.0011200319277122617,0.0011200319277122617,0.1325497245853171,-5.350450275414437
0,2,-0.004299759399145842,-0.006299759399145842,0.12824996518617127,-5.356750034813583
0,2,-0.0012810711050406098,-0.0012810711050406098,0.12696889408113066,-5.358031105918624
2,2,0.0005917981034144759,0.0005917981034144759,0.12756069218454513,-5.357439307815209
0,2,-0.003245419356971979,-0.003245419356971979,0.12431527282757315,-5.360684727172181
1,2,-0.00003992184792878106,-0.00003992184792878106,0.12427535097964437,-5.36072464902011
0,2,-0.001271945657208562,-0.001271945657208562,0.12300340532243581,-5.3619965946773185
2,0,-0.00472010113298893,-0.00672010113298893,0.11828330418944688,-5.368716695810307
0,0,0.0015191984130069613,0.0015191984130069613,0.11980250260245384,-5.3671974973973
0,2,-0.00290498323738575,-0.00490498323738575,0.11689751936506809,-5.372102480634686
2,2,0.0022351916413754225,0.0022351916413754225,0.11913271100644351,-5.36986728899331
2,2,0.010330664925277233,0.010330664925277233,0.12946337593172075,-5.359536624068033
2,0,-0.009678183123469353,-0.011678183123469353,0.1197851928082514,-5.371214807191502
0,0,0.004265642259269953,0.004265642259269953,0.12405083506752135,-5.366949164932232
2,0,-0.0012795032234862447,-0.0012795032234862447,0.1227713318440351,-5.3682286681557185
2,0,-0.0020290969405323267,-0.0020290969405323267,0.12074223490350278,-5.370257765096251
1,0,0.0005498647806234658,0.0005498647806234658,0.12129209968412624,-5.369707900315627
1,0,0.00002332859003217891,0.00002332859003217891,0.12131542827415842,-5.369684571725595
0,2,-0.0014720538165420294,-0.0034720538165420294,0.11984337445761639,-5.373156625542137
0,2,-0.0029094223864376545,-0.0029094223864376545,0.11693395207117874,-5.376066047928575
1,2,0.0004378650337457657,0.0004378650337457657,0.1173718171049245,-5.375628182894829
0,1,-0.0,-0.001,0.1173718171049245,-5.376628182894829
0,2,-0.0024906620383262634,-0.0034906620383262634,0.11488115506659824,-5.380118844933156
2,2,0.007640007417649031,0.007640007417649031,0.12252116248424727,-5.372478837515507
1,0,0.00039930955972522497,-0.001600690440274775,0.1229204720439725,-5.374079527955781
1,2,-0.0003515055577736348,-0.002351505557773635,0.12256896648619886,-5.376431033513555
2,1,0.0,-0.001,0.12256896648619886,-5.377431033513555
0,1,-0.0,-0.0,0.12256896648619886,-5.377431033513555
0,2,-0.002329309470951557,-0.003329309470951557,0.1202396570152473,-5.380760342984507
1,2,0.0002471816260367632,0.0002471816260367632,0.12048683864128407,-5.38051316135847
0,1,-0.0,-0.001,0.12048683864128407,-5.381513161358471
1,2,0.00023256057465914637,-0.0007674394253408537,0.12071939921594321,-5.382280600783812
2,1,0.0,-0.001,0.12071939921594321,-5.383280600783812
2,0,-0.002537396503612399,-0.003537396503612399,0.11818200271233081,-5.386817997287425
1,0,0.00030649505788460374,0.00030649505788460374,0.11848849777021542,-5.38651150222954
0,0,0.0034872577525675297,0.0034872577525675297,0.12197575552278295,-5.383024244476973
2,2,0.006959902122616768,0.004959902122616768,0.12893565764539971,-5.378064342354356
1,0,0.00005582677840720862,-0.0019441732215927914,0.12899148442380692,-5.380008515575948
0,0,0.0027204162906855345,0.0027204162906855345,0.13171190071449246,-5.377288099285263
1,2,0.00033082396839745343,-0.0016691760316025466,0.1320427246828899,-5.378957275316865
2,2,0.005205889698117971,0.005205889698117971,0.13724861438100788,-5.373751385618747
0,0,0.001130082062445581,-0.0008699179375544191,0.13837869644345346,-5.374621303556301
2,2,0.001674362225458026,-0.0003256377745419741,0.1400530586689115,-5.374946941330843
0,0,0.002287315670400858,0.0002873156704008579,0.14234037433931235,-5.374659625660442
2,2,0.0011927022133022547,-0.0008072977866977454,0.1435330765526146,-5.3754669234471395
0,1,-0.0,-0.001,0.1435330765526146,-5.37646692344714
0,2,-0.0018511329544708133,-0.0028511329544708133,0.1416819435981438,-5.379318056401611
2,2,0.005390210077166557,0.005390210077166557,0.14707215367531035,-5.373927846324444
1,0,-0.0005348786362446845,-0.0025348786362446845,0.14653727503906566,-5.376462724960689
0,2,-0.002878069644793868,-0.004878069644793868,0.1436592053942718,-5.3813407946054825
1,2,-0.0001023683653329499,-0.0001023683653329499,0.14355683702893884,-5.3814431629708155
2,0,-0.002399392891675234,-0.004399392891675234,0.1411574441372636,-5.3858425558624905
0,2,-0.0012021672446280718,-0.003202167244628072,0.13995527689263554,-5.389044723107118
0,2,-0.0013952921144664288,-0.0013952921144664288,0.1385599847781691,-5.390440015221585
1,2,-0.0006731897010467947,-0.0006731897010467947,0.13788679507712231,-5.391113204922632
1,2,0.0005338494665920734,0.0005338494665920734,0.1384206445437144,-5.3905793554560395
0,2,-0.0014478550292551517,-0.0014478550292551517,0.13697278951445924,-5.392027210485295
1,2,0.00020368743571452796,0.00020368743571452796,0.13717647695017376,-5.39182352304958
2,2,0.0040052165277302265,0.0040052165277302265,0.141181693477904,-5.38781830652185
2,0,-0.001173835014924407,-0.003173835014924407,0.14000785846297958,-5.390992141536774
2,0,-0.0010614165803417563,-0.0010614165803417563,0.13894644188263783,-5.392053558117116
0,0,0.001371674588881433,0.001371674588881433,0.14031811647151926,-5.390681883528234
2,0,-0.004246112424880266,-0.004246112424880266,0.136072004046639,-5.394927995953115
2,0,-0.0016689850017428398,-0.0016689850017428398,0.13440301904489615,-5.3965969809548575
1,0,-0.0004491811851039529,-0.0004491811851039529,0.1339538378597922,-5.3970461621399615
1,0,-0.000635300821159035,-0.000635300821159035,0.13331853703863317,-5.3976814629611205
1,0,0.00026823344524018466,0.00026823344524018466,0.13358677048387335,-5.39741322951588
0,0,0.0013856556033715606,0.0013856556033715606,0.1349724260872449,-5.396027573912509
0,0,0.0015015950193628669,0.0015015950193628669,0.13647402110660778,-5.394525978893146
1,2,0.0004521225346252322,-0.0015478774653747678,0.136926143641233,-5.39607385635852
1,0,0.00031304563162848353,-0.0016869543683715165,0.1372391892728615,-5.397760810726892
0,2,-0.001004758756607771,-0.003004758756607771,0.13623443051625372,-5.400765569483499
1,0,0.000010994164767907932,-0.001989005835232092,0.13624542468102163,-5.402754575318731
0,0,0.0007486616959795356,0.0007486616959795356,0.13699408637700117,-5.402005913622752
2,2,0.0031504135113209486,0.0011504135113209486,0.14014449988832212,-5.4008555001114305
2,0,-0.0026756625156849623,-0.004675662515684962,0.13746883737263715,-5.405531162627115
0,0,0.0007411683909595013,0.0007411683909595013,0.13821000576359666,-5.404789994236156
0,0,0.0007758173742331564,0.0007758173742331564,0.1389858231378298,-5.4040141768619225
2,0,-0.002039126353338361,-0.002039126353338361,0.13694669678449145,-5.406053303215261
0,0,0.003986408933997154,0.003986408933997154,0.1409331057184886,-5.402066894281264
0,0,0.0010467167012393475,0.0010467167012393475,0.14197982241972795,-5.401020177580024
1,2,0.00009501846216153353,-0.0019049815378384665,0.14207484088188949,-5.402925159117863
0,0,0.0030700683128088713,0.0010700683128088712,0.14514490919469836,-5.4018550908050535
1,2,0.0001553648035041988,-0.0018446351964958013,0.14530027399820256,-5.403699726001549
2,0,-0.005324440076947212,-0.007324440076947212,0.13997583392125534,-5.411024166078496
0,0,0.0022584067191928625,0.0022584067191928625,0.1422342406404482,-5.408765759359303
2,2,0.0019494579173624516,-0.00005054208263754849,0.14418369855781066,-5.408816301441941
0,0,0.002106977626681328,0.00010697762668132778,0.14629067618449199,-5.408709323815259
0,0,0.00314971967600286,0.00314971967600286,0.14944039586049485,-5.405559604139256
1,2,0.00042727059917524457,-0.0015727294008247555,0.1498676664596701,-5.407132333540081
1,2,-0.00009776103979675099,-0.00009776103979675099,0.14976990541987334,-5.4072300945798775
1,2,0.000016138988939928822,0.000016138988939928822,0.14978604440881327,-5.4072139555909375
0,2,-0.0013859533937647939,-0.0013859533937647939,0.14840009101504847,-5.408599908984702
1,2,-0.00043333947542123497,-0.00043333947542123497,0.14796675153962724,-5.409033248460124
1,2,-0.00008737453754292801,-0.00008737453754292801,0.1478793770020843,-5.4091206229976665
2,2,0.001624352764338255,0.001624352764338255,0.14950372976642257,-5.407496270233328
1,0,0.0003521126345731318,-0.0016478873654268682,0.1498558424009957,-5.409144157598755
0,2,-0.0017076719086617231,-0.003707671908661723,0.14814817049233397,-5.412851829507416
1,2,-0.0005423776456154883,-0.0005423776456154883,0.1476057928467185,-5.413394207153032
2,2,0.001264468883164227,0.001264468883164227,0.1488702617298827,-5.412129738269868
1,0,0.0005023299599997699,-0.0014976700400002301,0.14937259168988248,-5.413627408309868
1,2,0.00024443346774205565,-0.0017555665322579444,0.14961702515762454,-5.415382974842125
2,2,0.004346273373812437,0.004346273373812437,0.15396329853143698,-5.411036701468313
2,0,-0.0036977985873818398,-0.00569779858738184,0.15026549994405514,-5.416734500055695
2,0,-0.000842651876155287,-0.000842651876155287,0.14942284806789985,-5.41757715193185
2,0,-0.0020935330539941788,-0.0020935330539941788,0.14732931501390567,-5.419670684985844
2,0,-0.0040260241366922855,-0.0040260241366922855,0.14330329087721339,-5.423696709122536
0,0,0.004345004912465811,0.004345004912465811,0.1476482957896792,-5.4193517042100705
0,2,-0.0007888143300078809,-0.002788814330007881,0.14685948145967131,-5.422140518540078
0,0,0.0006970009417273104,-0.0013029990582726896,0.14755648240139863,-5.423443517598351
0,0,0.0015219689812511206,0.0015219689812511206,0.14907845138264975,-5.4219215486170995
0,2,-0.0007666405872441828,-0.002766640587244183,0.14831181079540556,-5.4246881892043435
1,2,-0.0004450970736797899,-0.0004450970736797899,0.14786671372172577,-5.425133286278023
2,2,0.0034690392203629017,0.0034690392203629017,0.15133575294208867,-5.42166424705766
1,2,0.00017747680249158293,0.00017747680249158293,0.15151322974458026,-5.421486770255169
0,2,-0.0006772901979275048,-0.0006772901979275048,0.15083593954665275,-5.422164060453096
1,2,-0.0006164108635857701,-0.0006164108635857701,0.15021952868306698,-5.422780471316682
1,2,0.0005421720561571419,0.0005421720561571419,0.15076170073922412,-5.422238299260525
1,0,-0.00008964037260739133,-0.0020896403726073914,0.15067206036661673,-5.424327939633132
1,0,0.000265247916104272,0.000265247916104272,0.150937308282721,-5.424062691717028
1,2,0.00018762165564112365,-0.0018123783443588764,0.15112492993836213,-5.4258750700613865
2,0,-0.0016779403667896986,-0.0036779403667896986,0.14944698957157243,-5.429553010428176
1,0,0.00029866222757846117,0.00029866222757846117,0.1497456517991509,-5.4292543482005975
1,0,0.0002798268396873027,0.0002798268396873027,0.1500254786388382,-5.42897452136091
1,0,-0.0001726127229630947,-0.0001726127229630947,0.1498528659158751,-5.429147134083873
0,0,0.0007172611658461392,0.0007172611658461392,0.15057012708172124,-5.428429872918027
2,0,-0.0005212618852965534,-0.0005212618852965534,0.15004886519642469,-5.428951134803324
1,0,-6.769846095266985e-6,-6.769846095266985e-6,0.15004209535032942,-5.428957904649419
1,2,0.00017784591182135046,-0.0018221540881786496,0.15021994126215077,-5.430780058737597
0,2,-0.0005927375168539584,-0.0005927375168539584,0.1496272037452968,-5.431372796254451
2,2,0.0006307333242148161,0.0006307333242148161,0.15025793706951163,-5.4307420629302365
1,0,-0.00010659602412488312,-0.002106596024124883,0.15015134104538674,-5.432848658954361
2,0,-0.0017480602255091071,-0.0017480602255091071,0.14840328081987764,-5.43459671917987
0,0,0.0007403434719890356,0.0007403434719890356,0.14914362429186667,-5.433856375707881
1,0,-0.00008650407835375518,-0.00008650407835375518,0.14905712021351292,-5.433942879786235
2,0,-0.000511496386025101,-0.000511496386025101,0.14854562382748782,-5.43445437617226
0,0,0.0011628424981608987,0.0011628424981608987,0.14970846632564871,-5.433291533674099
2,0,-0.0004817111184820533,-0.0004817111184820533,0.14922675520716666,-5.433773244792581
1,0,-0.00010756172559922561,-0.00010756172559922561,0.14911919348156744,-5.4338808065181805
0,0,0.0010676783276721835,0.0010676783276721835,0.15018687180923962,-5.432813128190508
0,0,0.0009594997391104698,0.0009594997391104698,0.1511463715483501,-5.431853628451398
1,0,-0.0001845847727963701,-0.0001845847727963701,0.15096178677555372,-5.432038213224194
1,0,-0.00017008341092150658,-0.00017008341092150658,0.1507917033646322,-5.432208296635116
0,0,0.001728192437440157,0.001728192437440157,0.15251989580207237,-5.430480104197676
0,2,-0.0006392586510628462,-0.0026392586510628462,0.15188063715100952,-5.433119362848738
0,0,0.0004816030850633979,-0.0015183969149366022,0.15236224023607292,-5.434637759763675
1,0,0.000058653833548305556,0.000058653833548305556,0.15242089406962123,-5.434579105930126
2,2,0.00025589068536646664,-0.0017441093146335334,0.1526767847549877,-5.43632321524476
2,0,-0.0007467707619071007,-0.0027467707619071007,0.1519300139930806,-5.4390699860066665
0,0,0.000367839471437037,0.000367839471437037,0.15229785346451763,-5.438702146535229
1,2,-0.000030543702450813726,-0.0020305437024508138,0.15226730976206682,-5.44073269023768
2,2,0.0008278978057205677,0.0008278978057205677,0.15309520756778738,-5.4399047924319595
2,0,-0.001263269572518766,-0.003263269572518766,0.15183193799526862,-5.443168062004478
1,0,0.00015179756155703217,0.00015179756155703217,0.15198373555682565,-5.443016264442921
1,0,-0.00015564609202556312,-0.00015564609202556312,0.1518280894648001,-5.4431719105349465
2,0,-0.003989407792687416,-0.003989407792687416,0.14783868167211267,-5.447161318327634
2,0,-0.0006166472448967397,-0.0006166472448967397,0.14722203442721593,-5.447777965572531
0,0,0.0004801948962267488,0.0004801948962267488,0.14770222932344268,-5.447297770676304
1,0,-0.000053042746003484353,-0.000053042746003484353,0.1476491865774392,-5.447350813422307
0,0,0.0005130689241923392,0.0005130689241923392,0.14816225550163153,-5.446837744498115
1,0,-0.000015337616787292063,-0.000015337616787292063,0.14814691788484424,-5.446853082114902
1,1,-0.0,-0.001,0.14814691788484424,-5.447853082114903
0,2,-0.0006553169805556536,-0.0016553169805556536,0.1474916009042886,-5.449508399095459
2,0,-0.0008444656268693507,-0.0028444656268693507,0.14664713527741924,-5.452352864722328
0,0,0.0017787660472095013,0.0017787660472095013,0.14842590132462874,-5.450574098675118
0,2,-0.002701059216633439,-0.004701059216633439,0.1457248421079953,-5.4552751578917515
2,2,0.001022872282192111,0.001022872282192111,0.1467477143901874,-5.454252285609559
2,0,-0.003410934703424573,-0.005410934703424573,0.14333677968676284,-5.459663220312984
0,0,0.001381533918902278,0.001381533918902278,0.14471831360566512,-5.4582816863940815
0,0,0.001813933253288269,0.001813933253288269,0.14653224685895339,-5.456467753140793
1,0,-0.000380340643459931,-0.000380340643459931,0.14615190621549345,-5.456848093784253
2,0,-0.0019558833446353674,-0.0019558833446353674,0.1441960228708581,-5.4588039771288885
2,0,-0.002536161569878459,-0.002536161569878459,0.14165986130097963,-5.461340138698767
0,0,0.0014815086033195257,0.0014815086033195257,0.14314136990429915,-5.4598586300954475
2,2,0.0006569652468897402,-0.0013430347531102598,0.1437983351511889,-5.4612016648485575
0,0,0.004275161772966385,0.002275161772966385,0.14807349692415528,-5.458926503075591
2,2,0.0007050299318507314,-0.0012949700681492687,0.148778526856006,-5.46022147314374
2,0,-0.001735375146381557,-0.003735375146381557,0.14704315170962445,-5.463956848290121
0,0,0.003926719073206186,0.003926719073206186,0.15096987078283064,-5.460030129216915
0,0,0.004771136213093996,0.004771136213093996,0.15574100699592464,-5.455258993003821
2,2,0.0009875550167635083,-0.0010124449832364917,0.15672856201268814,-5.456271437987057
0,2,-0.005053772125393152,-0.005053772125393152,0.151674789887295,-5.4613252101124505
0,2,-0.006167347077280283,-0.006167347077280283,0.1455074428100147,-5.467492557189731
1,2,0.0007569353329017758,0.0007569353329017758,0.14626437814291648,-5.466735621856829
0,0,0.0009957571746781468,-0.0010042428253218532,0.14726013531759463,-5.467739864682151
2,2,0.0024435841478407383,0.00044358414784073825,0.14970371946543537,-5.46729628053431
2,0,-0.0017596931429579854,-0.0037596931429579854,0.14794402632247738,-5.4710559736772675
0,0,0.0026766464579850435,0.0026766464579850435,0.15062067278046243,-5.468379327219282
1,2,0.0004531143931671977,-0.0015468856068328023,0.15107378717362963,-5.469926212826115
1,0,0.0007186723523773253,-0.0012813276476226747,0.15179245952600695,-5.4712075404737375
2,0,-0.0010935083264485002,-0.0010935083264485002,0.15069895119955845,-5.472301048800186
1,0,-0.0003247442655265331,-0.0003247442655265331,0.15037420693403192,-5.4726257930657125
1,0,0.00025307288160547614,0.00025307288160547614,0.1506272798156374,-5.472372720184107
2,0,-0.001722626737318933,-0.001722626737318933,0.14890465307831846,-5.474095346921426
0,0,0.0020518265664577484,0.0020518265664577484,0.1509564796447762,-5.472043520354968
1,0,0.00036727628321386874,0.00036727628321386874,0.15132375592799008,-5.471676244071754
1,0,0.00048011523904278874,0.00048011523904278874,0.15180387116703287,-5.471196128832712
2,2,0.0015106777427718043,-0.0004893222572281957,0.15331454890980467,-5.4716854510899395
2,0,-0.0010985755361616611,-0.003098575536161661,0.152215973373643,-5.474784026626101
2,0,-0.002547409851104021,-0.002547409851104021,0.149668563522539,-5.477331436477205
0,0,0.0010389531962573528,0.0010389531962573528,0.15070751671879634,-5.476292483280948
2,0,-0.0024309854488819838,-0.0024309854488819838,0.14827653126991436,-5.47872346872983
0,0,0.0009254225878976285,0.0009254225878976285,0.149201953857812,-5.477798046141932
0,0,0.002018668921664357,0.002018668921664357,0.15122062277947634,-5.475779377220268
0,2,-0.006724241189658642,-0.008724241189658642,0.1444963815898177,-5.484503618409926
0,2,-0.002514683874323964,-0.002514683874323964,0.14198169771549374,-5.48701830228425
0,2,-0.0015304930275306106,-0.0015304930275306106,0.14045120468796313,-5.488548795311781
2,2,0.0014992080396041274,0.0014992080396041274,0.14195041272756725,-5.4870495872721765
0,0,0.0036983543541282415,0.0016983543541282415,0.1456487670816955,-5.485351232918048
2,2,0.002567666582763195,0.000567666582763195,0.1482164336644587,-5.484783566335285
2,2,0.003205634653568268,0.003205634653568268,0.15142206831802696,-5.481577931681716
0,0,0.001055938540957868,-0.0009440614590421319,0.15247800685898483,-5.482521993140758
1,0,0.0000665927364025265,0.0000665927364025265,0.15254459959538735,-5.482455400404356
0,1,-0.0,-0.001,0.15254459959538735,-5.483455400404356
2,0,-0.0022313138470053673,-0.0032313138470053673,0.150313285748382,-5.486686714251362
2,0,-0.0011246837675571442,-0.0011246837675571442,0.14918860198082484,-5.487811398018919
0,0,0.0010040486231446266,0.0010040486231446266,0.15019265060396947,-5.486807349395774
2,2,0.0013454525033012033,-0.0006545474966987968,0.15153810310727067,-5.487461896892473
0,0,0.0010345976334065199,-0.0009654023665934802,0.1525727007406772,-5.488427299259066
2,0,-0.0012593686114996672,-0.0012593686114996672,0.15131333212917752,-5.489686667870566
0,0,0.002163185738027096,0.002163185738027096,0.15347651786720462,-5.487523482132539
2,0,-0.00197601062245667,-0.00197601062245667,0.15150050724474795,-5.489499492754995
1,0,0.0006745908176526427,0.0006745908176526427,0.1521750980624006,-5.488824901937343
2,0,-0.004907919093966484,-0.004907919093966484,0.1472671789684341,-5.493732821031309
1,0,-0.0005387823330238461,-0.0005387823330238461,0.14672839663541026,-5.494271603364333
2,0,-0.0015061140293255448,-0.0015061140293255448,0.14522228260608472,-5.495777717393659
0,0,0.0018748873844742775,0.0018748873844742775,0.147097169990559,-5.493902830009184
0,0,0.004371851682662964,0.004371851682662964,0.15146902167322196,-5.489530978326521
0,2,-0.007493703160434961,-0.009493703160434961,0.143975318512787,-5.499024681486956
2,2,0.0012314986670389771,0.0012314986670389771,0.14520681717982598,-5.497793182819917
1,2,0.0007980551454238594,0.0007980551454238594,0.14600487232524983,-5.496995127674493
1,2,-0.00033269505365751684,-0.00033269505365751684,0.14567217727159232,-5.497327822728151
0,2,-0.001330783823505044,-0.001330783823505044,0.14434139344808727,-5.498658606551656
1,2,0.0005444464622996747,0.0005444464622996747,0.14488583991038695,-5.498114160089356
2,2,0.0028165418189018965,0.0028165418189018965,0.14770238172928885,-5.495297618270454
0,0,0.0020486381836235523,0.00004863818362355228,0.1497510199129124,-5.4952489800868305
1,0,0.0005917947273701429,0.0005917947273701429,0.15034281464028254,-5.49465718535946
1,1,0.0,-0.001,0.15034281464028254,-5.495657185359461
2,0,-0.0012111442629247904,-0.0022111442629247904,0.14913167037735775,-5.497868329622386
0,0,0.0015873964875936508,0.0015873964875936508,0.1507190668649514,-5.496280933134792
2,0,-0.001478669117204845,-0.001478669117204845,0.14924039774774656,-5.497759602251997
2,0,-0.0015248790150508285,-0.0015248790150508285,0.14771551873269573,-5.499284481267048
1,0,-0.0007342505850829184,-0.0007342505850829184,0.1469812681476128,-5.500018731852131
2,0,-0.002888729562982917,-0.002888729562982917,0.1440925385846299,-5.502907461415114
2,0,-0.0010068820556625724,-0.0010068820556625724,0.14308565652896732,-5.503914343470776
0,0,0.0011972630163654685,0.0011972630163654685,0.1442829195453328,-5.502717080454411
0,0,0.0015519544249400496,0.0015519544249400496,0.14583487397027284,-5.501165126029471
1,0,-0.0002483742719050497,-0.0002483742719050497,0.1455864996983678,-5.501413500301376
0,0,0.002063032239675522,0.002063032239675522,0.1476495319380433,-5.4993504680617
0,2,-0.002625389490276575,-0.004625389490276575,0.14502414244776674,-5.503975857551977
2,2,0.003356765955686569,0.003356765955686569,0.1483809084034533,-5.50061909159629
1,0,-0.0004118605866096914,-0.0024118605866096914,0.1479690478168436,-5.5030309521828995
2,0,-0.0021233169827610254,-0.0021233169827610254,0.1458457308340826,-5.5051542691656605
0,0,0.006905147805809975,0.006905147805809975,0.15275087863989256,-5.4982491213598506
0,2,-0.004106179345399141,-0.006106179345399141,0.14864469929449342,-5.5043553007052495
1,2,-0.00024939727154560387,-0.00024939727154560387,0.14839530202294782,-5.504604697976795
2,2,0.0026194441597908735,0.0026194441597908735,0.1510147461827387,-5.501985253817004
2,0,-0.0015465841861441731,-0.003546584186144173,0.14946816199659452,-5.505531838003148
1,0,-0.00011922077101189643,-0.00011922077101189643,0.14934894122558262,-5.50565105877416
2,2,0.0009212737204506993,-0.0010787262795493007,0.15027021494603332,-5.506729785053709
2,0,-0.0008820194634608924,-0.0028820194634608925,0.14938819548257243,-5.50961180451717
1,0,0.0006164341466501355,0.0006164341466501355,0.15000462962922256,-5.50899537037052
2,0,-0.0007964903488755226,-0.0007964903488755226,0.14920813928034704,-5.509791860719395
1,0,-0.000541389686986804,-0.000541389686986804,0.14866674959336024,-5.510333250406382
0,0,0.001739120576530695,0.001739120576530695,0.15040587016989093,-5.508594129829851
0,0,0.0024514233227819204,0.0024514233227819204,0.15285729349267285,-5.506142706507069
2,2,0.000987665611319244,-0.0010123343886807561,0.1538449591039921,-5.50715504089575
1,0,-0.00011471183825051412,-0.002114711838250514,0.15373024726574158,-5.509269752734
0,0,0.006421505939215422,0.006421505939215422,0.160151753204957,-5.502848246794785
0,2,-0.0008476911461912096,-0.0028476911461912096,0.1593040620587658,-5.505695937940976
1,2,0.000305575696984306,0.000305575696984306,0.1596096377557501,-5.5053903622439915
0,2,-0.0023424294777214527,-0.0023424294777214527,0.15726720827802865,-5.507732791721713
1,0,-0.0003405864117667079,-0.002340586411766708,0.15692662186626194,-5.510073378133479
2,2,0.0008702850318513811,-0.001129714968148619,0.15779690689811332,-5.511203093101628
0,0,0.0020243534818291664,0.00002435348182916637,0.1598212603799425,-5.511178739619798
0,2,-0.001175188459455967,-0.003175188459455967,0.15864607192048652,-5.514353928079254
0,2,-0.0007660749251954257,-0.0007660749251954257,0.1578799969952911,-5.51512000300445
2,2,0.005906189791858196,0.005906189791858196,0.1637861867871493,-5.509213813212591
2,0,-0.002260149922221899,-0.004260149922221899,0.1615260368649274,-5.513473963134813
0,0,0.0018992108525708318,0.0018992108525708318,0.16342524771749822,-5.511574752282242
0,2,-0.0013288479531183839,-0.003328847953118384,0.16209639976437984,-5.51490360023536
1,2,0.0006042984314262867,0.0006042984314262867,0.16270069819580613,-5.514299301803934
0,2,-0.0009606307139620185,-0.0009606307139620185,0.1617400674818441,-5.515259932517896
1,2,0.00033217816962860525,0.00033217816962860525,0.1620722456514727,-5.5149277543482675
1,0,0.0006614454323425889,-0.0013385545676574111,0.1627336910838153,-5.516266308915925
2,0,-0.002488359110429883,-0.002488359110429883,0.16024533197338542,-5.518754668026355
1,0,0.0003756838559638709,0.0003756838559638709,0.1606210158293493,-5.518378984170391
1,0,-0.00040058698505163193,-0.00040058698505163193,0.16022042884429766,-5.518779571155442
2,0,-0.0014151266077533364,-0.0014151266077533364,0.15880530223654432,-5.520194697763196
0,0,0.0013180579990148544,0.0013180579990148544,0.16012336023555918,-5.518876639764181
2,0,-0.001121473964303732,-0.001121473964303732,0.15900188627125544,-5.519998113728485
1,1,-0.0,-0.001,0.15900188627125544,-5.520998113728485
1,0,-0.0004069611895829439,-0.001406961189582944,0.1585949250816725,-5.522405074918068
0,0,0.0006220773211680353,0.0006220773211680353,0.15921700240284054,-5.5217829975969
0,0,0.0022174236364662647,0.0022174236364662647,0.1614344260393068,-5.519565573960434
2,2,0.001502944272942841,-0.000497055727057159,0.16293737031224964,-5.520062629687491
1,0,-0.0002493724459782243,-0.0022493724459782243,0.16268799786627142,-5.522312002133469
1,0,0.000382174359401688,0.000382174359401688,0.1630701722256731,-5.521929827774067
2,1,0.0,-0.001,0.1630701722256731,-5.5229298277740675
1,0,-0.0001620801049284637,-0.0011620801049284637,0.16290809212074464,-5.524091907878996
1,0,0.0003227588313166052,0.0003227588313166052,0.16323085095206125,-5.52376914904768
2,0,-0.0009600402554497123,-0.0009600402554497123,0.16227081069661153,-5.524729189303129
1,0,0.00006212500011315569,0.00006212500011315569,0.1623329356967247,-5.524667064303016
0,0,0.0004142124962527305,0.0004142124962527305,0.16274714819297742,-5.5242528518067635
1,2,-0.00020487111760303378,-0.002204871117603034,0.1625422770753744,-5.526457722924366
2,0,-0.0010857190936803818,-0.003085719093680382,0.161456557981694,-5.5295434420180465
0,0,0.0003610887215472758,0.0003610887215472758,0.16181764670324128,-5.529182353296499
2,0,-0.0008830821025185287,-0.0008830821025185287,0.16093456460072275,-5.530065435399018
0,0,0.00037246261490508914,0.00037246261490508914,0.16130702721562784,-5.529692972784113
0,2,-0.0007844938081689179,-0.002784493808168918,0.16052253340745892,-5.532477466592281
1,2,-3.0117657843220513e-6,-3.0117657843220513e-6,0.1605195216416746,-5.532480478358066
1,0,0.00001648561556066852,-0.0019835143844393315,0.16053600725723527,-5.534463992742505
2,0,-0.0005883998819626868,-0.0005883998819626868,0.15994760737527258,-5.5350523926244675
1,0,-0.0001281564764212817,-0.0001281564764212817,0.1598194508988513,-5.535180549100889
0,0,0.000633655465207994,0.000633655465207994,0.1604531063640593,-5.534546893635681
0,2,-0.000326253823004663,-0.002326253823004663,0.16012685254105463,-5.536873147458685
1,0,1.9026668951482861e-6,-0.0019980973331048518,0.16012875520794978,-5.53887124479179
1,0,0.00013145133561920375,0.00013145133561920375,0.16026020654356898,-5.538739793456171
2,0,-0.0001807609514798969,-0.0001807609514798969,0.1600794455920891,-5.5389205544076505
0,0,0.001264902064576745,0.001264902064576745,0.16134434765666583,-5.537655652343074
2,0,-0.00025206097052432597,-0.00025206097052432597,0.1610922866861415,-5.537907713313598
1,0,-0.00008077939855866134,-0.00008077939855866134,0.16101150728758284,-5.537988492712157
1,0,-0.00013202615082263947,-0.00013202615082263947,0.1608794811367602,-5.538120518862979
2,0,-0.000603258260525763,-0.000603258260525763,0.16027622287623444,-5.538723777123505
2,0,-0.0006791222258470953,-0.0006791222258470953,0.15959710065038735,-5.539402899349352
2,0,-0.0006897467537783086,-0.0006897467537783086,0.15890735389660904,-5.540092646103131
2,0,-0.0017976942472159863,-0.0017976942472159863,0.15710965964939305,-5.5418903403503466
0,0,0.0015932696405798197,0.0015932696405798197,0.15870292928997287,-5.540297070709767
0,0,0.000304672954371199,0.000304672954371199,0.15900760224434407,-5.5399923977553955
0,0,0.0004950539441779256,0.0004950539441779256,0.159502656188522,-5.539497343811218
0,0,0.0006501998286694288,0.0006501998286694288,0.16015285601719143,-5.538847143982548
0,2,-0.0021933794487267733,-0.004193379448726773,0.15795947656846465,-5.543040523431275
1,0,0.00025285413721576333,-0.0017471458627842367,0.15821233070568042,-5.544787669294059
1,0,0.0002177823189413175,0.0002177823189413175,0.15843011302462173,-5.544569886975117
2,2,0.0002788164420053363,-0.0017211835579946638,0.15870892946662707,-5.546291070533112
2,0,-0.0031512242276221514,-0.005151224227622151,0.15555770523900492,-5.551442294760734
2,0,-0.004540336783975363,-0.004540336783975363,0.15101736845502955,-5.555982631544709
1,0,-0.0004079394566360861,-0.0004079394566360861,0.15060942899839347,-5.556390571001345
2,0,-0.0016261606942862272,-0.0016261606942862272,0.14898326830410724,-5.5580167316956315
1,0,0.00019299090490676463,0.00019299090490676463,0.149176259209014,-5.557823740790725
2,0,-0.0023242738097906113,-0.0023242738097906113,0.1468519853992234,-5.560148014600515
0,0,0.002414485439658165,0.002414485439658165,0.14926647083888156,-5.557733529160857
0,0,0.00210583140142262,0.00210583140142262,0.15137230224030418,-5.5556276977594345
0,0,0.0008978350088000298,0.0008978350088000298,0.1522701372491042,-5.5547298627506345
2,0,-0.005798490718007088,-0.005798490718007088,0.14647164653109712,-5.560528353468642
0,0,0.0009599185432307422,0.0009599185432307422,0.14743156507432786,-5.559568434925411
0,2,-0.0012015494285151362,-0.0032015494285151363,0.14623001564581273,-5.562769984353926
2,2,0.0018497643759474158,0.0018497643759474158,0.14807978002176014,-5.560920219977978
2,0,-0.0036099590361118317,-0.005609959036111832,0.1444698209856483,-5.56653017901409
2,0,-0.004642691928893328,-0.004642691928893328,0.13982712905675498,-5.571172870942983
0,0,0.0013130111619830132,0.0013130111619830132,0.141140140218738,-5.569859859781
2,0,-0.003273549024015665,-0.003273549024015665,0.13786659119472233,-5.573133408805016
2,0,-0.0015980759635567665,-0.0015980759635567665,0.13626851523116557,-5.574731484768573
0,0,0.001847306382842362,0.001847306382842362,0.13811582161400793,-5.57288417838573
2,0,-0.0012862203875556588,-0.0012862203875556588,0.13682960122645227,-5.574170398773286
1,0,0.00016633696213830262,0.00016633696213830262,0.13699593818859057,-5.574004061811148
0,0,0.0014108604518696666,0.0014108604518696666,0.13840679864046024,-5.572593201359278
2,1,0.0,-0.001,0.13840679864046024,-5.573593201359278
0,0,0.002302123699337244,0.001302123699337244,0.14070892233979748,-5.5722910776599415
0,2,-0.0028565055690705776,-0.004856505569070578,0.1378524167707269,-5.577147583229012
0,2,-0.001509548630565405,-0.001509548630565405,0.1363428681401615,-5.578657131859577
2,2,0.001275097718462348,0.001275097718462348,0.13761796585862385,-5.577382034141115
1,0,-0.00039425111026503146,-0.0023942511102650315,0.13722371474835882,-5.57977628525138
1,0,-0.000505087140481919,-0.000505087140481919,0.1367186276078769,-5.580281372391862
2,0,-0.0011709637474268675,-0.0011709637474268675,0.13554766386045003,-5.5814523361392885
0,0,0.0018528293585404754,0.0018528293585404754,0.1374004932189905,-5.579599506780748
2,0,-0.0015105650527402759,-0.0015105650527402759,0.13588992816625023,-5.581110071833488
0,0,0.0019315326353535056,0.0019315326353535056,0.13782146080160373,-5.579178539198135
1,0,-0.00048062411951832473,-0.00048062411951832473,0.1373408366820854,-5.579659163317653
2,0,-0.0023086031433194876,-0.0023086031433194876,0.13503223353876592,-5.581967766460973
0,0,0.0018847238970920444,0.0018847238970920444,0.13691695743585797,-5.5800830425638805
1,0,0.00015616969903931022,0.00015616969903931022,0.13707312713489728,-5.579926872864841
2,0,-0.0076655009761452675,-0.0076655009761452675,0.129407626158752,-5.5875923738409865
2,0,-0.002174900146201253,-0.002174900146201253,0.12723272601255076,-5.589767273987188
1,0,0.00023223707103170455,0.00023223707103170455,0.12746496308358246,-5.589535036916156
0,0,0.0026249722577631474,0.0026249722577631474,0.1300899353413456,-5.586910064658393
2,2,0.001575686503201723,-0.00042431349679827694,0.13166562184454733,-5.587334378155191
0,0,0.0019895650912076235,-0.00001043490879237656,0.13365518693575495,-5.587344813063983
0,0,0.0009420731221325696,0.0009420731221325696,0.13459726005788752,-5.5864027399418505
1,2,0.0003435330872889608,-0.0016564669127110392,0.13494079314517649,-5.588059206854561
1,1,0.0,-0.001,0.13494079314517649,-5.589059206854562
2,0,-0.0014134264783933759,-0.002413426478393376,0.1335273666667831,-5.591472633332955
0,0,0.003674854524433613,0.003674854524433613,0.13720222119121672,-5.587797778808522
0,2,-0.0013580734375864267,-0.0033580734375864268,0.1358441477536303,-5.591155852246108
0,2,-0.0007546268752776086,-0.0007546268752776086,0.1350895208783527,-5.591910479121386
1,2,-0.00032933743204921484,-0.00032933743204921484,0.13476018344630347,-5.592239816553435
1,2,-0.0002252677222713828,-0.0002252677222713828,0.1345349157240321,-5.592465084275706
0,2,-0.0012478976277634501,-0.0012478976277634501,0.13328701809626864,-5.59371298190347
2,2,0.001614456414245069,0.001614456414245069,0.1349014745105137,-5.592098525489225
1,2,-0.000680992437992245,-0.000680992437992245,0.13422048207252146,-5.592779517927217
2,2,0.001832803594879806,0.001832803594879806,0.13605328566740127,-5.590946714332337
1,0,-0.0002035066281678155,-0.0022035066281678155,0.13584977903923345,-5.593150220960505
1,2,0.0004601044929586351,-0.001539895507041365,0.1363098835321921,-5.594690116467546
2,0,-0.0009136843727901578,-0.002913684372790158,0.13539619915940193,-5.597603800840336
2,0,-0.0056650275364518166,-0.0056650275364518166,0.12973117162295011,-5.6032688283767875
2,0,-0.002001166809350252,-0.002001166809350252,0.12773000481359986,-5.605269995186138
2,0,-0.013916865922510624,-0.013916865922510624,0.11381313889108924,-5.619186861108648
2,0,-0.039131175726652145,-0.039131175726652145,0.07468196316443709,-5.6583180368353005
1,0,0.001295146532356739,0.001295146532356739,0.07597710969679383,-5.657022890302944
0,2,-0.003921781200915575,-0.005921781200915575,0.07205532849587826,-5.662944671503859
2,1,0.0,-0.001,0.07205532849587826,-5.6639446715038595
1,1,0.0,0.0,0.07205532849587826,-5.6639446715038595
2,1,0.0,0.0,0.07205532849587826,-5.6639446715038595
2,1,0.0,0.0,0.07205532849587826,-5.6639446715038595
0,1,-0.0,-0.0,0.07205532849587826,-5.6639446715038595
1,1,0.0,0.0,0.07205532849587826,-5.6639446715038595
1,1,0.0,0.0,0.07205532849587826,-5.6639446715038595
2,1,0.0,0.0,0.07205532849587826,-5.6639446715038595
0,1,-0.0,-0.0,0.07205532849587826,-5.6639446715038595
1,1,-0.0,-0.0,0.07205532849587826,-5.6639446715038595
2,1,0.0,0.0,0.07205532849587826,-5.6639446715038595
1,1,-0.0,-0.0,0.07205532849587826,-5.6639446715038595
2,1,0.0,0.0,0.07205532849587826,-5.6639446715038595
1,1,-0.0,-0.0,0.07205532849587826,-5.6639446715038595
2,1,0.0,0.0,0.07205532849587826,-5.6639446715038595
1,1,0.0,0.0,0.07205532849587826,-5.6639446715038595
1,1,0.0,0.0,0.07205532849587826,-5.6639446715038595
1,1,-0.0,-0.0,0.07205532849587826,-5.6639446715038595
1,1,0.0,0.0,0.07205532849587826,-5.6639446715038595
0,1,-0.0,-0.0,0.07205532849587826,-5.6639446715038595
1,0,-0.0018793357303366065,-0.0028793357303366065,0.07017599276554165,-5.666824007234196
2,1,0.0,-0.001,0.07017599276554165,-5.667824007234197
2,2,0.005041991360485554,0.004041991360485554,0.0752179841260272,-5.6637820158737116
1,1,-0.0,-0.001,0.0752179841260272,-5.664782015873712
0,1,-0.0,-0.0,0.0752179841260272,-5.664782015873712
2,1,0.0,0.0,0.0752179841260272,-5.664782015873712
1,1,-0.0,-0.0,0.0752179841260272,-5.664782015873712
1,1,0.0,0.0,0.0752179841260272,-5.664782015873712
1,1,-0.0,-0.0,0.0752179841260272,-5.664782015873712
2,1,0.0,0.0,0.0752179841260272,-5.664782015873712
2,1,0.0,0.0,0.0752179841260272,-5.664782015873712
2,1,0.0,0.0,0.0752179841260272,-5.664782015873712
0,0,0.009219758212566376,0.008219758212566375,0.08443774233859358,-5.656562257661146
1,2,0.0009537396836094558,-0.0010462603163905442,0.08539148202220304,-5.657608517977536
2,1,0.0,-0.001,0.08539148202220304,-5.6586085179775365
2,1,0.0,0.0,0.08539148202220304,-5.6586085179775365
2,0,-0.0022959408815950155,-0.0032959408815950155,0.08309554114060802,-5.661904458859132
2,0,-0.008718959987163544,-0.008718959987163544,0.07437658115344448,-5.670623418846295
2,0,-0.03792243078351021,-0.03792243078351021,0.03645415036993427,-5.708545849629806
0,0,0.0171453058719635,0.0171453058719635,0.05359945624189777,-5.691400543757842
1,2,-0.0012932127574458718,-0.003293212757445872,0.0523062434844519,-5.694693756515288
0,1,-0.0,-0.001,0.0523062434844519,-5.695693756515288
2,1,0.0,0.0,0.0523062434844519,-5.695693756515288
1,1,0.0,0.0,0.0523062434844519,-5.695693756515288
1,1,0.0,0.0,0.0523062434844519,-5.695693756515288
1,1,-0.0,-0.0,0.0523062434844519,-5.695693756515288
1,1,0.0,0.0,0.0523062434844519,-5.695693756515288
1,1,-0.0,-0.0,0.0523062434844519,-5.695693756515288
1,1,-0.0,-0.0,0.0523062434844519,-5.695693756515288
1,1,-0.0,-0.0,0.0523062434844519,-5.695693756515288
2,1,0.0,0.0,0.0523062434844519,-5.695693756515288
2,1,0.0,0.0,0.0523062434844519,-5.695693756515288
1,1,-0.0,-0.0,0.0523062434844519,-5.695693756515288
1,1,-0.0,-0.0,0.0523062434844519,-5.695693756515288
0,1,-0.0,-0.0,0.0523062434844519,-5.695693756515288
1,1,-0.0,-0.0,0.0523062434844519,-5.695693756515288
2,1,0.0,0.0,0.0523062434844519,-5.695693756515288
1,1,-0.0,-0.0,0.0523062434844519,-5.695693756515288
1,1,0.0,0.0,0.0523062434844519,-5.695693756515288
0,1,-0.0,-0.0,0.0523062434844519,-5.695693756515288
1,2,0.0013603947591036558,0.0003603947591036558,0.05366663824355555,-5.695333361756185
0,2,-0.0025444647762924433,-0.0025444647762924433,0.05112217346726311,-5.697877826532477
1,2,-0.0010178659576922655,-0.0010178659576922655,0.050104307509570845,-5.6988956924901695
0,1,-0.0,-0.001,0.050104307509570845,-5.69989569249017
1,2,-0.0011164778843522072,-0.002116477884352207,0.04898782962521864,-5.702012170374522
2,2,0.0019988843705505133,0.0019988843705505133,0.05098671399576915,-5.700013286003972
2,2,0.0022048791870474815,0.0022048791870474815,0.05319159318281663,-5.697808406816924
1,1,-0.0,-0.001,0.05319159318281663,-5.698808406816925
0,1,-0.0,-0.0,0.05319159318281663,-5.698808406816925
1,2,-0.00032198475673794746,-0.0013219847567379475,0.052869608426078685,-5.700130391573663
2,2,0.004008384421467781,0.004008384421467781,0.056877992847546466,-5.696122007152195
1,1,-0.0,-0.001,0.056877992847546466,-5.6971220071521955
1,2,-0.0002607808855827898,-0.0012607808855827898,0.056617211961963676,-5.698382788037779
2,1,0.0,-0.001,0.056617211961963676,-5.699382788037779
0,1,-0.0,-0.0,0.056617211961963676,-5.699382788037779
0,2,-0.005911502055823803,-0.006911502055823803,0.05070570990613987,-5.706294290093603
2,2,0.0018426593160256743,0.0018426593160256743,0.05254836922216555,-5.704451630777577
1,2,0.00100173510145396,0.00100173510145396,0.05355010432361951,-5.7034498956761235
2,0,-0.00295017147436738,-0.00495017147436738,0.05059993284925213,-5.708400067150491
0,0,0.0014545650919899344,0.0014545650919899344,0.05205449794124206,-5.706945502058501
0,2,-0.0014368341071531177,-0.0034368341071531177,0.050617663834088944,-5.710382336165654
0,2,-0.0019686082378029823,-0.0019686082378029823,0.04864905559628596,-5.712350944403457
0,2,-0.004245043732225895,-0.004245043732225895,0.04440401186406007,-5.7165959881356825
0,2,-0.007187855429947376,-0.007187855429947376,0.03721615643411269,-5.72378384356563
1,0,-0.0005728545365855098,-0.00257285453658551,0.03664330189752718,-5.726356698102215
0,2,-0.0011810335563495755,-0.0031810335563495756,0.035462268341177605,-5.7295377316585645
2,2,0.00628697220236063,0.00628697220236063,0.041749240543538235,-5.723250759456204
1,0,-0.0008297369349747896,-0.0028297369349747897,0.040919503608563446,-5.726080496391178
2,2,0.0031351204961538315,0.0011351204961538314,0.04405462410471728,-5.724945375895024
2,0,-0.006757525727152824,-0.008757525727152824,0.03729709837756445,-5.733702901622177
0,0,0.0013593327021226287,0.0013593327021226287,0.03865643107968708,-5.732343568920054
2,0,-0.0036410074681043625,-0.0036410074681043625,0.03501542361158272,-5.735984576388159
0,0,0.0039000881370157003,0.0039000881370157003,0.03891551174859842,-5.732084488251143
1,0,0.00038706217310391366,0.00038706217310391366,0.03930257392170233,-5.731697426078039
2,2,0.003541721263900399,0.0015417212639003992,0.04284429518560273,-5.7301557048141385
0,0,0.003278912277892232,0.001278912277892232,0.046123207463494964,-5.728876792536246
2,0,-0.0021430468186736107,-0.0021430468186736107,0.04398016064482135,-5.73101983935492
1,0,-0.00005210488598095253,-0.00005210488598095253,0.0439280557588404,-5.731071944240901
1,0,-0.0007184602436609566,-0.0007184602436609566,0.043209595515179444,-5.731790404484562
2,0,-0.005561008583754301,-0.005561008583754301,0.03764858693142514,-5.737351413068316
0,0,0.003015466732904315,0.003015466732904315,0.04066405366432946,-5.7343359463354115
2,2,0.0017397480551153421,-0.0002602519448846579,0.0424038017194448,-5.734596198280296
1,0,0.0007013548165559769,-0.0012986451834440232,0.04310515653600078,-5.73589484346374
0,0,0.009798165410757065,0.009798165410757065,0.05290332194675784,-5.726096678052983
2,2,0.007209709379822016,0.005209709379822016,0.06011303132657986,-5.7208869686731605
0,2,-0.007067757658660412,-0.007067757658660412,0.053045273667919446,-5.727954726331821
1,2,-0.00046258719521574676,-0.00046258719521574676,0.0525826864727037,-5.728417313527037
2,2,0.0032712158281356096,0.0032712158281356096,0.05585390230083931,-5.725146097698901
2,2,0.004073770716786385,0.004073770716786385,0.05992767301762569,-5.721072326982115
0,0,0.002031124196946621,0.0000311241969466209,0.061958797214572314,-5.721041202785168
0,2,-0.003442599670961499,-0.005442599670961499,0.058516197543610815,-5.726483802456129
2,2,0.00663165096193552,0.00663165096193552,0.06514784850554634,-5.719852151494194
1,0,-0.0008138103294186294,-0.0028138103294186294,0.0643340381761277,-5.722665961823612
2,2,0.010591222904622555,0.008591222904622555,0.07492526108075026,-5.714074738918989
2,0,-0.009090461768209934,-0.011090461768209934,0.06583479931254033,-5.725165200687199
0,0,0.007124867755919695,0.007124867755919695,0.07295966706846002,-5.718040332931279
2,0,-0.011548244394361973,-0.011548244394361973,0.06141142267409805,-5.729588577325641
0,0,0.005181369371712208,0.005181369371712208,0.06659279204581026,-5.724407207953929
1,0,0.0006627985276281834,0.0006627985276281834,0.06725559057343844,-5.723744409426301
0,2,-0.0036304746754467487,-0.005630474675446749,0.06362511589799169,-5.729374884101747
2,2,0.002120750956237316,0.002120750956237316,0.06574586685422901,-5.72725413314551
0,1,-0.0,-0.001,0.06574586685422901,-5.72825413314551
2,1,0.0,0.0,0.06574586685422901,-5.72825413314551
1,1,0.0,0.0,0.06574586685422901,-5.72825413314551
0,1,-0.0,-0.0,0.06574586685422901,-5.72825413314551
2,1,0.0,0.0,0.06574586685422901,-5.72825413314551
2,1,0.0,0.0,0.06574586685422901,-5.72825413314551
1,0,-0.0011031035101041198,-0.00210310351010412,0.06464276334412489,-5.730357236655615
2,1,0.0,-0.001,0.06464276334412489,-5.731357236655615
0,0,0.0020059875678271055,0.0010059875678271055,0.06664875091195199,-5.730351249087788
1,0,0.0015452742809429765,0.0015452742809429765,0.06819402519289497,-5.728805974806845
2,0,-0.004570833407342434,-0.004570833407342434,0.06362319178555254,-5.733376808214188
0,0,0.001956654479727149,0.001956654479727149,0.06557984626527968,-5.731420153734461
0,1,-0.0,-0.001,0.06557984626527968,-5.732420153734461
2,1,0.0,0.0,0.06557984626527968,-5.732420153734461
0,1,-0.0,-0.0,0.06557984626527968,-5.732420153734461
1,2,0.0015448892954736948,0.0005448892954736948,0.06712473556075338,-5.731875264438988
0,1,-0.0,-0.001,0.06712473556075338,-5.732875264438988
0,2,-0.0017456266796216369,-0.002745626679621637,0.06537910888113174,-5.73562089111861
0,2,-0.00421258294954896,-0.00421258294954896,0.06116652593158278,-5.739833474068159
2,2,0.007448541931807995,0.007448541931807995,0.06861506786339078,-5.732384932136351
2,1,0.0,-0.001,0.06861506786339078,-5.733384932136351
0,1,-0.0,-0.0,0.06861506786339078,-5.733384932136351
1,1,0.0,0.0,0.06861506786339078,-5.733384932136351
1,1,-0.0,-0.0,0.06861506786339078,-5.733384932136351
0,1,-0.0,-0.0,0.06861506786339078,-5.733384932136351
0,1,-0.0,-0.0,0.06861506786339078,-5.733384932136351
2,2,0.0046419138088822365,0.0036419138088822365,0.07325698167227301,-5.729743018327469
